Well_ID,Well_Name,Field_Location,Date,Oil_Production_BBL,Gas_Production_MSCF,Water_Cut_Percentage,Downtime_Hours,Equipment_Status
WELL_001,Delta-A-01,Niger Delta Onshore,1/1/2024,2658,8834,12.03,2,Active
WELL_001,Delta-A-01,Niger Delta Offshore,1/2/2024,2577,8907,12.04,3,Active
WELL_001,Delta-A-01,Niger Delta Onshore,1/3/2024,1787,6289,12.09,9,Maintenance
WELL_001,Delta-A-01,Niger Delta Onshore,1/4/2024,2661,8802,12.12,1,Active
WELL_001,Delta-A-01,Niger Delta Onshore,1/5/2024,2631,8766,12.15,3,Active
WELL_001,Delta-A-01,Niger Delta Onshore,1/6/2024,2626,8813,12.18,3,Active
WELL_001,Delta-A-01,Niger Delta Onshore,1/7/2024,2643,8914,12.19,0,Active
WELL_001,Delta-A-01,Niger Delta Offshore,1/8/2024,776,2612,12.21,11,Failed
WELL_001,Delta-A-01,Niger Delta Offshore,1/9/2024,2612,8751,12.22,2,Active
WELL_001,Delta-A-01,Niger Delta Offshore,1/10/2024,2571,8743,12.25,1,Active
WELL_001,Delta-A-01,Niger Delta Offshore,1/11/2024,2660,8930,12.29,1,Active
WELL_001,Delta-A-01,Niger Delta Offshore,1/12/2024,269,815,12.31,23,Failed
WELL_001,Delta-A-01,Niger Delta Onshore,1/13/2024,2627,8775,12.36,0,Active
WELL_001,Delta-A-01,Niger Delta Offshore,1/14/2024,2588,8887,12.41,0,Active
WELL_001,Delta-A-01,Niger Delta Onshore,1/15/2024,2592,8746,12.42,0,Active
WELL_001,Delta-A-01,Niger Delta Onshore,1/16/2024,128,2027,12.44,17,Failed
WELL_001,Delta-A-01,Niger Delta Onshore,1/17/2024,1782,6232,12.49,4,Maintenance
WELL_001,Delta-A-01,Niger Delta Offshore,1/18/2024,2602,8753,12.53,2,Active
WELL_001,Delta-A-01,Niger Delta Onshore,1/19/2024,2608,8874,12.57,0,Active
WELL_001,Delta-A-01,Niger Delta Onshore,1/20/2024,2645,8756,12.6,3,Active
WELL_001,Delta-A-01,Niger Delta Onshore,1/21/2024,768,1028,12.63,12,Failed
WELL_001,Delta-A-01,Niger Delta Offshore,1/22/2024,2567,8732,12.64,2,Active
WELL_001,Delta-A-01,Niger Delta Offshore,1/23/2024,2653,8767,12.68,2,Active
WELL_001,Delta-A-01,Niger Delta Offshore,1/24/2024,230,1678,12.72,16,Failed
WELL_001,Delta-A-01,Niger Delta Onshore,1/25/2024,698,1819,12.76,16,Failed
WELL_001,Delta-A-01,Niger Delta Offshore,1/26/2024,2561,8737,12.8,0,Active
WELL_001,Delta-A-01,Niger Delta Offshore,1/27/2024,2629,8835,12.85,1,Active
WELL_001,Delta-A-01,Niger Delta Offshore,1/28/2024,2650,8834,12.87,1,Active
WELL_001,Delta-A-01,Niger Delta Onshore,1/29/2024,2555,8806,12.88,0,Active
WELL_001,Delta-A-01,Niger Delta Offshore,1/30/2024,2648,8752,12.9,0,Active
WELL_001,Delta-A-01,Niger Delta Offshore,1/31/2024,671,1631,12.94,15,Failed
WELL_001,Delta-A-01,Niger Delta Onshore,2/1/2024,2608,8749,12.96,0,Active
WELL_001,Delta-A-01,Niger Delta Offshore,2/2/2024,2605,8776,12.98,0,Active
WELL_001,Delta-A-01,Niger Delta Offshore,2/3/2024,2635,8822,13,1,Active
WELL_001,Delta-A-01,Niger Delta Offshore,2/4/2024,2579,8889,13.02,1,Active
WELL_001,Delta-A-01,Niger Delta Offshore,2/5/2024,2564,8727,13.04,3,Active
WELL_001,Delta-A-01,Niger Delta Offshore,2/6/2024,510,2191,13.08,15,Failed
WELL_001,Delta-A-01,Niger Delta Onshore,2/7/2024,2638,8688,13.12,3,Active
WELL_001,Delta-A-01,Niger Delta Onshore,2/8/2024,2611,8830,13.14,1,Active
WELL_001,Delta-A-01,Niger Delta Offshore,2/9/2024,2583,8809,13.17,0,Active
WELL_001,Delta-A-01,Niger Delta Offshore,2/10/2024,2600,8857,13.22,3,Active
WELL_001,Delta-A-01,Niger Delta Offshore,2/11/2024,2558,8767,13.27,2,Active
WELL_001,Delta-A-01,Niger Delta Onshore,2/12/2024,2542,8723,13.32,1,Active
WELL_001,Delta-A-01,Niger Delta Onshore,2/13/2024,8,1682,13.36,20,Failed
WELL_001,Delta-A-01,Niger Delta Onshore,2/14/2024,1784,6165,13.4,9,Maintenance
WELL_001,Delta-A-01,Niger Delta Onshore,2/15/2024,2623,8781,13.41,1,Active
WELL_001,Delta-A-01,Niger Delta Onshore,2/16/2024,337,956,13.43,11,Failed
WELL_001,Delta-A-01,Niger Delta Offshore,2/17/2024,2558,8713,13.47,1,Active
WELL_001,Delta-A-01,Niger Delta Offshore,2/18/2024,2553,8791,13.51,2,Active
WELL_001,Delta-A-01,Niger Delta Onshore,2/19/2024,2557,8819,13.55,1,Active
WELL_001,Delta-A-01,Niger Delta Offshore,2/20/2024,2562,8686,13.6,3,Active
WELL_001,Delta-A-01,Niger Delta Offshore,2/21/2024,2598,8854,13.62,2,Active
WELL_001,Delta-A-01,Niger Delta Offshore,2/22/2024,2597,8704,13.63,2,Active
WELL_001,Delta-A-01,Niger Delta Onshore,2/23/2024,45,2565,13.65,22,Failed
WELL_001,Delta-A-01,Niger Delta Onshore,2/24/2024,496,301,13.7,22,Failed
WELL_001,Delta-A-01,Niger Delta Onshore,2/25/2024,190,2300,13.73,13,Failed
WELL_001,Delta-A-01,Niger Delta Offshore,2/26/2024,2548,8672,13.75,2,Active
WELL_001,Delta-A-01,Niger Delta Onshore,2/27/2024,2575,8669,13.77,3,Active
WELL_001,Delta-A-01,Niger Delta Offshore,2/28/2024,638,154,13.79,11,Failed
WELL_001,Delta-A-01,Niger Delta Onshore,2/29/2024,2536,8684,13.83,0,Active
WELL_001,Delta-A-01,Niger Delta Offshore,3/1/2024,2553,8738,13.85,2,Active
WELL_001,Delta-A-01,Niger Delta Offshore,3/2/2024,35,684,13.87,19,Failed
WELL_001,Delta-A-01,Niger Delta Offshore,3/3/2024,2539,8750,13.89,3,Active
WELL_001,Delta-A-01,Niger Delta Onshore,3/4/2024,2611,8824,13.9,3,Active
WELL_001,Delta-A-01,Niger Delta Onshore,3/5/2024,2545,8689,13.95,1,Active
WELL_001,Delta-A-01,Niger Delta Onshore,3/6/2024,2538,8683,13.98,1,Active
WELL_001,Delta-A-01,Niger Delta Offshore,3/7/2024,2582,8735,14.01,0,Active
WELL_001,Delta-A-01,Niger Delta Offshore,3/8/2024,1827,6014,14.05,7,Maintenance
WELL_001,Delta-A-01,Niger Delta Onshore,3/9/2024,2550,8770,14.09,0,Active
WELL_001,Delta-A-01,Niger Delta Onshore,3/10/2024,2574,8711,14.1,1,Active
WELL_001,Delta-A-01,Niger Delta Offshore,3/11/2024,2528,8759,14.13,2,Active
WELL_001,Delta-A-01,Niger Delta Offshore,3/12/2024,95,1141,14.17,11,Failed
WELL_001,Delta-A-01,Niger Delta Onshore,3/13/2024,271,1212,14.21,10,Failed
WELL_001,Delta-A-01,Niger Delta Onshore,3/14/2024,2583,8689,14.24,0,Active
WELL_001,Delta-A-01,Niger Delta Offshore,3/15/2024,1756,6022,14.26,4,Maintenance
WELL_001,Delta-A-01,Niger Delta Offshore,3/16/2024,1796,6095,14.27,7,Maintenance
WELL_001,Delta-A-01,Niger Delta Offshore,3/17/2024,1759,6050,14.3,7,Maintenance
WELL_001,Delta-A-01,Niger Delta Offshore,3/18/2024,179,2489,14.33,13,Failed
WELL_001,Delta-A-01,Niger Delta Offshore,3/19/2024,2528,8627,14.37,3,Active
WELL_001,Delta-A-01,Niger Delta Offshore,3/20/2024,2543,8685,14.41,3,Active
WELL_001,Delta-A-01,Niger Delta Onshore,3/21/2024,2544,8788,14.44,0,Active
WELL_001,Delta-A-01,Niger Delta Offshore,3/22/2024,2543,8765,14.48,0,Active
WELL_001,Delta-A-01,Niger Delta Onshore,3/23/2024,2604,8641,14.5,3,Active
WELL_001,Delta-A-01,Niger Delta Offshore,3/24/2024,2589,8683,14.52,2,Active
WELL_001,Delta-A-01,Niger Delta Offshore,3/25/2024,2541,8706,14.54,1,Active
WELL_001,Delta-A-01,Niger Delta Onshore,3/26/2024,2582,8746,14.55,1,Active
WELL_001,Delta-A-01,Niger Delta Offshore,3/27/2024,1754,6067,14.58,4,Maintenance
WELL_001,Delta-A-01,Niger Delta Onshore,3/28/2024,1816,5963,14.6,4,Maintenance
WELL_001,Delta-A-01,Niger Delta Onshore,3/29/2024,2566,8620,14.62,2,Active
WELL_001,Delta-A-01,Niger Delta Onshore,3/30/2024,1814,6028,14.65,4,Maintenance
WELL_001,Delta-A-01,Niger Delta Onshore,3/31/2024,2592,8665,14.67,3,Active
WELL_001,Delta-A-01,Niger Delta Onshore,4/1/2024,2563,8724,14.68,3,Active
WELL_001,Delta-A-01,Niger Delta Onshore,4/2/2024,505,1390,14.7,13,Failed
WELL_001,Delta-A-01,Niger Delta Onshore,4/3/2024,2552,8696,14.71,0,Active
WELL_001,Delta-A-01,Niger Delta Offshore,4/4/2024,1750,6022,14.76,4,Maintenance
WELL_001,Delta-A-01,Niger Delta Onshore,4/5/2024,2504,8732,14.81,2,Active
WELL_001,Delta-A-01,Niger Delta Offshore,4/6/2024,2574,8576,14.85,2,Active
WELL_001,Delta-A-01,Niger Delta Offshore,4/7/2024,1716,6081,14.89,9,Maintenance
WELL_001,Delta-A-01,Niger Delta Offshore,4/8/2024,2562,8568,14.92,2,Active
WELL_001,Delta-A-01,Niger Delta Onshore,4/9/2024,341,499,14.94,22,Failed
WELL_001,Delta-A-01,Niger Delta Offshore,4/10/2024,69,1810,14.98,13,Failed
WELL_001,Delta-A-01,Niger Delta Onshore,4/11/2024,2584,8576,14.99,1,Active
WELL_001,Delta-A-01,Niger Delta Offshore,4/12/2024,2585,8681,15,1,Active
WELL_001,Delta-A-01,Niger Delta Offshore,4/13/2024,1743,5896,15.04,4,Maintenance
WELL_001,Delta-A-01,Niger Delta Onshore,4/14/2024,368,823,15.07,21,Failed
WELL_001,Delta-A-01,Niger Delta Onshore,4/15/2024,684,2220,15.08,21,Failed
WELL_001,Delta-A-01,Niger Delta Offshore,4/16/2024,2565,8711,15.12,0,Active
WELL_001,Delta-A-01,Niger Delta Onshore,4/17/2024,2538,8559,15.14,2,Active
WELL_001,Delta-A-01,Niger Delta Onshore,4/18/2024,2491,8687,15.18,1,Active
WELL_001,Delta-A-01,Niger Delta Offshore,4/19/2024,2503,8741,15.2,3,Active
WELL_001,Delta-A-01,Niger Delta Offshore,4/20/2024,2579,8703,15.23,3,Active
WELL_001,Delta-A-01,Niger Delta Offshore,4/21/2024,2578,8638,15.28,3,Active
WELL_001,Delta-A-01,Niger Delta Onshore,4/22/2024,2502,8696,15.31,2,Active
WELL_001,Delta-A-01,Niger Delta Offshore,4/23/2024,2497,8579,15.32,0,Active
WELL_001,Delta-A-01,Niger Delta Offshore,4/24/2024,449,9,15.37,14,Failed
WELL_001,Delta-A-01,Niger Delta Offshore,4/25/2024,2516,8647,15.41,0,Active
WELL_001,Delta-A-01,Niger Delta Onshore,4/26/2024,281,62,15.44,20,Failed
WELL_001,Delta-A-01,Niger Delta Onshore,4/27/2024,1726,5965,15.45,8,Maintenance
WELL_001,Delta-A-01,Niger Delta Onshore,4/28/2024,2535,8529,15.48,3,Active
WELL_001,Delta-A-01,Niger Delta Onshore,4/29/2024,770,1460,15.52,15,Failed
WELL_001,Delta-A-01,Niger Delta Onshore,4/30/2024,82,1168,15.54,19,Failed
WELL_001,Delta-A-01,Niger Delta Onshore,5/1/2024,2523,8521,15.56,2,Active
WELL_001,Delta-A-01,Niger Delta Offshore,5/2/2024,1781,5952,15.57,5,Maintenance
WELL_001,Delta-A-01,Niger Delta Onshore,5/3/2024,2479,8636,15.59,1,Active
WELL_001,Delta-A-01,Niger Delta Onshore,5/4/2024,2569,8568,15.63,0,Active
WELL_001,Delta-A-01,Niger Delta Onshore,5/5/2024,2560,8651,15.67,2,Active
WELL_001,Delta-A-01,Niger Delta Offshore,5/6/2024,737,1329,15.7,21,Failed
WELL_001,Delta-A-01,Niger Delta Onshore,5/7/2024,2536,8557,15.73,2,Active
WELL_001,Delta-A-01,Niger Delta Onshore,5/8/2024,1714,5951,15.78,7,Maintenance
WELL_001,Delta-A-01,Niger Delta Offshore,5/9/2024,1739,5988,15.81,5,Maintenance
WELL_001,Delta-A-01,Niger Delta Onshore,5/10/2024,2505,8505,15.83,0,Active
WELL_001,Delta-A-01,Niger Delta Onshore,5/11/2024,2545,8612,15.87,2,Active
WELL_001,Delta-A-01,Niger Delta Offshore,5/12/2024,2544,8613,15.9,2,Active
WELL_001,Delta-A-01,Niger Delta Onshore,5/13/2024,2493,8688,15.95,3,Active
WELL_001,Delta-A-01,Niger Delta Onshore,5/14/2024,2528,8613,15.97,1,Active
WELL_001,Delta-A-01,Niger Delta Offshore,5/15/2024,2509,8550,15.98,3,Active
WELL_001,Delta-A-01,Niger Delta Onshore,5/16/2024,2478,8577,16.03,0,Active
WELL_001,Delta-A-01,Niger Delta Onshore,5/17/2024,2492,8558,16.04,0,Active
WELL_001,Delta-A-01,Niger Delta Offshore,5/18/2024,2520,8577,16.06,2,Active
WELL_001,Delta-A-01,Niger Delta Onshore,5/19/2024,2499,8482,16.07,1,Active
WELL_001,Delta-A-01,Niger Delta Offshore,5/20/2024,2510,8606,16.12,2,Active
WELL_001,Delta-A-01,Niger Delta Offshore,5/21/2024,2540,8607,16.16,2,Active
WELL_001,Delta-A-01,Niger Delta Offshore,5/22/2024,2468,8478,16.2,2,Active
WELL_001,Delta-A-01,Niger Delta Onshore,5/23/2024,2478,8511,16.23,3,Active
WELL_001,Delta-A-01,Niger Delta Onshore,5/24/2024,2487,8510,16.26,2,Active
WELL_001,Delta-A-01,Niger Delta Offshore,5/25/2024,2503,8494,16.3,1,Active
WELL_001,Delta-A-01,Niger Delta Offshore,5/26/2024,2525,8576,16.33,1,Active
WELL_001,Delta-A-01,Niger Delta Onshore,5/27/2024,2465,8633,16.36,1,Active
WELL_001,Delta-A-01,Niger Delta Offshore,5/28/2024,2462,8643,16.39,0,Active
WELL_001,Delta-A-01,Niger Delta Offshore,5/29/2024,2525,8582,16.41,2,Active
WELL_001,Delta-A-01,Niger Delta Offshore,5/30/2024,2459,8553,16.43,1,Active
WELL_001,Delta-A-01,Niger Delta Offshore,5/31/2024,1669,5830,16.46,4,Maintenance
WELL_001,Delta-A-01,Niger Delta Offshore,6/1/2024,321,467,16.51,15,Failed
WELL_001,Delta-A-01,Niger Delta Offshore,6/2/2024,2546,8632,16.55,1,Active
WELL_001,Delta-A-01,Niger Delta Onshore,6/3/2024,2477,8630,16.59,3,Active
WELL_001,Delta-A-01,Niger Delta Offshore,6/4/2024,2519,8468,16.61,1,Active
WELL_001,Delta-A-01,Niger Delta Offshore,6/5/2024,2451,8537,16.65,2,Active
WELL_001,Delta-A-01,Niger Delta Onshore,6/6/2024,2549,8522,16.68,2,Active
WELL_001,Delta-A-01,Niger Delta Offshore,6/7/2024,2458,8448,16.69,3,Active
WELL_001,Delta-A-01,Niger Delta Onshore,6/8/2024,2449,8525,16.71,3,Active
WELL_001,Delta-A-01,Niger Delta Onshore,6/9/2024,2522,8582,16.74,0,Active
WELL_001,Delta-A-01,Niger Delta Offshore,6/10/2024,1727,5841,16.78,4,Maintenance
WELL_001,Delta-A-01,Niger Delta Onshore,6/11/2024,2520,8572,16.8,3,Active
WELL_001,Delta-A-01,Niger Delta Onshore,6/12/2024,2508,8583,16.81,3,Active
WELL_001,Delta-A-01,Niger Delta Onshore,6/13/2024,2457,8491,16.83,0,Active
WELL_001,Delta-A-01,Niger Delta Onshore,6/14/2024,2521,8583,16.88,2,Active
WELL_001,Delta-A-01,Niger Delta Offshore,6/15/2024,1672,5809,16.9,4,Maintenance
WELL_001,Delta-A-01,Niger Delta Onshore,6/16/2024,2479,8522,16.94,2,Active
WELL_001,Delta-A-01,Niger Delta Offshore,6/17/2024,2537,8617,16.98,0,Active
WELL_001,Delta-A-01,Niger Delta Onshore,6/18/2024,2490,8619,17.02,2,Active
WELL_001,Delta-A-01,Niger Delta Onshore,6/19/2024,2503,8434,17.07,1,Active
WELL_001,Delta-A-01,Niger Delta Onshore,6/20/2024,2465,8581,17.12,2,Active
WELL_001,Delta-A-01,Niger Delta Offshore,6/21/2024,2464,8598,17.13,0,Active
WELL_001,Delta-A-01,Niger Delta Offshore,6/22/2024,2441,8536,17.17,1,Active
WELL_001,Delta-A-01,Niger Delta Onshore,6/23/2024,1735,5933,17.2,7,Maintenance
WELL_001,Delta-A-01,Niger Delta Offshore,6/24/2024,2482,8477,17.24,0,Active
WELL_001,Delta-A-01,Niger Delta Onshore,6/25/2024,2470,8443,17.28,2,Active
WELL_001,Delta-A-01,Niger Delta Offshore,6/26/2024,2507,8509,17.31,2,Active
WELL_001,Delta-A-01,Niger Delta Onshore,6/27/2024,2478,8510,17.33,1,Active
WELL_001,Delta-A-01,Niger Delta Onshore,6/28/2024,2520,8512,17.37,1,Active
WELL_001,Delta-A-01,Niger Delta Onshore,6/29/2024,323,1863,17.4,13,Failed
WELL_001,Delta-A-01,Niger Delta Offshore,6/30/2024,2439,8448,17.44,1,Active
WELL_001,Delta-A-01,Niger Delta Onshore,7/1/2024,1664,5738,17.46,6,Maintenance
WELL_001,Delta-A-01,Niger Delta Offshore,7/2/2024,2482,8450,17.48,3,Active
WELL_001,Delta-A-01,Niger Delta Onshore,7/3/2024,2442,8540,17.51,3,Active
WELL_001,Delta-A-01,Niger Delta Onshore,7/4/2024,2484,8506,17.54,3,Active
WELL_001,Delta-A-01,Niger Delta Onshore,7/5/2024,2516,8462,17.59,0,Active
WELL_001,Delta-A-01,Niger Delta Onshore,7/6/2024,2516,8402,17.62,1,Active
WELL_001,Delta-A-01,Niger Delta Offshore,7/7/2024,2478,8535,17.65,2,Active
WELL_001,Delta-A-01,Niger Delta Onshore,7/8/2024,2456,8558,17.69,3,Active
WELL_001,Delta-A-01,Niger Delta Offshore,7/9/2024,2508,8428,17.71,3,Active
WELL_001,Delta-A-01,Niger Delta Onshore,7/10/2024,2508,8440,17.76,3,Active
WELL_001,Delta-A-01,Niger Delta Onshore,7/11/2024,2434,8554,17.78,3,Active
WELL_001,Delta-A-01,Niger Delta Offshore,7/12/2024,2449,8422,17.79,1,Active
WELL_001,Delta-A-01,Niger Delta Onshore,7/13/2024,1649,5714,17.83,6,Maintenance
WELL_001,Delta-A-01,Niger Delta Offshore,7/14/2024,2511,8482,17.86,1,Active
WELL_001,Delta-A-01,Niger Delta Onshore,7/15/2024,1631,5717,17.9,7,Maintenance
WELL_001,Delta-A-01,Niger Delta Onshore,7/16/2024,1703,5817,17.93,5,Maintenance
WELL_001,Delta-A-01,Niger Delta Offshore,7/17/2024,2448,8541,17.98,3,Active
WELL_001,Delta-A-01,Niger Delta Offshore,7/18/2024,2482,8548,18.01,2,Active
WELL_001,Delta-A-01,Niger Delta Onshore,7/19/2024,2482,8410,18.04,2,Active
WELL_001,Delta-A-01,Niger Delta Offshore,7/20/2024,2510,8445,18.08,2,Active
WELL_001,Delta-A-01,Niger Delta Onshore,7/21/2024,1662,5879,18.1,7,Maintenance
WELL_001,Delta-A-01,Niger Delta Onshore,7/22/2024,2419,8427,18.11,1,Active
WELL_001,Delta-A-01,Niger Delta Offshore,7/23/2024,1642,5729,18.15,8,Maintenance
WELL_001,Delta-A-01,Niger Delta Offshore,7/24/2024,1643,5702,18.17,8,Maintenance
WELL_001,Delta-A-01,Niger Delta Offshore,7/25/2024,2422,8367,18.21,2,Active
WELL_001,Delta-A-01,Niger Delta Offshore,7/26/2024,1719,5740,18.23,4,Maintenance
WELL_001,Delta-A-01,Niger Delta Offshore,7/27/2024,279,592,18.27,21,Failed
WELL_001,Delta-A-01,Niger Delta Onshore,7/28/2024,127,735,18.3,16,Failed
WELL_001,Delta-A-01,Niger Delta Onshore,7/29/2024,2447,8533,18.33,0,Active
WELL_001,Delta-A-01,Niger Delta Onshore,7/30/2024,2410,8491,18.37,1,Active
WELL_001,Delta-A-01,Niger Delta Onshore,7/31/2024,2480,8405,18.41,0,Active
WELL_001,Delta-A-01,Niger Delta Onshore,8/1/2024,1654,5709,18.44,4,Maintenance
WELL_001,Delta-A-01,Niger Delta Onshore,8/2/2024,2490,8448,18.45,3,Active
WELL_001,Delta-A-01,Niger Delta Onshore,8/3/2024,2409,8497,18.48,2,Active
WELL_001,Delta-A-01,Niger Delta Onshore,8/4/2024,2412,8500,18.52,2,Active
WELL_001,Delta-A-01,Niger Delta Offshore,8/5/2024,2447,8389,18.54,1,Active
WELL_001,Delta-A-01,Niger Delta Onshore,8/6/2024,2453,8359,18.58,2,Active
WELL_001,Delta-A-01,Niger Delta Onshore,8/7/2024,2410,8485,18.62,3,Active
WELL_001,Delta-A-01,Niger Delta Offshore,8/8/2024,2497,8374,18.66,1,Active
WELL_001,Delta-A-01,Niger Delta Onshore,8/9/2024,2431,8353,18.69,3,Active
WELL_001,Delta-A-01,Niger Delta Onshore,8/10/2024,2478,8505,18.74,2,Active
WELL_001,Delta-A-01,Niger Delta Onshore,8/11/2024,2462,8386,18.75,1,Active
WELL_001,Delta-A-01,Niger Delta Onshore,8/12/2024,2438,8415,18.78,0,Active
WELL_001,Delta-A-01,Niger Delta Offshore,8/13/2024,2439,8488,18.8,1,Active
WELL_001,Delta-A-01,Niger Delta Onshore,8/14/2024,2438,8494,18.85,0,Active
WELL_001,Delta-A-01,Niger Delta Offshore,8/15/2024,1660,5694,18.86,4,Maintenance
WELL_001,Delta-A-01,Niger Delta Offshore,8/16/2024,1685,5763,18.9,8,Maintenance
WELL_001,Delta-A-01,Niger Delta Onshore,8/17/2024,2403,8444,18.93,0,Active
WELL_001,Delta-A-01,Niger Delta Offshore,8/18/2024,15,710,18.98,19,Failed
WELL_001,Delta-A-01,Niger Delta Onshore,8/19/2024,2397,8311,19,1,Active
WELL_001,Delta-A-01,Niger Delta Offshore,8/20/2024,2461,8354,19.05,3,Active
WELL_001,Delta-A-01,Niger Delta Onshore,8/21/2024,2427,8439,19.08,3,Active
WELL_001,Delta-A-01,Niger Delta Offshore,8/22/2024,2411,8399,19.09,2,Active
WELL_001,Delta-A-01,Niger Delta Onshore,8/23/2024,1639,5814,19.12,6,Maintenance
WELL_001,Delta-A-01,Niger Delta Onshore,8/24/2024,2390,8380,19.15,0,Active
WELL_001,Delta-A-01,Niger Delta Onshore,8/25/2024,2427,8393,19.17,3,Active
WELL_001,Delta-A-01,Niger Delta Offshore,8/26/2024,2414,8296,19.2,1,Active
WELL_001,Delta-A-01,Niger Delta Offshore,8/27/2024,38,813,19.23,20,Failed
WELL_001,Delta-A-01,Niger Delta Onshore,8/28/2024,2440,8295,19.27,1,Active
WELL_001,Delta-A-01,Niger Delta Onshore,8/29/2024,2407,8380,19.3,1,Active
WELL_001,Delta-A-01,Niger Delta Offshore,8/30/2024,2426,8417,19.33,2,Active
WELL_001,Delta-A-01,Niger Delta Onshore,8/31/2024,2417,8426,19.35,1,Active
WELL_001,Delta-A-01,Niger Delta Offshore,9/1/2024,398,963,19.37,18,Failed
WELL_001,Delta-A-01,Niger Delta Offshore,9/2/2024,1634,5735,19.39,8,Maintenance
WELL_001,Delta-A-01,Niger Delta Onshore,9/3/2024,1652,5686,19.44,6,Maintenance
WELL_001,Delta-A-01,Niger Delta Onshore,9/4/2024,583,1333,19.48,20,Failed
WELL_001,Delta-A-01,Niger Delta Onshore,9/5/2024,2474,8320,19.5,2,Active
WELL_001,Delta-A-01,Niger Delta Onshore,9/6/2024,773,1796,19.53,17,Failed
WELL_001,Delta-A-01,Niger Delta Onshore,9/7/2024,1607,5723,19.56,6,Maintenance
WELL_001,Delta-A-01,Niger Delta Onshore,9/8/2024,2456,8319,19.61,1,Active
WELL_001,Delta-A-01,Niger Delta Onshore,9/9/2024,1598,5717,19.65,9,Maintenance
WELL_001,Delta-A-01,Niger Delta Onshore,9/10/2024,2470,8264,19.7,1,Active
WELL_001,Delta-A-01,Niger Delta Offshore,9/11/2024,2380,8446,19.74,0,Active
WELL_001,Delta-A-01,Niger Delta Onshore,9/12/2024,2411,8274,19.78,2,Active
WELL_001,Delta-A-01,Niger Delta Onshore,9/13/2024,2449,8285,19.8,3,Active
WELL_001,Delta-A-01,Niger Delta Onshore,9/14/2024,2439,8282,19.82,1,Active
WELL_001,Delta-A-01,Niger Delta Offshore,9/15/2024,1661,5699,19.85,8,Maintenance
WELL_001,Delta-A-01,Niger Delta Offshore,9/16/2024,2425,8308,19.87,2,Active
WELL_001,Delta-A-01,Niger Delta Offshore,9/17/2024,2400,8245,19.9,0,Active
WELL_001,Delta-A-01,Niger Delta Onshore,9/18/2024,2425,8296,19.92,0,Active
WELL_001,Delta-A-01,Niger Delta Onshore,9/19/2024,1630,5747,19.93,4,Maintenance
WELL_001,Delta-A-01,Niger Delta Onshore,9/20/2024,1621,5633,19.96,8,Maintenance
WELL_001,Delta-A-01,Niger Delta Onshore,9/21/2024,1607,5680,19.98,5,Maintenance
WELL_001,Delta-A-01,Niger Delta Onshore,9/22/2024,2365,8306,20.01,3,Active
WELL_001,Delta-A-01,Niger Delta Onshore,9/23/2024,2408,8382,20.06,0,Active
WELL_001,Delta-A-01,Niger Delta Onshore,9/24/2024,2421,8417,20.09,1,Active
WELL_001,Delta-A-01,Niger Delta Offshore,9/25/2024,2390,8422,20.12,2,Active
WELL_001,Delta-A-01,Niger Delta Onshore,9/26/2024,1631,5642,20.17,7,Maintenance
WELL_001,Delta-A-01,Niger Delta Onshore,9/27/2024,1667,5629,20.19,7,Maintenance
WELL_001,Delta-A-01,Niger Delta Offshore,9/28/2024,1580,5677,20.22,4,Maintenance
WELL_001,Delta-A-01,Niger Delta Onshore,9/29/2024,2407,8229,20.26,1,Active
WELL_001,Delta-A-01,Niger Delta Onshore,9/30/2024,2455,8393,20.3,2,Active
WELL_001,Delta-A-01,Niger Delta Onshore,10/1/2024,2361,8322,20.33,0,Active
WELL_001,Delta-A-01,Niger Delta Offshore,10/2/2024,2381,8383,20.36,2,Active
WELL_001,Delta-A-01,Niger Delta Onshore,10/3/2024,2393,8222,20.4,0,Active
WELL_001,Delta-A-01,Niger Delta Offshore,10/4/2024,2355,8380,20.44,3,Active
WELL_001,Delta-A-01,Niger Delta Offshore,10/5/2024,2433,8329,20.46,2,Active
WELL_001,Delta-A-01,Niger Delta Offshore,10/6/2024,2431,8302,20.49,2,Active
WELL_001,Delta-A-01,Niger Delta Offshore,10/7/2024,1566,5542,20.52,8,Maintenance
WELL_001,Delta-A-01,Niger Delta Offshore,10/8/2024,2385,8261,20.56,0,Active
WELL_001,Delta-A-01,Niger Delta Offshore,10/9/2024,2429,8222,20.61,2,Active
WELL_001,Delta-A-01,Niger Delta Offshore,10/10/2024,2401,8201,20.65,0,Active
WELL_001,Delta-A-01,Niger Delta Onshore,10/11/2024,2350,8284,20.67,2,Active
WELL_001,Delta-A-01,Niger Delta Offshore,10/12/2024,557,526,20.69,19,Failed
WELL_001,Delta-A-01,Niger Delta Onshore,10/13/2024,2430,8196,20.71,1,Active
WELL_001,Delta-A-01,Niger Delta Offshore,10/14/2024,2347,8273,20.74,1,Active
WELL_001,Delta-A-01,Niger Delta Offshore,10/15/2024,2365,8201,20.78,3,Active
WELL_001,Delta-A-01,Niger Delta Onshore,10/16/2024,2381,8213,20.81,2,Active
WELL_001,Delta-A-01,Niger Delta Onshore,10/17/2024,1596,5657,20.85,9,Maintenance
WELL_001,Delta-A-01,Niger Delta Onshore,10/18/2024,2418,8298,20.89,0,Active
WELL_001,Delta-A-01,Niger Delta Offshore,10/19/2024,2433,8323,20.91,1,Active
WELL_001,Delta-A-01,Niger Delta Onshore,10/20/2024,2437,8175,20.94,3,Active
WELL_001,Delta-A-01,Niger Delta Onshore,10/21/2024,2416,8287,20.97,0,Active
WELL_001,Delta-A-01,Niger Delta Onshore,10/22/2024,2429,8343,21,2,Active
WELL_001,Delta-A-01,Niger Delta Onshore,10/23/2024,2382,8216,21.05,2,Active
WELL_001,Delta-A-01,Niger Delta Onshore,10/24/2024,2346,8171,21.09,1,Active
WELL_001,Delta-A-01,Niger Delta Offshore,10/25/2024,2412,8171,21.13,1,Active
WELL_001,Delta-A-01,Niger Delta Offshore,10/26/2024,1554,5587,21.17,9,Maintenance
WELL_001,Delta-A-01,Niger Delta Offshore,10/27/2024,1550,5628,21.2,5,Maintenance
WELL_001,Delta-A-01,Niger Delta Onshore,10/28/2024,2346,8244,21.23,1,Active
WELL_001,Delta-A-01,Niger Delta Onshore,10/29/2024,1564,5552,21.26,5,Maintenance
WELL_001,Delta-A-01,Niger Delta Offshore,10/30/2024,2385,8336,21.27,2,Active
WELL_001,Delta-A-01,Niger Delta Offshore,10/31/2024,2414,8301,21.3,1,Active
WELL_001,Delta-A-01,Niger Delta Onshore,11/1/2024,713,754,21.33,12,Failed
WELL_001,Delta-A-01,Niger Delta Offshore,11/2/2024,2427,8282,21.36,2,Active
WELL_001,Delta-A-01,Niger Delta Offshore,11/3/2024,23,403,21.4,19,Failed
WELL_001,Delta-A-01,Niger Delta Onshore,11/4/2024,2388,8295,21.43,3,Active
WELL_001,Delta-A-01,Niger Delta Offshore,11/5/2024,2425,8207,21.46,3,Active
WELL_001,Delta-A-01,Niger Delta Onshore,11/6/2024,2385,8264,21.48,1,Active
WELL_001,Delta-A-01,Niger Delta Offshore,11/7/2024,2341,8236,21.52,0,Active
WELL_001,Delta-A-01,Niger Delta Offshore,11/8/2024,297,939,21.55,16,Failed
WELL_001,Delta-A-01,Niger Delta Offshore,11/9/2024,2362,8174,21.57,0,Active
WELL_001,Delta-A-01,Niger Delta Offshore,11/10/2024,2412,8215,21.6,1,Active
WELL_001,Delta-A-01,Niger Delta Onshore,11/11/2024,2351,8195,21.65,0,Active
WELL_001,Delta-A-01,Niger Delta Onshore,11/12/2024,2398,8311,21.67,3,Active
WELL_001,Delta-A-01,Niger Delta Offshore,11/13/2024,2331,8320,21.7,2,Active
WELL_001,Delta-A-01,Niger Delta Onshore,11/14/2024,2396,8217,21.71,1,Active
WELL_001,Delta-A-01,Niger Delta Offshore,11/15/2024,2395,8122,21.73,2,Active
WELL_001,Delta-A-01,Niger Delta Onshore,11/16/2024,2356,8294,21.77,0,Active
WELL_001,Delta-A-01,Niger Delta Offshore,11/17/2024,1586,5615,21.82,7,Maintenance
WELL_001,Delta-A-01,Niger Delta Onshore,11/18/2024,2337,8229,21.87,0,Active
WELL_001,Delta-A-01,Niger Delta Onshore,11/19/2024,2342,8142,21.9,3,Active
WELL_001,Delta-A-01,Niger Delta Onshore,11/20/2024,2374,8180,21.92,0,Active
WELL_001,Delta-A-01,Niger Delta Onshore,11/21/2024,2335,8290,21.94,1,Active
WELL_001,Delta-A-01,Niger Delta Onshore,11/22/2024,2403,8157,21.99,1,Active
WELL_001,Delta-A-01,Niger Delta Offshore,11/23/2024,2356,8283,22.02,2,Active
WELL_001,Delta-A-01,Niger Delta Offshore,11/24/2024,2357,8155,22.06,3,Active
WELL_001,Delta-A-01,Niger Delta Onshore,11/25/2024,2396,8230,22.09,3,Active
WELL_001,Delta-A-01,Niger Delta Onshore,11/26/2024,2397,8274,22.13,0,Active
WELL_001,Delta-A-01,Niger Delta Offshore,11/27/2024,413,2161,22.15,20,Failed
WELL_001,Delta-A-01,Niger Delta Offshore,11/28/2024,1597,5509,22.19,4,Maintenance
WELL_001,Delta-A-01,Niger Delta Onshore,11/29/2024,2339,8235,22.22,2,Active
WELL_001,Delta-A-01,Niger Delta Offshore,11/30/2024,2399,8285,22.27,1,Active
WELL_001,Delta-A-01,Niger Delta Onshore,12/1/2024,2348,8178,22.31,0,Active
WELL_001,Delta-A-01,Niger Delta Offshore,12/2/2024,2381,8155,22.35,2,Active
WELL_001,Delta-A-01,Niger Delta Onshore,12/3/2024,2324,8283,22.4,1,Active
WELL_001,Delta-A-01,Niger Delta Offshore,12/4/2024,1591,5554,22.41,6,Maintenance
WELL_001,Delta-A-01,Niger Delta Onshore,12/5/2024,2318,8146,22.44,0,Active
WELL_001,Delta-A-01,Niger Delta Onshore,12/6/2024,2363,8172,22.46,2,Active
WELL_001,Delta-A-01,Niger Delta Onshore,12/7/2024,2346,8179,22.48,2,Active
WELL_001,Delta-A-01,Niger Delta Onshore,12/8/2024,2375,8269,22.51,1,Active
WELL_001,Delta-A-01,Niger Delta Onshore,12/9/2024,2348,8267,22.53,3,Active
WELL_001,Delta-A-01,Niger Delta Onshore,12/10/2024,1523,5546,22.56,4,Maintenance
WELL_001,Delta-A-01,Niger Delta Offshore,12/11/2024,2314,8112,22.6,3,Active
WELL_001,Delta-A-01,Niger Delta Onshore,12/12/2024,2341,8088,22.62,3,Active
WELL_001,Delta-A-01,Niger Delta Onshore,12/13/2024,1524,5432,22.65,8,Maintenance
WELL_001,Delta-A-01,Niger Delta Onshore,12/14/2024,2309,8082,22.67,0,Active
WELL_001,Delta-A-01,Niger Delta Offshore,12/15/2024,2347,8088,22.72,0,Active
WELL_001,Delta-A-01,Niger Delta Onshore,12/16/2024,2331,8217,22.75,3,Active
WELL_001,Delta-A-01,Niger Delta Onshore,12/17/2024,344,349,22.77,19,Failed
WELL_001,Delta-A-01,Niger Delta Onshore,12/18/2024,1536,5468,22.79,8,Maintenance
WELL_001,Delta-A-01,Niger Delta Offshore,12/19/2024,2348,8089,22.82,1,Active
WELL_001,Delta-A-01,Niger Delta Onshore,12/20/2024,1547,5513,22.85,4,Maintenance
WELL_001,Delta-A-01,Niger Delta Onshore,12/21/2024,117,1300,22.9,16,Failed
WELL_001,Delta-A-01,Niger Delta Offshore,12/22/2024,1590,5511,22.92,5,Maintenance
WELL_001,Delta-A-01,Niger Delta Offshore,12/23/2024,153,858,22.96,10,Failed
WELL_001,Delta-A-01,Niger Delta Offshore,12/24/2024,2348,8210,23,3,Active
WELL_001,Delta-A-01,Niger Delta Onshore,12/25/2024,1596,5566,23.03,5,Maintenance
WELL_001,Delta-A-01,Niger Delta Onshore,12/26/2024,2385,8200,23.05,3,Active
WELL_001,Delta-A-01,Niger Delta Offshore,12/27/2024,2301,8200,23.09,0,Active
WELL_001,Delta-A-01,Niger Delta Offshore,12/28/2024,2363,8112,23.12,0,Active
WELL_001,Delta-A-01,Niger Delta Onshore,12/29/2024,2319,8040,23.16,3,Active
WELL_001,Delta-A-01,Niger Delta Onshore,12/30/2024,2322,8200,23.2,0,Active
WELL_001,Delta-A-01,Niger Delta Offshore,12/31/2024,2302,8097,23.23,1,Active
WELL_001,Delta-A-01,Niger Delta Offshore,1/1/2025,35,743,23.27,22,Failed
WELL_001,Delta-A-01,Niger Delta Onshore,1/2/2025,2378,8148,23.29,3,Active
WELL_001,Delta-A-01,Niger Delta Offshore,1/3/2025,2340,8153,23.33,0,Active
WELL_001,Delta-A-01,Niger Delta Offshore,1/4/2025,2287,8221,23.37,0,Active
WELL_001,Delta-A-01,Niger Delta Onshore,1/5/2025,2282,8105,23.4,1,Active
WELL_001,Delta-A-01,Niger Delta Offshore,1/6/2025,2359,8052,23.44,1,Active
WELL_001,Delta-A-01,Niger Delta Onshore,1/7/2025,2321,8201,23.49,1,Active
WELL_001,Delta-A-01,Niger Delta Onshore,1/8/2025,2331,8119,23.5,2,Active
WELL_001,Delta-A-01,Niger Delta Offshore,1/9/2025,1504,5497,23.54,7,Maintenance
WELL_001,Delta-A-01,Niger Delta Offshore,1/10/2025,2298,8101,23.59,1,Active
WELL_001,Delta-A-01,Niger Delta Offshore,1/11/2025,247,363,23.61,17,Failed
WELL_001,Delta-A-01,Niger Delta Onshore,1/12/2025,2295,8205,23.65,1,Active
WELL_001,Delta-A-01,Niger Delta Onshore,1/13/2025,2310,8145,23.67,3,Active
WELL_001,Delta-A-01,Niger Delta Onshore,1/14/2025,2356,8003,23.71,1,Active
WELL_001,Delta-A-01,Niger Delta Offshore,1/15/2025,2323,8189,23.74,2,Active
WELL_001,Delta-A-01,Niger Delta Offshore,1/16/2025,1517,5489,23.77,9,Maintenance
WELL_001,Delta-A-01,Niger Delta Offshore,1/17/2025,2281,8044,23.78,3,Active
WELL_001,Delta-A-01,Niger Delta Onshore,1/18/2025,2356,8151,23.82,1,Active
WELL_001,Delta-A-01,Niger Delta Onshore,1/19/2025,1493,5406,23.85,7,Maintenance
WELL_001,Delta-A-01,Niger Delta Offshore,1/20/2025,2302,8009,23.88,1,Active
WELL_001,Delta-A-01,Niger Delta Offshore,1/21/2025,1532,5362,23.93,4,Maintenance
WELL_001,Delta-A-01,Niger Delta Onshore,1/22/2025,2319,8110,23.95,3,Active
WELL_001,Delta-A-01,Niger Delta Onshore,1/23/2025,2277,8100,23.96,0,Active
WELL_001,Delta-A-01,Niger Delta Offshore,1/24/2025,2342,8049,23.98,0,Active
WELL_001,Delta-A-01,Niger Delta Offshore,1/25/2025,652,542,24.01,21,Failed
WELL_001,Delta-A-01,Niger Delta Offshore,1/26/2025,2268,8137,24.03,2,Active
WELL_001,Delta-A-01,Niger Delta Onshore,1/27/2025,2344,8006,24.04,2,Active
WELL_001,Delta-A-01,Niger Delta Onshore,1/28/2025,2262,8099,24.09,0,Active
WELL_001,Delta-A-01,Niger Delta Onshore,1/29/2025,2332,8054,24.11,2,Active
WELL_001,Delta-A-01,Niger Delta Onshore,1/30/2025,2266,8049,24.14,1,Active
WELL_001,Delta-A-01,Niger Delta Offshore,1/31/2025,2298,7984,24.16,2,Active
WELL_001,Delta-A-01,Niger Delta Offshore,2/1/2025,2293,8089,24.21,3,Active
WELL_001,Delta-A-01,Niger Delta Onshore,2/2/2025,2319,8025,24.24,3,Active
WELL_001,Delta-A-01,Niger Delta Onshore,2/3/2025,2341,7975,24.26,3,Active
WELL_001,Delta-A-01,Niger Delta Onshore,2/4/2025,1522,5431,24.27,9,Maintenance
WELL_001,Delta-A-01,Niger Delta Offshore,2/5/2025,2275,8095,24.31,2,Active
WELL_001,Delta-A-01,Niger Delta Onshore,2/6/2025,2266,8136,24.35,0,Active
WELL_001,Delta-A-01,Niger Delta Onshore,2/7/2025,2351,8141,24.39,0,Active
WELL_001,Delta-A-01,Niger Delta Offshore,2/8/2025,1489,5489,24.43,8,Maintenance
WELL_001,Delta-A-01,Niger Delta Offshore,2/9/2025,2350,8129,24.48,3,Active
WELL_001,Delta-A-01,Niger Delta Onshore,2/10/2025,1526,5306,24.52,8,Maintenance
WELL_001,Delta-A-01,Niger Delta Offshore,2/11/2025,2297,7974,24.54,3,Active
WELL_001,Delta-A-01,Niger Delta Offshore,2/12/2025,2269,7971,24.57,3,Active
WELL_001,Delta-A-01,Niger Delta Offshore,2/13/2025,2319,8118,24.61,1,Active
WELL_001,Delta-A-01,Niger Delta Onshore,2/14/2025,2330,8008,24.65,0,Active
WELL_001,Delta-A-01,Niger Delta Onshore,2/15/2025,2323,8137,24.66,3,Active
WELL_001,Delta-A-01,Niger Delta Offshore,2/16/2025,2269,8087,24.67,2,Active
WELL_001,Delta-A-01,Niger Delta Offshore,2/17/2025,2275,8043,24.72,1,Active
WELL_001,Delta-A-01,Niger Delta Onshore,2/18/2025,1483,5324,24.74,6,Maintenance
WELL_001,Delta-A-01,Niger Delta Offshore,2/19/2025,2339,7937,24.76,1,Active
WELL_001,Delta-A-01,Niger Delta Offshore,2/20/2025,2334,8008,24.78,3,Active
WELL_001,Delta-A-01,Niger Delta Offshore,2/21/2025,2307,8103,24.79,0,Active
WELL_001,Delta-A-01,Niger Delta Onshore,2/22/2025,2281,8045,24.82,1,Active
WELL_001,Delta-A-01,Niger Delta Offshore,2/23/2025,675,651,24.85,14,Failed
WELL_001,Delta-A-01,Niger Delta Offshore,2/24/2025,2271,8014,24.88,0,Active
WELL_001,Delta-A-01,Niger Delta Offshore,2/25/2025,2248,7932,24.89,2,Active
WELL_001,Delta-A-01,Niger Delta Onshore,2/26/2025,2296,7993,24.92,0,Active
WELL_001,Delta-A-01,Niger Delta Offshore,2/27/2025,2266,8085,24.94,3,Active
WELL_001,Delta-A-01,Niger Delta Onshore,2/28/2025,2334,8033,24.98,0,Active
WELL_001,Delta-A-01,Niger Delta Offshore,3/1/2025,1494,5269,25.02,7,Maintenance
WELL_001,Delta-A-01,Niger Delta Onshore,3/2/2025,2280,8011,25.05,3,Active
WELL_001,Delta-A-01,Niger Delta Offshore,3/3/2025,2319,8055,25.1,2,Active
WELL_001,Delta-A-01,Niger Delta Onshore,3/4/2025,2314,7905,25.11,0,Active
WELL_001,Delta-A-01,Niger Delta Onshore,3/5/2025,2326,8052,25.16,1,Active
WELL_001,Delta-A-01,Niger Delta Onshore,3/6/2025,2292,7996,25.19,0,Active
WELL_001,Delta-A-01,Niger Delta Onshore,3/7/2025,2259,7927,25.23,2,Active
WELL_001,Delta-A-01,Niger Delta Offshore,3/8/2025,1449,5343,25.27,8,Maintenance
WELL_001,Delta-A-01,Niger Delta Onshore,3/9/2025,2231,8086,25.29,0,Active
WELL_001,Delta-A-01,Niger Delta Offshore,3/10/2025,2325,7901,25.33,1,Active
WELL_001,Delta-A-01,Niger Delta Onshore,3/11/2025,2293,8058,25.35,2,Active
WELL_001,Delta-A-01,Niger Delta Onshore,3/12/2025,2316,7945,25.36,1,Active
WELL_001,Delta-A-01,Niger Delta Onshore,3/13/2025,2259,8066,25.39,0,Active
WELL_001,Delta-A-01,Niger Delta Onshore,3/14/2025,1492,5326,25.4,9,Maintenance
WELL_001,Delta-A-01,Niger Delta Offshore,3/15/2025,2233,7905,25.42,3,Active
WELL_001,Delta-A-01,Niger Delta Offshore,3/16/2025,2277,7982,25.43,0,Active
WELL_001,Delta-A-01,Niger Delta Onshore,3/17/2025,2279,8050,25.44,3,Active
WELL_001,Delta-A-01,Niger Delta Offshore,3/18/2025,1447,5220,25.46,8,Maintenance
WELL_001,Delta-A-01,Niger Delta Offshore,3/19/2025,2224,7993,25.49,3,Active
WELL_001,Delta-A-01,Niger Delta Onshore,3/20/2025,2250,8059,25.53,2,Active
WELL_001,Delta-A-01,Niger Delta Offshore,3/21/2025,2241,8021,25.56,2,Active
WELL_001,Delta-A-01,Niger Delta Offshore,3/22/2025,703,2066,25.59,14,Failed
WELL_001,Delta-A-01,Niger Delta Onshore,3/23/2025,2272,8011,25.61,0,Active
WELL_001,Delta-A-01,Niger Delta Onshore,3/24/2025,2263,7920,25.66,2,Active
WELL_001,Delta-A-01,Niger Delta Onshore,3/25/2025,2219,8009,25.7,1,Active
WELL_001,Delta-A-01,Niger Delta Onshore,3/26/2025,2293,7983,25.72,2,Active
WELL_001,Delta-A-01,Niger Delta Offshore,3/27/2025,504,499,25.75,14,Failed
WELL_001,Delta-A-01,Niger Delta Onshore,3/28/2025,2307,7973,25.77,2,Active
WELL_001,Delta-A-01,Niger Delta Offshore,3/29/2025,756,1449,25.81,12,Failed
WELL_001,Delta-A-01,Niger Delta Onshore,3/30/2025,1487,5358,25.84,8,Maintenance
WELL_001,Delta-A-01,Niger Delta Offshore,3/31/2025,2311,7919,25.88,0,Active
WELL_001,Delta-A-01,Niger Delta Offshore,4/1/2025,2245,7976,25.92,1,Active
WELL_001,Delta-A-01,Niger Delta Onshore,4/2/2025,1467,5247,25.93,9,Maintenance
WELL_001,Delta-A-01,Niger Delta Offshore,4/3/2025,1456,5343,25.96,4,Maintenance
WELL_001,Delta-A-01,Niger Delta Offshore,4/4/2025,2214,8004,25.98,3,Active
WELL_001,Delta-A-01,Niger Delta Onshore,4/5/2025,2223,8021,26,3,Active
WELL_001,Delta-A-01,Niger Delta Onshore,4/6/2025,1491,5224,26.05,7,Maintenance
WELL_001,Delta-A-01,Niger Delta Onshore,4/7/2025,2262,7856,26.08,1,Active
WELL_001,Delta-A-01,Niger Delta Offshore,4/8/2025,1431,5335,26.12,9,Maintenance
WELL_001,Delta-A-01,Niger Delta Offshore,4/9/2025,2274,7980,26.13,3,Active
WELL_001,Delta-A-01,Niger Delta Offshore,4/10/2025,1472,5336,26.18,9,Maintenance
WELL_001,Delta-A-01,Niger Delta Onshore,4/11/2025,2292,7992,26.21,2,Active
WELL_001,Delta-A-01,Niger Delta Offshore,4/12/2025,2213,8014,26.22,0,Active
WELL_001,Delta-A-01,Niger Delta Onshore,4/13/2025,2271,7909,26.26,2,Active
WELL_001,Delta-A-01,Niger Delta Onshore,4/14/2025,353,2075,26.3,22,Failed
WELL_001,Delta-A-01,Niger Delta Offshore,4/15/2025,1428,5259,26.31,4,Maintenance
WELL_001,Delta-A-01,Niger Delta Offshore,4/16/2025,1495,5164,26.36,5,Maintenance
WELL_001,Delta-A-01,Niger Delta Onshore,4/17/2025,2295,7959,26.38,1,Active
WELL_001,Delta-A-01,Niger Delta Onshore,4/18/2025,2284,7981,26.4,3,Active
WELL_001,Delta-A-01,Niger Delta Onshore,4/19/2025,2258,7860,26.42,3,Active
WELL_001,Delta-A-01,Niger Delta Onshore,4/20/2025,1475,5261,26.46,5,Maintenance
WELL_001,Delta-A-01,Niger Delta Onshore,4/21/2025,2273,7923,26.5,0,Active
WELL_001,Delta-A-01,Niger Delta Onshore,4/22/2025,57,880,26.51,17,Failed
WELL_001,Delta-A-01,Niger Delta Offshore,4/23/2025,2264,7847,26.54,2,Active
WELL_001,Delta-A-01,Niger Delta Onshore,4/24/2025,1426,5232,26.57,7,Maintenance
WELL_001,Delta-A-01,Niger Delta Offshore,4/25/2025,1414,5153,26.6,6,Maintenance
WELL_001,Delta-A-01,Niger Delta Onshore,4/26/2025,2226,7882,26.62,0,Active
WELL_001,Delta-A-01,Niger Delta Offshore,4/27/2025,2271,7837,26.65,3,Active
WELL_001,Delta-A-01,Niger Delta Offshore,4/28/2025,1403,5162,26.67,6,Maintenance
WELL_001,Delta-A-01,Niger Delta Offshore,4/29/2025,2188,7799,26.72,3,Active
WELL_001,Delta-A-01,Niger Delta Onshore,4/30/2025,1403,5329,26.77,8,Maintenance
WELL_001,Delta-A-01,Niger Delta Onshore,5/1/2025,1409,5175,26.79,7,Maintenance
WELL_001,Delta-A-01,Niger Delta Offshore,5/2/2025,2206,7943,26.82,2,Active
WELL_001,Delta-A-01,Niger Delta Onshore,5/3/2025,734,1594,26.84,19,Failed
WELL_001,Delta-A-01,Niger Delta Offshore,5/4/2025,2280,7977,26.88,2,Active
WELL_001,Delta-A-01,Niger Delta Onshore,5/5/2025,2188,7968,26.9,1,Active
WELL_001,Delta-A-01,Niger Delta Onshore,5/6/2025,1400,5179,26.93,5,Maintenance
WELL_001,Delta-A-01,Niger Delta Offshore,5/7/2025,456,1249,26.97,21,Failed
WELL_001,Delta-A-01,Niger Delta Offshore,5/8/2025,2201,7929,27.01,1,Active
WELL_001,Delta-A-01,Niger Delta Onshore,5/9/2025,2231,7805,27.04,2,Active
WELL_001,Delta-A-01,Niger Delta Offshore,5/10/2025,2236,7792,27.07,2,Active
WELL_001,Delta-A-01,Niger Delta Onshore,5/11/2025,2189,7861,27.12,3,Active
WELL_001,Delta-A-01,Niger Delta Offshore,5/12/2025,2193,7927,27.14,0,Active
WELL_001,Delta-A-01,Niger Delta Offshore,5/13/2025,2215,7961,27.19,2,Active
WELL_001,Delta-A-01,Niger Delta Offshore,5/14/2025,639,2238,27.21,16,Failed
WELL_002,Delta-B-02,Niger Delta Onshore,1/1/2024,1144,8880,7.05,8,Maintenance
WELL_002,Delta-B-02,Niger Delta Onshore,1/2/2024,1174,8851,7.09,6,Maintenance
WELL_002,Delta-B-02,Niger Delta Offshore,1/3/2024,1680,12621,7.12,2,Active
WELL_002,Delta-B-02,Niger Delta Offshore,1/4/2024,1660,12711,7.15,0,Active
WELL_002,Delta-B-02,Niger Delta Offshore,1/5/2024,1179,8843,7.16,6,Maintenance
WELL_002,Delta-B-02,Niger Delta Onshore,1/6/2024,1674,12667,7.2,1,Active
WELL_002,Delta-B-02,Niger Delta Offshore,1/7/2024,425,1298,7.24,12,Failed
WELL_002,Delta-B-02,Niger Delta Onshore,1/8/2024,62,3144,7.27,23,Failed
WELL_002,Delta-B-02,Niger Delta Onshore,1/9/2024,1631,12653,7.28,2,Active
WELL_002,Delta-B-02,Niger Delta Onshore,1/10/2024,1664,12539,7.3,3,Active
WELL_002,Delta-B-02,Niger Delta Onshore,1/11/2024,1597,12560,7.32,0,Active
WELL_002,Delta-B-02,Niger Delta Offshore,1/12/2024,1650,12573,7.36,0,Active
WELL_002,Delta-B-02,Niger Delta Onshore,1/13/2024,1667,12672,7.41,1,Active
WELL_002,Delta-B-02,Niger Delta Offshore,1/14/2024,1642,12614,7.43,0,Active
WELL_002,Delta-B-02,Niger Delta Offshore,1/15/2024,1629,12648,7.45,3,Active
WELL_002,Delta-B-02,Niger Delta Onshore,1/16/2024,1612,12686,7.46,3,Active
WELL_002,Delta-B-02,Niger Delta Offshore,1/17/2024,1093,8751,7.5,4,Maintenance
WELL_002,Delta-B-02,Niger Delta Onshore,1/18/2024,1623,12540,7.51,3,Active
WELL_002,Delta-B-02,Niger Delta Offshore,1/19/2024,1105,8723,7.55,8,Maintenance
WELL_002,Delta-B-02,Niger Delta Offshore,1/20/2024,1087,8755,7.58,6,Maintenance
WELL_002,Delta-B-02,Niger Delta Offshore,1/21/2024,1620,12554,7.61,3,Active
WELL_002,Delta-B-02,Niger Delta Onshore,1/22/2024,1629,12590,7.64,2,Active
WELL_002,Delta-B-02,Niger Delta Offshore,1/23/2024,1598,12628,7.66,1,Active
WELL_002,Delta-B-02,Niger Delta Onshore,1/24/2024,1655,12605,7.68,3,Active
WELL_002,Delta-B-02,Niger Delta Offshore,1/25/2024,1670,12647,7.71,0,Active
WELL_002,Delta-B-02,Niger Delta Onshore,1/26/2024,1620,12618,7.74,3,Active
WELL_002,Delta-B-02,Niger Delta Onshore,1/27/2024,1578,12518,7.79,1,Active
WELL_002,Delta-B-02,Niger Delta Onshore,1/28/2024,1618,12665,7.82,0,Active
WELL_002,Delta-B-02,Niger Delta Onshore,1/29/2024,1577,12559,7.83,0,Active
WELL_002,Delta-B-02,Niger Delta Onshore,1/30/2024,1126,8739,7.86,8,Maintenance
WELL_002,Delta-B-02,Niger Delta Onshore,1/31/2024,1578,12614,7.89,3,Active
WELL_002,Delta-B-02,Niger Delta Offshore,2/1/2024,1606,12573,7.93,0,Active
WELL_002,Delta-B-02,Niger Delta Onshore,2/2/2024,108,3339,7.97,14,Failed
WELL_002,Delta-B-02,Niger Delta Offshore,2/3/2024,1140,8680,8.01,7,Maintenance
WELL_002,Delta-B-02,Niger Delta Offshore,2/4/2024,1610,12636,8.05,0,Active
WELL_002,Delta-B-02,Niger Delta Offshore,2/5/2024,1657,12618,8.07,3,Active
WELL_002,Delta-B-02,Niger Delta Onshore,2/6/2024,1590,12623,8.11,2,Active
WELL_002,Delta-B-02,Niger Delta Onshore,2/7/2024,1576,12494,8.16,2,Active
WELL_002,Delta-B-02,Niger Delta Offshore,2/8/2024,1626,12502,8.19,1,Active
WELL_002,Delta-B-02,Niger Delta Onshore,2/9/2024,1632,12570,8.21,2,Active
WELL_002,Delta-B-02,Niger Delta Offshore,2/10/2024,1561,12540,8.22,2,Active
WELL_002,Delta-B-02,Niger Delta Onshore,2/11/2024,80,267,8.25,11,Failed
WELL_002,Delta-B-02,Niger Delta Onshore,2/12/2024,1647,12544,8.26,2,Active
WELL_002,Delta-B-02,Niger Delta Offshore,2/13/2024,1579,12593,8.3,0,Active
WELL_002,Delta-B-02,Niger Delta Onshore,2/14/2024,1573,12603,8.33,2,Active
WELL_002,Delta-B-02,Niger Delta Offshore,2/15/2024,1585,12625,8.35,1,Active
WELL_002,Delta-B-02,Niger Delta Onshore,2/16/2024,1105,8725,8.39,7,Maintenance
WELL_002,Delta-B-02,Niger Delta Offshore,2/17/2024,1585,12490,8.4,3,Active
WELL_002,Delta-B-02,Niger Delta Onshore,2/18/2024,1586,12615,8.42,2,Active
WELL_002,Delta-B-02,Niger Delta Onshore,2/19/2024,1616,12622,8.47,3,Active
WELL_002,Delta-B-02,Niger Delta Onshore,2/20/2024,1569,12590,8.49,3,Active
WELL_002,Delta-B-02,Niger Delta Onshore,2/21/2024,1106,8749,8.53,6,Maintenance
WELL_002,Delta-B-02,Niger Delta Onshore,2/22/2024,1605,12488,8.54,3,Active
WELL_002,Delta-B-02,Niger Delta Onshore,2/23/2024,1578,12541,8.59,0,Active
WELL_002,Delta-B-02,Niger Delta Onshore,2/24/2024,153,1178,8.61,13,Failed
WELL_002,Delta-B-02,Niger Delta Onshore,2/25/2024,1598,12467,8.63,1,Active
WELL_002,Delta-B-02,Niger Delta Offshore,2/26/2024,1588,12537,8.65,1,Active
WELL_002,Delta-B-02,Niger Delta Offshore,2/27/2024,1632,12547,8.68,2,Active
WELL_002,Delta-B-02,Niger Delta Offshore,2/28/2024,1621,12470,8.73,0,Active
WELL_002,Delta-B-02,Niger Delta Onshore,2/29/2024,1565,12477,8.78,3,Active
WELL_002,Delta-B-02,Niger Delta Onshore,3/1/2024,1629,12460,8.82,1,Active
WELL_002,Delta-B-02,Niger Delta Onshore,3/2/2024,1574,12514,8.84,1,Active
WELL_002,Delta-B-02,Niger Delta Offshore,3/3/2024,1562,12447,8.88,2,Active
WELL_002,Delta-B-02,Niger Delta Onshore,3/4/2024,1603,12425,8.93,3,Active
WELL_002,Delta-B-02,Niger Delta Onshore,3/5/2024,1639,12578,8.98,2,Active
WELL_002,Delta-B-02,Niger Delta Onshore,3/6/2024,1070,8627,8.99,9,Maintenance
WELL_002,Delta-B-02,Niger Delta Onshore,3/7/2024,1555,12496,9.03,0,Active
WELL_002,Delta-B-02,Niger Delta Onshore,3/8/2024,1635,12404,9.05,2,Active
WELL_002,Delta-B-02,Niger Delta Offshore,3/9/2024,1054,8607,9.09,8,Maintenance
WELL_002,Delta-B-02,Niger Delta Onshore,3/10/2024,1547,12459,9.11,1,Active
WELL_002,Delta-B-02,Niger Delta Onshore,3/11/2024,1587,12483,9.14,3,Active
WELL_002,Delta-B-02,Niger Delta Onshore,3/12/2024,1609,12546,9.17,1,Active
WELL_002,Delta-B-02,Niger Delta Onshore,3/13/2024,1597,12562,9.22,2,Active
WELL_002,Delta-B-02,Niger Delta Onshore,3/14/2024,1579,12385,9.26,2,Active
WELL_002,Delta-B-02,Niger Delta Onshore,3/15/2024,1603,12495,9.27,0,Active
WELL_002,Delta-B-02,Niger Delta Onshore,3/16/2024,1101,8626,9.29,6,Maintenance
WELL_002,Delta-B-02,Niger Delta Offshore,3/17/2024,1591,12406,9.33,1,Active
WELL_002,Delta-B-02,Niger Delta Offshore,3/18/2024,1615,12544,9.37,0,Active
WELL_002,Delta-B-02,Niger Delta Onshore,3/19/2024,1549,12565,9.4,1,Active
WELL_002,Delta-B-02,Niger Delta Offshore,3/20/2024,1621,12416,9.44,0,Active
WELL_002,Delta-B-02,Niger Delta Onshore,3/21/2024,1598,12397,9.46,0,Active
WELL_002,Delta-B-02,Niger Delta Offshore,3/22/2024,1527,12508,9.47,0,Active
WELL_002,Delta-B-02,Niger Delta Offshore,3/23/2024,127,200,9.51,21,Failed
WELL_002,Delta-B-02,Niger Delta Offshore,3/24/2024,1547,12370,9.55,2,Active
WELL_002,Delta-B-02,Niger Delta Offshore,3/25/2024,1618,12461,9.57,1,Active
WELL_002,Delta-B-02,Niger Delta Onshore,3/26/2024,1600,12530,9.61,3,Active
WELL_002,Delta-B-02,Niger Delta Onshore,3/27/2024,357,1551,9.65,20,Failed
WELL_002,Delta-B-02,Niger Delta Offshore,3/28/2024,1537,12455,9.66,1,Active
WELL_002,Delta-B-02,Niger Delta Offshore,3/29/2024,1551,12385,9.68,3,Active
WELL_002,Delta-B-02,Niger Delta Onshore,3/30/2024,1574,12376,9.69,3,Active
WELL_002,Delta-B-02,Niger Delta Onshore,3/31/2024,1536,12505,9.74,0,Active
WELL_002,Delta-B-02,Niger Delta Onshore,4/1/2024,1575,12370,9.76,2,Active
WELL_002,Delta-B-02,Niger Delta Offshore,4/2/2024,1579,12417,9.79,3,Active
WELL_002,Delta-B-02,Niger Delta Offshore,4/3/2024,1548,12455,9.81,3,Active
WELL_002,Delta-B-02,Niger Delta Onshore,4/4/2024,1539,12418,9.84,0,Active
WELL_002,Delta-B-02,Niger Delta Onshore,4/5/2024,1602,12345,9.86,2,Active
WELL_002,Delta-B-02,Niger Delta Onshore,4/6/2024,1596,12433,9.9,1,Active
WELL_002,Delta-B-02,Niger Delta Offshore,4/7/2024,1570,12426,9.91,2,Active
WELL_002,Delta-B-02,Niger Delta Onshore,4/8/2024,1599,12419,9.96,0,Active
WELL_002,Delta-B-02,Niger Delta Onshore,4/9/2024,1575,12486,10,3,Active
WELL_002,Delta-B-02,Niger Delta Offshore,4/10/2024,1520,12482,10.05,2,Active
WELL_002,Delta-B-02,Niger Delta Offshore,4/11/2024,1030,8619,10.1,6,Maintenance
WELL_002,Delta-B-02,Niger Delta Offshore,4/12/2024,420,2448,10.13,12,Failed
WELL_002,Delta-B-02,Niger Delta Onshore,4/13/2024,1599,12441,10.17,3,Active
WELL_002,Delta-B-02,Niger Delta Offshore,4/14/2024,1520,12420,10.22,0,Active
WELL_002,Delta-B-02,Niger Delta Onshore,4/15/2024,1554,12342,10.24,3,Active
WELL_002,Delta-B-02,Niger Delta Onshore,4/16/2024,1518,12352,10.25,2,Active
WELL_002,Delta-B-02,Niger Delta Offshore,4/17/2024,1533,12354,10.28,2,Active
WELL_002,Delta-B-02,Niger Delta Onshore,4/18/2024,1603,12416,10.29,1,Active
WELL_002,Delta-B-02,Niger Delta Offshore,4/19/2024,1516,12409,10.34,0,Active
WELL_002,Delta-B-02,Niger Delta Onshore,4/20/2024,1578,12361,10.38,1,Active
WELL_002,Delta-B-02,Niger Delta Onshore,4/21/2024,1043,8653,10.4,8,Maintenance
WELL_002,Delta-B-02,Niger Delta Onshore,4/22/2024,1529,12373,10.43,2,Active
WELL_002,Delta-B-02,Niger Delta Offshore,4/23/2024,1554,12366,10.48,1,Active
WELL_002,Delta-B-02,Niger Delta Offshore,4/24/2024,1556,12348,10.49,0,Active
WELL_002,Delta-B-02,Niger Delta Onshore,4/25/2024,1552,12371,10.5,2,Active
WELL_002,Delta-B-02,Niger Delta Onshore,4/26/2024,469,2915,10.55,11,Failed
WELL_002,Delta-B-02,Niger Delta Offshore,4/27/2024,1514,12305,10.59,2,Active
WELL_002,Delta-B-02,Niger Delta Offshore,4/28/2024,1596,12413,10.62,0,Active
WELL_002,Delta-B-02,Niger Delta Offshore,4/29/2024,1019,8675,10.64,7,Maintenance
WELL_002,Delta-B-02,Niger Delta Offshore,4/30/2024,180,1705,10.68,20,Failed
WELL_002,Delta-B-02,Niger Delta Onshore,5/1/2024,1500,12420,10.69,0,Active
WELL_002,Delta-B-02,Niger Delta Offshore,5/2/2024,1551,12290,10.71,2,Active
WELL_002,Delta-B-02,Niger Delta Onshore,5/3/2024,1535,12398,10.75,3,Active
WELL_002,Delta-B-02,Niger Delta Onshore,5/4/2024,1072,8650,10.79,6,Maintenance
WELL_002,Delta-B-02,Niger Delta Offshore,5/5/2024,1563,12322,10.82,3,Active
WELL_002,Delta-B-02,Niger Delta Onshore,5/6/2024,1026,8584,10.85,8,Maintenance
WELL_002,Delta-B-02,Niger Delta Onshore,5/7/2024,1533,12277,10.9,2,Active
WELL_002,Delta-B-02,Niger Delta Offshore,5/8/2024,1584,12449,10.94,3,Active
WELL_002,Delta-B-02,Niger Delta Onshore,5/9/2024,1504,12328,10.98,0,Active
WELL_002,Delta-B-02,Niger Delta Onshore,5/10/2024,1512,12405,11,1,Active
WELL_002,Delta-B-02,Niger Delta Onshore,5/11/2024,1558,12369,11.04,0,Active
WELL_002,Delta-B-02,Niger Delta Offshore,5/12/2024,1550,12312,11.09,2,Active
WELL_002,Delta-B-02,Niger Delta Offshore,5/13/2024,1541,12308,11.11,3,Active
WELL_002,Delta-B-02,Niger Delta Onshore,5/14/2024,1488,12343,11.14,0,Active
WELL_002,Delta-B-02,Niger Delta Onshore,5/15/2024,1533,12423,11.17,0,Active
WELL_002,Delta-B-02,Niger Delta Offshore,5/16/2024,1503,12301,11.18,1,Active
WELL_002,Delta-B-02,Niger Delta Onshore,5/17/2024,209,3661,11.22,23,Failed
WELL_002,Delta-B-02,Niger Delta Offshore,5/18/2024,1574,12257,11.24,2,Active
WELL_002,Delta-B-02,Niger Delta Onshore,5/19/2024,1020,8535,11.29,7,Maintenance
WELL_002,Delta-B-02,Niger Delta Onshore,5/20/2024,1549,12416,11.3,3,Active
WELL_002,Delta-B-02,Niger Delta Onshore,5/21/2024,1542,12432,11.35,3,Active
WELL_002,Delta-B-02,Niger Delta Onshore,5/22/2024,1566,12261,11.39,0,Active
WELL_002,Delta-B-02,Niger Delta Onshore,5/23/2024,1502,12375,11.4,1,Active
WELL_002,Delta-B-02,Niger Delta Onshore,5/24/2024,1573,12256,11.45,0,Active
WELL_002,Delta-B-02,Niger Delta Offshore,5/25/2024,246,519,11.47,11,Failed
WELL_002,Delta-B-02,Niger Delta Onshore,5/26/2024,1075,8511,11.5,7,Maintenance
WELL_002,Delta-B-02,Niger Delta Onshore,5/27/2024,1559,12326,11.53,3,Active
WELL_002,Delta-B-02,Niger Delta Onshore,5/28/2024,1071,8598,11.55,7,Maintenance
WELL_002,Delta-B-02,Niger Delta Onshore,5/29/2024,1537,12284,11.59,1,Active
WELL_002,Delta-B-02,Niger Delta Onshore,5/30/2024,1564,12422,11.63,2,Active
WELL_002,Delta-B-02,Niger Delta Onshore,5/31/2024,1524,12380,11.68,0,Active
WELL_002,Delta-B-02,Niger Delta Onshore,6/1/2024,1540,12290,11.71,0,Active
WELL_002,Delta-B-02,Niger Delta Offshore,6/2/2024,1559,12311,11.73,2,Active
WELL_002,Delta-B-02,Niger Delta Offshore,6/3/2024,467,692,11.75,22,Failed
WELL_002,Delta-B-02,Niger Delta Offshore,6/4/2024,1032,8582,11.8,4,Maintenance
WELL_002,Delta-B-02,Niger Delta Offshore,6/5/2024,1541,12256,11.81,2,Active
WELL_002,Delta-B-02,Niger Delta Onshore,6/6/2024,353,3063,11.83,15,Failed
WELL_002,Delta-B-02,Niger Delta Onshore,6/7/2024,1475,12267,11.87,3,Active
WELL_002,Delta-B-02,Niger Delta Onshore,6/8/2024,1482,12318,11.89,2,Active
WELL_002,Delta-B-02,Niger Delta Offshore,6/9/2024,39,3716,11.92,19,Failed
WELL_002,Delta-B-02,Niger Delta Offshore,6/10/2024,984,8532,11.94,7,Maintenance
WELL_002,Delta-B-02,Niger Delta Onshore,6/11/2024,1507,12359,11.97,2,Active
WELL_002,Delta-B-02,Niger Delta Onshore,6/12/2024,1559,12366,12,2,Active
WELL_002,Delta-B-02,Niger Delta Offshore,6/13/2024,1003,8434,12.02,8,Maintenance
WELL_002,Delta-B-02,Niger Delta Onshore,6/14/2024,1508,12378,12.05,0,Active
WELL_002,Delta-B-02,Niger Delta Onshore,6/15/2024,180,680,12.06,23,Failed
WELL_002,Delta-B-02,Niger Delta Onshore,6/16/2024,1514,12331,12.07,1,Active
WELL_002,Delta-B-02,Niger Delta Offshore,6/17/2024,1540,12194,12.12,0,Active
WELL_002,Delta-B-02,Niger Delta Offshore,6/18/2024,1531,12227,12.16,3,Active
WELL_002,Delta-B-02,Niger Delta Offshore,6/19/2024,1468,12274,12.19,0,Active
WELL_002,Delta-B-02,Niger Delta Offshore,6/20/2024,1481,12364,12.21,0,Active
WELL_002,Delta-B-02,Niger Delta Offshore,6/21/2024,1553,12222,12.23,2,Active
WELL_002,Delta-B-02,Niger Delta Onshore,6/22/2024,1524,12197,12.24,0,Active
WELL_002,Delta-B-02,Niger Delta Offshore,6/23/2024,993,8399,12.26,6,Maintenance
WELL_002,Delta-B-02,Niger Delta Onshore,6/24/2024,1468,12245,12.31,0,Active
WELL_002,Delta-B-02,Niger Delta Offshore,6/25/2024,1515,12366,12.34,0,Active
WELL_002,Delta-B-02,Niger Delta Onshore,6/26/2024,193,103,12.36,17,Failed
WELL_002,Delta-B-02,Niger Delta Offshore,6/27/2024,1471,12293,12.4,0,Active
WELL_002,Delta-B-02,Niger Delta Offshore,6/28/2024,1488,12242,12.42,1,Active
WELL_002,Delta-B-02,Niger Delta Offshore,6/29/2024,1450,12248,12.46,0,Active
WELL_002,Delta-B-02,Niger Delta Onshore,6/30/2024,1501,12357,12.49,0,Active
WELL_002,Delta-B-02,Niger Delta Offshore,7/1/2024,1477,12259,12.53,3,Active
WELL_002,Delta-B-02,Niger Delta Offshore,7/2/2024,1479,12239,12.57,2,Active
WELL_002,Delta-B-02,Niger Delta Offshore,7/3/2024,1039,8429,12.6,7,Maintenance
WELL_002,Delta-B-02,Niger Delta Onshore,7/4/2024,1483,12240,12.62,0,Active
WELL_002,Delta-B-02,Niger Delta Onshore,7/5/2024,1455,12219,12.66,1,Active
WELL_002,Delta-B-02,Niger Delta Offshore,7/6/2024,1484,12242,12.68,2,Active
WELL_002,Delta-B-02,Niger Delta Offshore,7/7/2024,1462,12266,12.71,1,Active
WELL_002,Delta-B-02,Niger Delta Onshore,7/8/2024,1506,12263,12.75,3,Active
WELL_002,Delta-B-02,Niger Delta Onshore,7/9/2024,1519,12219,12.76,3,Active
WELL_002,Delta-B-02,Niger Delta Onshore,7/10/2024,1513,12278,12.79,0,Active
WELL_002,Delta-B-02,Niger Delta Offshore,7/11/2024,56,1947,12.81,14,Failed
WELL_002,Delta-B-02,Niger Delta Onshore,7/12/2024,1498,12191,12.84,0,Active
WELL_002,Delta-B-02,Niger Delta Onshore,7/13/2024,1501,12186,12.87,2,Active
WELL_002,Delta-B-02,Niger Delta Onshore,7/14/2024,1442,12216,12.88,1,Active
WELL_002,Delta-B-02,Niger Delta Offshore,7/15/2024,1527,12283,12.9,1,Active
WELL_002,Delta-B-02,Niger Delta Onshore,7/16/2024,56,1415,12.92,18,Failed
WELL_002,Delta-B-02,Niger Delta Offshore,7/17/2024,5,3641,12.93,11,Failed
WELL_002,Delta-B-02,Niger Delta Onshore,7/18/2024,1521,12298,12.95,1,Active
WELL_002,Delta-B-02,Niger Delta Onshore,7/19/2024,1434,12137,12.98,2,Active
WELL_002,Delta-B-02,Niger Delta Offshore,7/20/2024,1454,12199,13.02,3,Active
WELL_002,Delta-B-02,Niger Delta Offshore,7/21/2024,1520,12280,13.06,2,Active
WELL_002,Delta-B-02,Niger Delta Onshore,7/22/2024,1448,12229,13.09,1,Active
WELL_002,Delta-B-02,Niger Delta Offshore,7/23/2024,1480,12153,13.13,1,Active
WELL_002,Delta-B-02,Niger Delta Onshore,7/24/2024,1500,12213,13.16,1,Active
WELL_002,Delta-B-02,Niger Delta Onshore,7/25/2024,1428,12272,13.18,2,Active
WELL_002,Delta-B-02,Niger Delta Onshore,7/26/2024,1478,12192,13.2,1,Active
WELL_002,Delta-B-02,Niger Delta Onshore,7/27/2024,953,8422,13.24,6,Maintenance
WELL_002,Delta-B-02,Niger Delta Onshore,7/28/2024,1468,12177,13.29,0,Active
WELL_002,Delta-B-02,Niger Delta Offshore,7/29/2024,1433,12271,13.32,0,Active
WELL_002,Delta-B-02,Niger Delta Offshore,7/30/2024,1428,12281,13.36,3,Active
WELL_002,Delta-B-02,Niger Delta Onshore,7/31/2024,1471,12266,13.41,1,Active
WELL_002,Delta-B-02,Niger Delta Onshore,8/1/2024,366,3342,13.45,21,Failed
WELL_002,Delta-B-02,Niger Delta Onshore,8/2/2024,1438,12191,13.48,1,Active
WELL_002,Delta-B-02,Niger Delta Onshore,8/3/2024,1503,12265,13.52,1,Active
WELL_002,Delta-B-02,Niger Delta Offshore,8/4/2024,972,8369,13.54,7,Maintenance
WELL_002,Delta-B-02,Niger Delta Offshore,8/5/2024,1451,12133,13.57,3,Active
WELL_002,Delta-B-02,Niger Delta Offshore,8/6/2024,1449,12166,13.6,1,Active
WELL_002,Delta-B-02,Niger Delta Offshore,8/7/2024,337,1573,13.63,19,Failed
WELL_002,Delta-B-02,Niger Delta Onshore,8/8/2024,173,2434,13.66,22,Failed
WELL_002,Delta-B-02,Niger Delta Onshore,8/9/2024,1422,12264,13.7,2,Active
WELL_002,Delta-B-02,Niger Delta Offshore,8/10/2024,106,294,13.72,15,Failed
WELL_002,Delta-B-02,Niger Delta Onshore,8/11/2024,136,1873,13.77,14,Failed
WELL_002,Delta-B-02,Niger Delta Offshore,8/12/2024,1471,12247,13.79,1,Active
WELL_002,Delta-B-02,Niger Delta Offshore,8/13/2024,1503,12095,13.84,2,Active
WELL_002,Delta-B-02,Niger Delta Onshore,8/14/2024,974,8290,13.87,5,Maintenance
WELL_002,Delta-B-02,Niger Delta Onshore,8/15/2024,1497,12141,13.89,1,Active
WELL_002,Delta-B-02,Niger Delta Offshore,8/16/2024,953,8403,13.91,9,Maintenance
WELL_002,Delta-B-02,Niger Delta Onshore,8/17/2024,1412,12161,13.94,0,Active
WELL_002,Delta-B-02,Niger Delta Onshore,8/18/2024,1491,12150,13.96,2,Active
WELL_002,Delta-B-02,Niger Delta Onshore,8/19/2024,1466,12092,13.99,3,Active
WELL_002,Delta-B-02,Niger Delta Onshore,8/20/2024,1468,12185,14.03,0,Active
WELL_002,Delta-B-02,Niger Delta Offshore,8/21/2024,943,8327,14.08,9,Maintenance
WELL_002,Delta-B-02,Niger Delta Onshore,8/22/2024,1461,12098,14.1,0,Active
WELL_002,Delta-B-02,Niger Delta Offshore,8/23/2024,1409,12166,14.13,0,Active
WELL_002,Delta-B-02,Niger Delta Onshore,8/24/2024,1444,12142,14.17,0,Active
WELL_002,Delta-B-02,Niger Delta Onshore,8/25/2024,1458,12180,14.21,1,Active
WELL_002,Delta-B-02,Niger Delta Onshore,8/26/2024,1413,12211,14.25,2,Active
WELL_002,Delta-B-02,Niger Delta Onshore,8/27/2024,1416,12153,14.29,0,Active
WELL_002,Delta-B-02,Niger Delta Offshore,8/28/2024,1493,12197,14.32,1,Active
WELL_002,Delta-B-02,Niger Delta Offshore,8/29/2024,1430,12215,14.37,2,Active
WELL_002,Delta-B-02,Niger Delta Offshore,8/30/2024,1433,12205,14.4,3,Active
WELL_002,Delta-B-02,Niger Delta Onshore,8/31/2024,1443,12168,14.42,2,Active
WELL_002,Delta-B-02,Niger Delta Onshore,9/1/2024,1467,12146,14.45,3,Active
WELL_002,Delta-B-02,Niger Delta Onshore,9/2/2024,921,8443,14.49,4,Maintenance
WELL_002,Delta-B-02,Niger Delta Offshore,9/3/2024,951,8344,14.51,8,Maintenance
WELL_002,Delta-B-02,Niger Delta Offshore,9/4/2024,1441,12081,14.55,0,Active
WELL_002,Delta-B-02,Niger Delta Onshore,9/5/2024,127,855,14.59,16,Failed
WELL_002,Delta-B-02,Niger Delta Onshore,9/6/2024,1440,12224,14.6,1,Active
WELL_002,Delta-B-02,Niger Delta Onshore,9/7/2024,240,3645,14.65,10,Failed
WELL_002,Delta-B-02,Niger Delta Offshore,9/8/2024,1469,12054,14.68,2,Active
WELL_002,Delta-B-02,Niger Delta Offshore,9/9/2024,1414,12077,14.72,3,Active
WELL_002,Delta-B-02,Niger Delta Offshore,9/10/2024,981,8312,14.74,8,Maintenance
WELL_002,Delta-B-02,Niger Delta Offshore,9/11/2024,1458,12176,14.76,0,Active
WELL_002,Delta-B-02,Niger Delta Offshore,9/12/2024,1390,12156,14.77,2,Active
WELL_002,Delta-B-02,Niger Delta Offshore,9/13/2024,1437,12143,14.79,1,Active
WELL_002,Delta-B-02,Niger Delta Onshore,9/14/2024,1461,12198,14.83,1,Active
WELL_002,Delta-B-02,Niger Delta Onshore,9/15/2024,1433,12184,14.85,0,Active
WELL_002,Delta-B-02,Niger Delta Onshore,9/16/2024,955,8343,14.87,7,Maintenance
WELL_002,Delta-B-02,Niger Delta Onshore,9/17/2024,1461,12071,14.9,1,Active
WELL_002,Delta-B-02,Niger Delta Onshore,9/18/2024,1442,12121,14.91,2,Active
WELL_002,Delta-B-02,Niger Delta Onshore,9/19/2024,1411,12133,14.95,2,Active
WELL_002,Delta-B-02,Niger Delta Offshore,9/20/2024,1478,12062,14.96,2,Active
WELL_002,Delta-B-02,Niger Delta Onshore,9/21/2024,1452,12057,15,3,Active
WELL_002,Delta-B-02,Niger Delta Offshore,9/22/2024,1437,12096,15.04,3,Active
WELL_002,Delta-B-02,Niger Delta Offshore,9/23/2024,1449,12087,15.06,2,Active
WELL_002,Delta-B-02,Niger Delta Onshore,9/24/2024,1394,12137,15.1,1,Active
WELL_002,Delta-B-02,Niger Delta Offshore,9/25/2024,1412,12053,15.12,1,Active
WELL_002,Delta-B-02,Niger Delta Onshore,9/26/2024,1429,12005,15.13,2,Active
WELL_002,Delta-B-02,Niger Delta Offshore,9/27/2024,1434,12117,15.16,0,Active
WELL_002,Delta-B-02,Niger Delta Offshore,9/28/2024,1453,12065,15.17,2,Active
WELL_002,Delta-B-02,Niger Delta Offshore,9/29/2024,1463,12006,15.21,2,Active
WELL_002,Delta-B-02,Niger Delta Offshore,9/30/2024,1410,12176,15.26,1,Active
WELL_002,Delta-B-02,Niger Delta Offshore,10/1/2024,1416,12135,15.29,1,Active
WELL_002,Delta-B-02,Niger Delta Onshore,10/2/2024,1378,11999,15.3,3,Active
WELL_002,Delta-B-02,Niger Delta Offshore,10/3/2024,973,8209,15.35,7,Maintenance
WELL_002,Delta-B-02,Niger Delta Onshore,10/4/2024,1453,12134,15.38,0,Active
WELL_002,Delta-B-02,Niger Delta Onshore,10/5/2024,1438,12096,15.42,1,Active
WELL_002,Delta-B-02,Niger Delta Onshore,10/6/2024,921,8358,15.46,7,Maintenance
WELL_002,Delta-B-02,Niger Delta Offshore,10/7/2024,903,8377,15.51,6,Maintenance
WELL_002,Delta-B-02,Niger Delta Offshore,10/8/2024,1441,12147,15.55,3,Active
WELL_002,Delta-B-02,Niger Delta Onshore,10/9/2024,1377,12006,15.6,3,Active
WELL_002,Delta-B-02,Niger Delta Onshore,10/10/2024,938,8281,15.63,5,Maintenance
WELL_002,Delta-B-02,Niger Delta Onshore,10/11/2024,1376,12072,15.67,0,Active
WELL_002,Delta-B-02,Niger Delta Offshore,10/12/2024,1417,12115,15.7,2,Active
WELL_002,Delta-B-02,Niger Delta Offshore,10/13/2024,1400,12114,15.74,1,Active
WELL_002,Delta-B-02,Niger Delta Onshore,10/14/2024,1393,12136,15.78,3,Active
WELL_002,Delta-B-02,Niger Delta Offshore,10/15/2024,1440,12148,15.83,2,Active
WELL_002,Delta-B-02,Niger Delta Onshore,10/16/2024,1420,11978,15.87,3,Active
WELL_002,Delta-B-02,Niger Delta Onshore,10/17/2024,1402,12100,15.88,0,Active
WELL_002,Delta-B-02,Niger Delta Onshore,10/18/2024,963,8339,15.92,6,Maintenance
WELL_002,Delta-B-02,Niger Delta Offshore,10/19/2024,1378,11955,15.95,2,Active
WELL_002,Delta-B-02,Niger Delta Offshore,10/20/2024,901,8305,15.98,7,Maintenance
WELL_002,Delta-B-02,Niger Delta Offshore,10/21/2024,1382,11994,16.02,1,Active
WELL_002,Delta-B-02,Niger Delta Onshore,10/22/2024,427,3716,16.04,14,Failed
WELL_002,Delta-B-02,Niger Delta Offshore,10/23/2024,1408,12085,16.05,0,Active
WELL_002,Delta-B-02,Niger Delta Offshore,10/24/2024,875,8248,16.09,4,Maintenance
WELL_002,Delta-B-02,Niger Delta Offshore,10/25/2024,1445,12105,16.11,0,Active
WELL_002,Delta-B-02,Niger Delta Offshore,10/26/2024,1410,11972,16.14,0,Active
WELL_002,Delta-B-02,Niger Delta Offshore,10/27/2024,896,8269,16.17,9,Maintenance
WELL_002,Delta-B-02,Niger Delta Offshore,10/28/2024,1416,11962,16.21,0,Active
WELL_002,Delta-B-02,Niger Delta Offshore,10/29/2024,74,2923,16.24,19,Failed
WELL_002,Delta-B-02,Niger Delta Offshore,10/30/2024,1388,12079,16.29,0,Active
WELL_002,Delta-B-02,Niger Delta Onshore,10/31/2024,917,8137,16.32,9,Maintenance
WELL_002,Delta-B-02,Niger Delta Onshore,11/1/2024,907,8216,16.36,6,Maintenance
WELL_002,Delta-B-02,Niger Delta Onshore,11/2/2024,292,1257,16.4,13,Failed
WELL_002,Delta-B-02,Niger Delta Offshore,11/3/2024,206,2654,16.44,17,Failed
WELL_002,Delta-B-02,Niger Delta Onshore,11/4/2024,1397,12030,16.47,2,Active
WELL_002,Delta-B-02,Niger Delta Offshore,11/5/2024,880,8267,16.5,9,Maintenance
WELL_002,Delta-B-02,Niger Delta Offshore,11/6/2024,1401,11941,16.53,3,Active
WELL_002,Delta-B-02,Niger Delta Offshore,11/7/2024,1374,11957,16.55,1,Active
WELL_002,Delta-B-02,Niger Delta Offshore,11/8/2024,295,583,16.58,23,Failed
WELL_002,Delta-B-02,Niger Delta Offshore,11/9/2024,1404,12037,16.6,2,Active
WELL_002,Delta-B-02,Niger Delta Onshore,11/10/2024,1367,11948,16.62,2,Active
WELL_002,Delta-B-02,Niger Delta Offshore,11/11/2024,1365,11983,16.67,0,Active
WELL_002,Delta-B-02,Niger Delta Offshore,11/12/2024,1426,12022,16.69,2,Active
WELL_002,Delta-B-02,Niger Delta Onshore,11/13/2024,1348,11939,16.73,2,Active
WELL_002,Delta-B-02,Niger Delta Onshore,11/14/2024,1376,12019,16.75,1,Active
WELL_002,Delta-B-02,Niger Delta Onshore,11/15/2024,1397,11976,16.76,3,Active
WELL_002,Delta-B-02,Niger Delta Offshore,11/16/2024,312,1462,16.77,19,Failed
WELL_002,Delta-B-02,Niger Delta Onshore,11/17/2024,1347,11974,16.81,1,Active
WELL_002,Delta-B-02,Niger Delta Onshore,11/18/2024,398,2153,16.83,10,Failed
WELL_002,Delta-B-02,Niger Delta Offshore,11/19/2024,1413,11913,16.88,0,Active
WELL_002,Delta-B-02,Niger Delta Onshore,11/20/2024,1413,11956,16.92,0,Active
WELL_002,Delta-B-02,Niger Delta Onshore,11/21/2024,1414,12065,16.94,1,Active
WELL_002,Delta-B-02,Niger Delta Offshore,11/22/2024,896,8175,16.97,7,Maintenance
WELL_002,Delta-B-02,Niger Delta Offshore,11/23/2024,1335,11950,17,0,Active
WELL_002,Delta-B-02,Niger Delta Onshore,11/24/2024,839,8121,17.05,9,Maintenance
WELL_002,Delta-B-02,Niger Delta Onshore,11/25/2024,1390,12035,17.1,1,Active
WELL_002,Delta-B-02,Niger Delta Offshore,11/26/2024,1330,12017,17.13,3,Active
WELL_002,Delta-B-02,Niger Delta Offshore,11/27/2024,317,2232,17.17,17,Failed
WELL_002,Delta-B-02,Niger Delta Onshore,11/28/2024,891,8150,17.2,6,Maintenance
WELL_002,Delta-B-02,Niger Delta Onshore,11/29/2024,1386,11913,17.24,0,Active
WELL_002,Delta-B-02,Niger Delta Onshore,11/30/2024,1407,11986,17.26,0,Active
WELL_002,Delta-B-02,Niger Delta Onshore,12/1/2024,1372,11877,17.29,1,Active
WELL_002,Delta-B-02,Niger Delta Offshore,12/2/2024,1323,11998,17.3,0,Active
WELL_002,Delta-B-02,Niger Delta Offshore,12/3/2024,1412,11962,17.35,1,Active
WELL_002,Delta-B-02,Niger Delta Onshore,12/4/2024,1379,11864,17.38,1,Active
WELL_002,Delta-B-02,Niger Delta Offshore,12/5/2024,843,8179,17.41,8,Maintenance
WELL_002,Delta-B-02,Niger Delta Offshore,12/6/2024,1332,11943,17.43,1,Active
WELL_002,Delta-B-02,Niger Delta Onshore,12/7/2024,868,8150,17.45,8,Maintenance
WELL_002,Delta-B-02,Niger Delta Onshore,12/8/2024,1332,12023,17.48,2,Active
WELL_002,Delta-B-02,Niger Delta Offshore,12/9/2024,1368,11999,17.52,3,Active
WELL_002,Delta-B-02,Niger Delta Offshore,12/10/2024,43,2786,17.56,10,Failed
WELL_002,Delta-B-02,Niger Delta Onshore,12/11/2024,1327,12022,17.57,2,Active
WELL_002,Delta-B-02,Niger Delta Onshore,12/12/2024,1356,12025,17.59,0,Active
WELL_002,Delta-B-02,Niger Delta Onshore,12/13/2024,1410,11993,17.62,0,Active
WELL_002,Delta-B-02,Niger Delta Offshore,12/14/2024,1368,11965,17.64,2,Active
WELL_002,Delta-B-02,Niger Delta Onshore,12/15/2024,1365,12029,17.68,3,Active
WELL_002,Delta-B-02,Niger Delta Onshore,12/16/2024,1360,11976,17.73,3,Active
WELL_002,Delta-B-02,Niger Delta Offshore,12/17/2024,1338,11842,17.77,2,Active
WELL_002,Delta-B-02,Niger Delta Offshore,12/18/2024,1347,11942,17.8,1,Active
WELL_002,Delta-B-02,Niger Delta Onshore,12/19/2024,1357,11864,17.83,1,Active
WELL_002,Delta-B-02,Niger Delta Offshore,12/20/2024,1388,11924,17.85,3,Active
WELL_002,Delta-B-02,Niger Delta Offshore,12/21/2024,251,1378,17.86,19,Failed
WELL_002,Delta-B-02,Niger Delta Onshore,12/22/2024,1348,11863,17.91,0,Active
WELL_002,Delta-B-02,Niger Delta Offshore,12/23/2024,207,2417,17.96,17,Failed
WELL_002,Delta-B-02,Niger Delta Offshore,12/24/2024,1320,11995,17.99,2,Active
WELL_002,Delta-B-02,Niger Delta Offshore,12/25/2024,1328,11843,18.01,0,Active
WELL_002,Delta-B-02,Niger Delta Offshore,12/26/2024,1376,11833,18.04,1,Active
WELL_002,Delta-B-02,Niger Delta Onshore,12/27/2024,1326,11810,18.06,2,Active
WELL_002,Delta-B-02,Niger Delta Offshore,12/28/2024,1336,11908,18.09,2,Active
WELL_002,Delta-B-02,Niger Delta Onshore,12/29/2024,1395,11979,18.14,2,Active
WELL_002,Delta-B-02,Niger Delta Onshore,12/30/2024,1354,11911,18.16,3,Active
WELL_002,Delta-B-02,Niger Delta Offshore,12/31/2024,1320,11881,18.2,2,Active
WELL_002,Delta-B-02,Niger Delta Onshore,1/1/2025,1395,11911,18.23,0,Active
WELL_002,Delta-B-02,Niger Delta Onshore,1/2/2025,435,974,18.25,23,Failed
WELL_002,Delta-B-02,Niger Delta Offshore,1/3/2025,1301,11861,18.3,1,Active
WELL_002,Delta-B-02,Niger Delta Offshore,1/4/2025,1363,11880,18.35,2,Active
WELL_002,Delta-B-02,Niger Delta Onshore,1/5/2025,842,8136,18.37,6,Maintenance
WELL_002,Delta-B-02,Niger Delta Onshore,1/6/2025,1355,11977,18.38,2,Active
WELL_002,Delta-B-02,Niger Delta Onshore,1/7/2025,1349,11970,18.43,0,Active
WELL_002,Delta-B-02,Niger Delta Onshore,1/8/2025,1294,11974,18.47,2,Active
WELL_002,Delta-B-02,Niger Delta Onshore,1/9/2025,1367,11946,18.49,3,Active
WELL_002,Delta-B-02,Niger Delta Offshore,1/10/2025,1352,11902,18.53,3,Active
WELL_002,Delta-B-02,Niger Delta Onshore,1/11/2025,882,8170,18.55,5,Maintenance
WELL_002,Delta-B-02,Niger Delta Offshore,1/12/2025,1365,11902,18.58,0,Active
WELL_002,Delta-B-02,Niger Delta Offshore,1/13/2025,320,760,18.62,10,Failed
WELL_002,Delta-B-02,Niger Delta Offshore,1/14/2025,817,8146,18.66,4,Maintenance
WELL_002,Delta-B-02,Niger Delta Onshore,1/15/2025,1304,11784,18.69,2,Active
WELL_002,Delta-B-02,Niger Delta Offshore,1/16/2025,1364,11938,18.74,0,Active
WELL_002,Delta-B-02,Niger Delta Onshore,1/17/2025,1346,11906,18.78,3,Active
WELL_002,Delta-B-02,Niger Delta Offshore,1/18/2025,826,8032,18.79,8,Maintenance
WELL_002,Delta-B-02,Niger Delta Onshore,1/19/2025,1372,11921,18.81,2,Active
WELL_002,Delta-B-02,Niger Delta Offshore,1/20/2025,1353,11816,18.84,1,Active
WELL_002,Delta-B-02,Niger Delta Offshore,1/21/2025,1296,11768,18.86,0,Active
WELL_002,Delta-B-02,Niger Delta Onshore,1/22/2025,1344,11916,18.87,2,Active
WELL_002,Delta-B-02,Niger Delta Offshore,1/23/2025,1312,11873,18.92,2,Active
WELL_002,Delta-B-02,Niger Delta Onshore,1/24/2025,1296,11820,18.94,0,Active
WELL_002,Delta-B-02,Niger Delta Offshore,1/25/2025,1292,11945,18.97,3,Active
WELL_002,Delta-B-02,Niger Delta Offshore,1/26/2025,1346,11785,18.99,2,Active
WELL_002,Delta-B-02,Niger Delta Onshore,1/27/2025,428,2905,19.01,13,Failed
WELL_002,Delta-B-02,Niger Delta Onshore,1/28/2025,1284,11765,19.06,2,Active
WELL_002,Delta-B-02,Niger Delta Onshore,1/29/2025,449,2630,19.1,22,Failed
WELL_002,Delta-B-02,Niger Delta Offshore,1/30/2025,1332,11767,19.14,0,Active
WELL_002,Delta-B-02,Niger Delta Onshore,1/31/2025,1367,11902,19.18,0,Active
WELL_002,Delta-B-02,Niger Delta Onshore,2/1/2025,874,8078,19.23,8,Maintenance
WELL_002,Delta-B-02,Niger Delta Offshore,2/2/2025,1365,11882,19.26,3,Active
WELL_002,Delta-B-02,Niger Delta Onshore,2/3/2025,875,7946,19.28,5,Maintenance
WELL_002,Delta-B-02,Niger Delta Offshore,2/4/2025,1282,11770,19.33,1,Active
WELL_002,Delta-B-02,Niger Delta Offshore,2/5/2025,1311,11858,19.38,0,Active
WELL_002,Delta-B-02,Niger Delta Onshore,2/6/2025,841,8084,19.42,9,Maintenance
WELL_002,Delta-B-02,Niger Delta Onshore,2/7/2025,1271,11858,19.45,1,Active
WELL_002,Delta-B-02,Niger Delta Onshore,2/8/2025,1340,11742,19.47,1,Active
WELL_002,Delta-B-02,Niger Delta Offshore,2/9/2025,1354,11747,19.51,2,Active
WELL_002,Delta-B-02,Niger Delta Onshore,2/10/2025,1291,11789,19.55,3,Active
WELL_002,Delta-B-02,Niger Delta Offshore,2/11/2025,1306,11738,19.59,1,Active
WELL_002,Delta-B-02,Niger Delta Offshore,2/12/2025,1363,11722,19.63,1,Active
WELL_002,Delta-B-02,Niger Delta Offshore,2/13/2025,208,1471,19.65,16,Failed
WELL_002,Delta-B-02,Niger Delta Offshore,2/14/2025,465,2101,19.67,19,Failed
WELL_002,Delta-B-02,Niger Delta Offshore,2/15/2025,1361,11892,19.71,1,Active
WELL_002,Delta-B-02,Niger Delta Offshore,2/16/2025,815,7962,19.74,6,Maintenance
WELL_002,Delta-B-02,Niger Delta Onshore,2/17/2025,1262,11760,19.77,2,Active
WELL_002,Delta-B-02,Niger Delta Onshore,2/18/2025,1322,11810,19.81,2,Active
WELL_002,Delta-B-02,Niger Delta Onshore,2/19/2025,1272,11740,19.85,3,Active
WELL_002,Delta-B-02,Niger Delta Offshore,2/20/2025,1343,11703,19.89,3,Active
WELL_002,Delta-B-02,Niger Delta Offshore,2/21/2025,1350,11868,19.94,1,Active
WELL_002,Delta-B-02,Niger Delta Offshore,2/22/2025,1330,11762,19.95,1,Active
WELL_002,Delta-B-02,Niger Delta Offshore,2/23/2025,830,8043,19.98,8,Maintenance
WELL_002,Delta-B-02,Niger Delta Onshore,2/24/2025,1276,11751,20,0,Active
WELL_002,Delta-B-02,Niger Delta Offshore,2/25/2025,1279,11755,20.02,3,Active
WELL_002,Delta-B-02,Niger Delta Offshore,2/26/2025,1271,11880,20.07,3,Active
WELL_002,Delta-B-02,Niger Delta Offshore,2/27/2025,1286,11822,20.09,2,Active
WELL_002,Delta-B-02,Niger Delta Onshore,2/28/2025,1303,11859,20.11,1,Active
WELL_002,Delta-B-02,Niger Delta Onshore,3/1/2025,1289,11747,20.15,2,Active
WELL_002,Delta-B-02,Niger Delta Onshore,3/2/2025,789,8018,20.17,4,Maintenance
WELL_002,Delta-B-02,Niger Delta Offshore,3/3/2025,1324,11838,20.18,1,Active
WELL_002,Delta-B-02,Niger Delta Onshore,3/4/2025,1325,11713,20.21,1,Active
WELL_002,Delta-B-02,Niger Delta Onshore,3/5/2025,489,2525,20.23,12,Failed
WELL_002,Delta-B-02,Niger Delta Offshore,3/6/2025,1278,11750,20.28,0,Active
WELL_002,Delta-B-02,Niger Delta Offshore,3/7/2025,1256,11795,20.32,3,Active
WELL_002,Delta-B-02,Niger Delta Onshore,3/8/2025,1261,11709,20.33,3,Active
WELL_002,Delta-B-02,Niger Delta Onshore,3/9/2025,1255,11780,20.34,0,Active
WELL_002,Delta-B-02,Niger Delta Onshore,3/10/2025,1255,11754,20.37,1,Active
WELL_002,Delta-B-02,Niger Delta Offshore,3/11/2025,46,1204,20.41,10,Failed
WELL_002,Delta-B-02,Niger Delta Offshore,3/12/2025,1261,11809,20.43,3,Active
WELL_002,Delta-B-02,Niger Delta Onshore,3/13/2025,1308,11665,20.45,0,Active
WELL_002,Delta-B-02,Niger Delta Offshore,3/14/2025,1289,11795,20.46,1,Active
WELL_002,Delta-B-02,Niger Delta Offshore,3/15/2025,1267,11674,20.47,1,Active
WELL_002,Delta-B-02,Niger Delta Offshore,3/16/2025,1336,11724,20.51,3,Active
WELL_002,Delta-B-02,Niger Delta Offshore,3/17/2025,1318,11667,20.52,0,Active
WELL_002,Delta-B-02,Niger Delta Onshore,3/18/2025,1317,11805,20.54,0,Active
WELL_002,Delta-B-02,Niger Delta Offshore,3/19/2025,72,587,20.55,17,Failed
WELL_002,Delta-B-02,Niger Delta Offshore,3/20/2025,1283,11659,20.58,1,Active
WELL_002,Delta-B-02,Niger Delta Offshore,3/21/2025,1271,11789,20.61,3,Active
WELL_002,Delta-B-02,Niger Delta Onshore,3/22/2025,1300,11664,20.65,1,Active
WELL_002,Delta-B-02,Niger Delta Offshore,3/23/2025,1257,11782,20.66,0,Active
WELL_002,Delta-B-02,Niger Delta Offshore,3/24/2025,773,7970,20.71,9,Maintenance
WELL_002,Delta-B-02,Niger Delta Onshore,3/25/2025,1276,11793,20.75,3,Active
WELL_002,Delta-B-02,Niger Delta Offshore,3/26/2025,1287,11723,20.78,3,Active
WELL_002,Delta-B-02,Niger Delta Onshore,3/27/2025,1297,11776,20.79,1,Active
WELL_002,Delta-B-02,Niger Delta Offshore,3/28/2025,1297,11772,20.83,0,Active
WELL_002,Delta-B-02,Niger Delta Onshore,3/29/2025,1298,11761,20.85,1,Active
WELL_002,Delta-B-02,Niger Delta Offshore,3/30/2025,806,7876,20.87,8,Maintenance
WELL_002,Delta-B-02,Niger Delta Onshore,3/31/2025,43,609,20.89,15,Failed
WELL_002,Delta-B-02,Niger Delta Onshore,4/1/2025,1304,11694,20.94,3,Active
WELL_002,Delta-B-02,Niger Delta Offshore,4/2/2025,1317,11696,20.95,0,Active
WELL_002,Delta-B-02,Niger Delta Onshore,4/3/2025,1237,11646,21,3,Active
WELL_002,Delta-B-02,Niger Delta Onshore,4/4/2025,1318,11631,21.04,0,Active
WELL_002,Delta-B-02,Niger Delta Onshore,4/5/2025,1295,11736,21.06,0,Active
WELL_002,Delta-B-02,Niger Delta Offshore,4/6/2025,1276,11693,21.08,2,Active
WELL_002,Delta-B-02,Niger Delta Onshore,4/7/2025,748,7860,21.11,6,Maintenance
WELL_002,Delta-B-02,Niger Delta Offshore,4/8/2025,1221,11682,21.14,2,Active
WELL_002,Delta-B-02,Niger Delta Onshore,4/9/2025,1270,11760,21.18,0,Active
WELL_002,Delta-B-02,Niger Delta Onshore,4/10/2025,1295,11706,21.2,3,Active
WELL_002,Delta-B-02,Niger Delta Onshore,4/11/2025,744,7908,21.21,9,Maintenance
WELL_002,Delta-B-02,Niger Delta Onshore,4/12/2025,1274,11679,21.23,3,Active
WELL_002,Delta-B-02,Niger Delta Offshore,4/13/2025,1259,11791,21.25,1,Active
WELL_002,Delta-B-02,Niger Delta Offshore,4/14/2025,1241,11740,21.28,2,Active
WELL_002,Delta-B-02,Niger Delta Onshore,4/15/2025,761,7977,21.32,6,Maintenance
WELL_002,Delta-B-02,Niger Delta Offshore,4/16/2025,1240,11627,21.36,2,Active
WELL_002,Delta-B-02,Niger Delta Offshore,4/17/2025,1277,11717,21.38,2,Active
WELL_002,Delta-B-02,Niger Delta Onshore,4/18/2025,1277,11680,21.42,3,Active
WELL_002,Delta-B-02,Niger Delta Offshore,4/19/2025,1218,11590,21.47,2,Active
WELL_002,Delta-B-02,Niger Delta Onshore,4/20/2025,1223,11748,21.51,1,Active
WELL_002,Delta-B-02,Niger Delta Onshore,4/21/2025,1290,11696,21.56,3,Active
WELL_002,Delta-B-02,Niger Delta Onshore,4/22/2025,1213,11648,21.61,0,Active
WELL_002,Delta-B-02,Niger Delta Onshore,4/23/2025,1300,11753,21.64,2,Active
WELL_002,Delta-B-02,Niger Delta Onshore,4/24/2025,1264,11595,21.69,3,Active
WELL_002,Delta-B-02,Niger Delta Offshore,4/25/2025,1221,11645,21.7,3,Active
WELL_002,Delta-B-02,Niger Delta Onshore,4/26/2025,413,2547,21.72,23,Failed
WELL_002,Delta-B-02,Niger Delta Onshore,4/27/2025,1256,11665,21.75,0,Active
WELL_002,Delta-B-02,Niger Delta Offshore,4/28/2025,1242,11625,21.79,1,Active
WELL_002,Delta-B-02,Niger Delta Onshore,4/29/2025,1285,11728,21.81,0,Active
WELL_002,Delta-B-02,Niger Delta Offshore,4/30/2025,1253,11609,21.83,0,Active
WELL_002,Delta-B-02,Niger Delta Offshore,5/1/2025,1206,11700,21.87,1,Active
WELL_002,Delta-B-02,Niger Delta Onshore,5/2/2025,1272,11731,21.91,0,Active
WELL_002,Delta-B-02,Niger Delta Onshore,5/3/2025,1283,11587,21.94,3,Active
WELL_002,Delta-B-02,Niger Delta Offshore,5/4/2025,1277,11670,21.97,3,Active
WELL_002,Delta-B-02,Niger Delta Onshore,5/5/2025,753,7945,21.99,6,Maintenance
WELL_002,Delta-B-02,Niger Delta Offshore,5/6/2025,1244,11721,22.03,3,Active
WELL_002,Delta-B-02,Niger Delta Offshore,5/7/2025,1272,11609,22.06,1,Active
WELL_002,Delta-B-02,Niger Delta Onshore,5/8/2025,1249,11740,22.1,1,Active
WELL_002,Delta-B-02,Niger Delta Offshore,5/9/2025,709,7820,22.13,5,Maintenance
WELL_002,Delta-B-02,Niger Delta Offshore,5/10/2025,1213,11632,22.18,0,Active
WELL_002,Delta-B-02,Niger Delta Onshore,5/11/2025,1268,11547,22.23,0,Active
WELL_002,Delta-B-02,Niger Delta Onshore,5/12/2025,1214,11609,22.27,1,Active
WELL_002,Delta-B-02,Niger Delta Onshore,5/13/2025,1207,11533,22.31,0,Active
WELL_002,Delta-B-02,Niger Delta Offshore,5/14/2025,1194,11664,22.36,1,Active
WELL_003,Delta-C-03,Niger Delta Onshore,1/1/2024,1965,13561,14.03,2,Active
WELL_003,Delta-C-03,Niger Delta Offshore,1/2/2024,1967,13530,14.04,0,Active
WELL_003,Delta-C-03,Niger Delta Onshore,1/3/2024,1334,9398,14.07,9,Maintenance
WELL_003,Delta-C-03,Niger Delta Offshore,1/4/2024,1962,13575,14.08,3,Active
WELL_003,Delta-C-03,Niger Delta Offshore,1/5/2024,1915,13440,14.1,2,Active
WELL_003,Delta-C-03,Niger Delta Onshore,1/6/2024,1935,13471,14.12,2,Active
WELL_003,Delta-C-03,Niger Delta Onshore,1/7/2024,1880,13626,14.14,2,Active
WELL_003,Delta-C-03,Niger Delta Offshore,1/8/2024,1956,13454,14.17,1,Active
WELL_003,Delta-C-03,Niger Delta Offshore,1/9/2024,1940,13516,14.2,1,Active
WELL_003,Delta-C-03,Niger Delta Onshore,1/10/2024,1946,13596,14.23,1,Active
WELL_003,Delta-C-03,Niger Delta Offshore,1/11/2024,1949,13435,14.26,3,Active
WELL_003,Delta-C-03,Niger Delta Offshore,1/12/2024,1938,13488,14.28,1,Active
WELL_003,Delta-C-03,Niger Delta Onshore,1/13/2024,1308,9466,14.31,9,Maintenance
WELL_003,Delta-C-03,Niger Delta Offshore,1/14/2024,1931,13597,14.34,3,Active
WELL_003,Delta-C-03,Niger Delta Offshore,1/15/2024,1918,13565,14.38,0,Active
WELL_003,Delta-C-03,Niger Delta Onshore,1/16/2024,1881,13580,14.42,0,Active
WELL_003,Delta-C-03,Niger Delta Offshore,1/17/2024,189,1164,14.43,11,Failed
WELL_003,Delta-C-03,Niger Delta Offshore,1/18/2024,1919,13590,14.44,3,Active
WELL_003,Delta-C-03,Niger Delta Offshore,1/19/2024,1864,13471,14.46,2,Active
WELL_003,Delta-C-03,Niger Delta Offshore,1/20/2024,1862,13407,14.5,1,Active
WELL_003,Delta-C-03,Niger Delta Offshore,1/21/2024,1867,13596,14.51,0,Active
WELL_003,Delta-C-03,Niger Delta Onshore,1/22/2024,1919,13442,14.54,1,Active
WELL_003,Delta-C-03,Niger Delta Onshore,1/23/2024,1331,9480,14.59,8,Maintenance
WELL_003,Delta-C-03,Niger Delta Onshore,1/24/2024,1896,13565,14.62,1,Active
WELL_003,Delta-C-03,Niger Delta Onshore,1/25/2024,1936,13542,14.63,2,Active
WELL_003,Delta-C-03,Niger Delta Onshore,1/26/2024,1942,13481,14.67,2,Active
WELL_003,Delta-C-03,Niger Delta Offshore,1/27/2024,1324,9451,14.68,6,Maintenance
WELL_003,Delta-C-03,Niger Delta Offshore,1/28/2024,1312,9403,14.72,6,Maintenance
WELL_003,Delta-C-03,Niger Delta Onshore,1/29/2024,1869,13399,14.76,1,Active
WELL_003,Delta-C-03,Niger Delta Onshore,1/30/2024,1918,13564,14.8,1,Active
WELL_003,Delta-C-03,Niger Delta Onshore,1/31/2024,1871,13444,14.83,0,Active
WELL_003,Delta-C-03,Niger Delta Onshore,2/1/2024,1868,13473,14.85,2,Active
WELL_003,Delta-C-03,Niger Delta Onshore,2/2/2024,1941,13524,14.88,2,Active
WELL_003,Delta-C-03,Niger Delta Offshore,2/3/2024,1925,13461,14.92,3,Active
WELL_003,Delta-C-03,Niger Delta Offshore,2/4/2024,1892,13547,14.95,2,Active
WELL_003,Delta-C-03,Niger Delta Offshore,2/5/2024,1899,13400,14.97,0,Active
WELL_003,Delta-C-03,Niger Delta Offshore,2/6/2024,1890,13454,15,0,Active
WELL_003,Delta-C-03,Niger Delta Offshore,2/7/2024,1868,13534,15.01,0,Active
WELL_003,Delta-C-03,Niger Delta Onshore,2/8/2024,1914,13401,15.03,1,Active
WELL_003,Delta-C-03,Niger Delta Offshore,2/9/2024,1841,13478,15.05,3,Active
WELL_003,Delta-C-03,Niger Delta Offshore,2/10/2024,1926,13394,15.1,3,Active
WELL_003,Delta-C-03,Niger Delta Onshore,2/11/2024,1935,13446,15.12,0,Active
WELL_003,Delta-C-03,Niger Delta Onshore,2/12/2024,1285,9309,15.15,6,Maintenance
WELL_003,Delta-C-03,Niger Delta Offshore,2/13/2024,1932,13515,15.16,2,Active
WELL_003,Delta-C-03,Niger Delta Onshore,2/14/2024,1923,13476,15.2,1,Active
WELL_003,Delta-C-03,Niger Delta Offshore,2/15/2024,1882,13388,15.24,3,Active
WELL_003,Delta-C-03,Niger Delta Onshore,2/16/2024,1851,13535,15.25,3,Active
WELL_003,Delta-C-03,Niger Delta Onshore,2/17/2024,1319,9451,15.28,7,Maintenance
WELL_003,Delta-C-03,Niger Delta Offshore,2/18/2024,1847,13486,15.3,0,Active
WELL_003,Delta-C-03,Niger Delta Offshore,2/19/2024,1850,13420,15.34,0,Active
WELL_003,Delta-C-03,Niger Delta Onshore,2/20/2024,1295,9386,15.37,7,Maintenance
WELL_003,Delta-C-03,Niger Delta Offshore,2/21/2024,1892,13447,15.39,2,Active
WELL_003,Delta-C-03,Niger Delta Onshore,2/22/2024,1870,13476,15.4,2,Active
WELL_003,Delta-C-03,Niger Delta Offshore,2/23/2024,1900,13385,15.44,1,Active
WELL_003,Delta-C-03,Niger Delta Onshore,2/24/2024,1866,13395,15.47,2,Active
WELL_003,Delta-C-03,Niger Delta Onshore,2/25/2024,1877,13526,15.51,1,Active
WELL_003,Delta-C-03,Niger Delta Offshore,2/26/2024,1880,13457,15.56,3,Active
WELL_003,Delta-C-03,Niger Delta Offshore,2/27/2024,1894,13520,15.58,1,Active
WELL_003,Delta-C-03,Niger Delta Onshore,2/28/2024,1887,13392,15.6,3,Active
WELL_003,Delta-C-03,Niger Delta Onshore,2/29/2024,1884,13465,15.64,1,Active
WELL_003,Delta-C-03,Niger Delta Onshore,3/1/2024,1877,13354,15.69,0,Active
WELL_003,Delta-C-03,Niger Delta Onshore,3/2/2024,1828,13347,15.71,3,Active
WELL_003,Delta-C-03,Niger Delta Offshore,3/3/2024,231,1714,15.73,15,Failed
WELL_003,Delta-C-03,Niger Delta Onshore,3/4/2024,1861,13330,15.75,2,Active
WELL_003,Delta-C-03,Niger Delta Offshore,3/5/2024,1276,9285,15.77,5,Maintenance
WELL_003,Delta-C-03,Niger Delta Onshore,3/6/2024,1847,13435,15.79,1,Active
WELL_003,Delta-C-03,Niger Delta Offshore,3/7/2024,1843,13434,15.81,2,Active
WELL_003,Delta-C-03,Niger Delta Offshore,3/8/2024,1854,13494,15.82,2,Active
WELL_003,Delta-C-03,Niger Delta Offshore,3/9/2024,1871,13406,15.86,1,Active
WELL_003,Delta-C-03,Niger Delta Onshore,3/10/2024,1297,9310,15.88,9,Maintenance
WELL_003,Delta-C-03,Niger Delta Onshore,3/11/2024,1870,13495,15.91,3,Active
WELL_003,Delta-C-03,Niger Delta Offshore,3/12/2024,1820,13324,15.96,3,Active
WELL_003,Delta-C-03,Niger Delta Offshore,3/13/2024,1323,9274,16,7,Maintenance
WELL_003,Delta-C-03,Niger Delta Onshore,3/14/2024,1874,13458,16.04,1,Active
WELL_003,Delta-C-03,Niger Delta Offshore,3/15/2024,1815,13339,16.08,3,Active
WELL_003,Delta-C-03,Niger Delta Onshore,3/16/2024,115,3341,16.12,12,Failed
WELL_003,Delta-C-03,Niger Delta Offshore,3/17/2024,23,3699,16.13,10,Failed
WELL_003,Delta-C-03,Niger Delta Onshore,3/18/2024,1887,13364,16.18,1,Active
WELL_003,Delta-C-03,Niger Delta Offshore,3/19/2024,1293,9268,16.22,6,Maintenance
WELL_003,Delta-C-03,Niger Delta Onshore,3/20/2024,1262,9335,16.25,8,Maintenance
WELL_003,Delta-C-03,Niger Delta Offshore,3/21/2024,1884,13400,16.27,2,Active
WELL_003,Delta-C-03,Niger Delta Offshore,3/22/2024,1836,13469,16.3,0,Active
WELL_003,Delta-C-03,Niger Delta Offshore,3/23/2024,1858,13405,16.31,2,Active
WELL_003,Delta-C-03,Niger Delta Onshore,3/24/2024,1320,9295,16.34,9,Maintenance
WELL_003,Delta-C-03,Niger Delta Onshore,3/25/2024,1242,9259,16.38,8,Maintenance
WELL_003,Delta-C-03,Niger Delta Onshore,3/26/2024,1860,13399,16.42,3,Active
WELL_003,Delta-C-03,Niger Delta Offshore,3/27/2024,1882,13336,16.45,1,Active
WELL_003,Delta-C-03,Niger Delta Offshore,3/28/2024,1837,13462,16.49,0,Active
WELL_003,Delta-C-03,Niger Delta Offshore,3/29/2024,1885,13327,16.51,3,Active
WELL_003,Delta-C-03,Niger Delta Onshore,3/30/2024,1895,13279,16.55,1,Active
WELL_003,Delta-C-03,Niger Delta Onshore,3/31/2024,1802,13263,16.57,3,Active
WELL_003,Delta-C-03,Niger Delta Onshore,4/1/2024,1830,13285,16.59,3,Active
WELL_003,Delta-C-03,Niger Delta Offshore,4/2/2024,1858,13289,16.6,1,Active
WELL_003,Delta-C-03,Niger Delta Onshore,4/3/2024,1808,13437,16.64,0,Active
WELL_003,Delta-C-03,Niger Delta Onshore,4/4/2024,1833,13440,16.67,2,Active
WELL_003,Delta-C-03,Niger Delta Onshore,4/5/2024,1247,9285,16.7,9,Maintenance
WELL_003,Delta-C-03,Niger Delta Offshore,4/6/2024,1223,9225,16.72,5,Maintenance
WELL_003,Delta-C-03,Niger Delta Onshore,4/7/2024,1841,13297,16.77,1,Active
WELL_003,Delta-C-03,Niger Delta Onshore,4/8/2024,1800,13418,16.79,1,Active
WELL_003,Delta-C-03,Niger Delta Onshore,4/9/2024,1810,13396,16.8,1,Active
WELL_003,Delta-C-03,Niger Delta Onshore,4/10/2024,535,1407,16.82,10,Failed
WELL_003,Delta-C-03,Niger Delta Offshore,4/11/2024,1844,13297,16.84,0,Active
WELL_003,Delta-C-03,Niger Delta Onshore,4/12/2024,1872,13361,16.87,2,Active
WELL_003,Delta-C-03,Niger Delta Onshore,4/13/2024,1818,13391,16.89,0,Active
WELL_003,Delta-C-03,Niger Delta Offshore,4/14/2024,397,2518,16.9,15,Failed
WELL_003,Delta-C-03,Niger Delta Offshore,4/15/2024,567,1910,16.92,12,Failed
WELL_003,Delta-C-03,Niger Delta Offshore,4/16/2024,1786,13279,16.96,1,Active
WELL_003,Delta-C-03,Niger Delta Offshore,4/17/2024,1785,13246,17.01,2,Active
WELL_003,Delta-C-03,Niger Delta Onshore,4/18/2024,1823,13249,17.04,1,Active
WELL_003,Delta-C-03,Niger Delta Onshore,4/19/2024,1223,9280,17.08,6,Maintenance
WELL_003,Delta-C-03,Niger Delta Offshore,4/20/2024,1861,13381,17.1,2,Active
WELL_003,Delta-C-03,Niger Delta Onshore,4/21/2024,1206,9165,17.12,6,Maintenance
WELL_003,Delta-C-03,Niger Delta Onshore,4/22/2024,1802,13247,17.15,1,Active
WELL_003,Delta-C-03,Niger Delta Offshore,4/23/2024,1837,13411,17.19,0,Active
WELL_003,Delta-C-03,Niger Delta Onshore,4/24/2024,1801,13365,17.21,2,Active
WELL_003,Delta-C-03,Niger Delta Onshore,4/25/2024,96,3022,17.25,19,Failed
WELL_003,Delta-C-03,Niger Delta Offshore,4/26/2024,1846,13268,17.28,0,Active
WELL_003,Delta-C-03,Niger Delta Onshore,4/27/2024,1814,13324,17.31,2,Active
WELL_003,Delta-C-03,Niger Delta Onshore,4/28/2024,1842,13290,17.34,2,Active
WELL_003,Delta-C-03,Niger Delta Offshore,4/29/2024,514,3385,17.38,16,Failed
WELL_003,Delta-C-03,Niger Delta Offshore,4/30/2024,0,3644,17.4,18,Failed
WELL_003,Delta-C-03,Niger Delta Onshore,5/1/2024,89,225,17.44,19,Failed
WELL_003,Delta-C-03,Niger Delta Onshore,5/2/2024,1869,13269,17.48,0,Active
WELL_003,Delta-C-03,Niger Delta Offshore,5/3/2024,1847,13249,17.52,3,Active
WELL_003,Delta-C-03,Niger Delta Offshore,5/4/2024,1798,13255,17.55,2,Active
WELL_003,Delta-C-03,Niger Delta Onshore,5/5/2024,1806,13303,17.59,2,Active
WELL_003,Delta-C-03,Niger Delta Onshore,5/6/2024,1791,13378,17.62,3,Active
WELL_003,Delta-C-03,Niger Delta Onshore,5/7/2024,1816,13356,17.64,0,Active
WELL_003,Delta-C-03,Niger Delta Onshore,5/8/2024,1864,13328,17.66,3,Active
WELL_003,Delta-C-03,Niger Delta Onshore,5/9/2024,1828,13318,17.68,0,Active
WELL_003,Delta-C-03,Niger Delta Onshore,5/10/2024,1860,13347,17.72,3,Active
WELL_003,Delta-C-03,Niger Delta Onshore,5/11/2024,1794,13329,17.73,2,Active
WELL_003,Delta-C-03,Niger Delta Onshore,5/12/2024,1848,13276,17.77,3,Active
WELL_003,Delta-C-03,Niger Delta Offshore,5/13/2024,1792,13305,17.82,0,Active
WELL_003,Delta-C-03,Niger Delta Offshore,5/14/2024,1771,13250,17.85,2,Active
WELL_003,Delta-C-03,Niger Delta Offshore,5/15/2024,1852,13349,17.87,2,Active
WELL_003,Delta-C-03,Niger Delta Onshore,5/16/2024,1810,13249,17.92,3,Active
WELL_003,Delta-C-03,Niger Delta Offshore,5/17/2024,1779,13182,17.94,1,Active
WELL_003,Delta-C-03,Niger Delta Offshore,5/18/2024,1232,9156,17.98,6,Maintenance
WELL_003,Delta-C-03,Niger Delta Offshore,5/19/2024,1189,9145,18.02,8,Maintenance
WELL_003,Delta-C-03,Niger Delta Offshore,5/20/2024,1820,13288,18.03,1,Active
WELL_003,Delta-C-03,Niger Delta Offshore,5/21/2024,1815,13357,18.07,3,Active
WELL_003,Delta-C-03,Niger Delta Onshore,5/22/2024,1836,13226,18.11,3,Active
WELL_003,Delta-C-03,Niger Delta Onshore,5/23/2024,1826,13314,18.15,1,Active
WELL_003,Delta-C-03,Niger Delta Onshore,5/24/2024,1806,13219,18.19,2,Active
WELL_003,Delta-C-03,Niger Delta Offshore,5/25/2024,1784,13198,18.24,3,Active
WELL_003,Delta-C-03,Niger Delta Offshore,5/26/2024,1841,13273,18.27,1,Active
WELL_003,Delta-C-03,Niger Delta Onshore,5/27/2024,1852,13313,18.28,3,Active
WELL_003,Delta-C-03,Niger Delta Offshore,5/28/2024,1774,13224,18.32,0,Active
WELL_003,Delta-C-03,Niger Delta Offshore,5/29/2024,1809,13187,18.36,3,Active
WELL_003,Delta-C-03,Niger Delta Offshore,5/30/2024,1850,13217,18.39,3,Active
WELL_003,Delta-C-03,Niger Delta Offshore,5/31/2024,133,1996,18.44,23,Failed
WELL_003,Delta-C-03,Niger Delta Onshore,6/1/2024,1842,13252,18.46,3,Active
WELL_003,Delta-C-03,Niger Delta Onshore,6/2/2024,1753,13217,18.51,2,Active
WELL_003,Delta-C-03,Niger Delta Offshore,6/3/2024,1805,13200,18.52,2,Active
WELL_003,Delta-C-03,Niger Delta Onshore,6/4/2024,1192,9248,18.55,8,Maintenance
WELL_003,Delta-C-03,Niger Delta Onshore,6/5/2024,1762,13281,18.57,1,Active
WELL_003,Delta-C-03,Niger Delta Onshore,6/6/2024,1240,9169,18.6,9,Maintenance
WELL_003,Delta-C-03,Niger Delta Offshore,6/7/2024,1757,13133,18.65,2,Active
WELL_003,Delta-C-03,Niger Delta Onshore,6/8/2024,1783,13131,18.69,1,Active
WELL_003,Delta-C-03,Niger Delta Offshore,6/9/2024,1166,9069,18.7,6,Maintenance
WELL_003,Delta-C-03,Niger Delta Onshore,6/10/2024,1826,13238,18.75,1,Active
WELL_003,Delta-C-03,Niger Delta Offshore,6/11/2024,1821,13189,18.78,3,Active
WELL_003,Delta-C-03,Niger Delta Onshore,6/12/2024,1802,13298,18.82,2,Active
WELL_003,Delta-C-03,Niger Delta Offshore,6/13/2024,1749,13235,18.85,1,Active
WELL_003,Delta-C-03,Niger Delta Offshore,6/14/2024,1254,9153,18.88,7,Maintenance
WELL_003,Delta-C-03,Niger Delta Offshore,6/15/2024,1245,9131,18.91,5,Maintenance
WELL_003,Delta-C-03,Niger Delta Onshore,6/16/2024,1824,13192,18.94,3,Active
WELL_003,Delta-C-03,Niger Delta Offshore,6/17/2024,1796,13147,18.96,1,Active
WELL_003,Delta-C-03,Niger Delta Offshore,6/18/2024,389,1680,19,19,Failed
WELL_003,Delta-C-03,Niger Delta Onshore,6/19/2024,1806,13248,19.03,1,Active
WELL_003,Delta-C-03,Niger Delta Offshore,6/20/2024,1821,13130,19.05,2,Active
WELL_003,Delta-C-03,Niger Delta Offshore,6/21/2024,1252,9081,19.07,7,Maintenance
WELL_003,Delta-C-03,Niger Delta Onshore,6/22/2024,1773,13125,19.12,3,Active
WELL_003,Delta-C-03,Niger Delta Onshore,6/23/2024,1787,13271,19.14,1,Active
WELL_003,Delta-C-03,Niger Delta Offshore,6/24/2024,1801,13122,19.19,3,Active
WELL_003,Delta-C-03,Niger Delta Offshore,6/25/2024,1827,13171,19.22,0,Active
WELL_003,Delta-C-03,Niger Delta Offshore,6/26/2024,1816,13157,19.23,1,Active
WELL_003,Delta-C-03,Niger Delta Offshore,6/27/2024,1779,13260,19.28,2,Active
WELL_003,Delta-C-03,Niger Delta Offshore,6/28/2024,1773,13094,19.32,0,Active
WELL_003,Delta-C-03,Niger Delta Onshore,6/29/2024,1243,9036,19.34,5,Maintenance
WELL_003,Delta-C-03,Niger Delta Onshore,6/30/2024,1737,13101,19.36,0,Active
WELL_003,Delta-C-03,Niger Delta Onshore,7/1/2024,1729,13229,19.39,0,Active
WELL_003,Delta-C-03,Niger Delta Offshore,7/2/2024,1813,13177,19.43,2,Active
WELL_003,Delta-C-03,Niger Delta Onshore,7/3/2024,1221,9117,19.47,5,Maintenance
WELL_003,Delta-C-03,Niger Delta Offshore,7/4/2024,1147,9134,19.51,7,Maintenance
WELL_003,Delta-C-03,Niger Delta Offshore,7/5/2024,1160,9156,19.55,7,Maintenance
WELL_003,Delta-C-03,Niger Delta Offshore,7/6/2024,1157,9008,19.56,8,Maintenance
WELL_003,Delta-C-03,Niger Delta Onshore,7/7/2024,1769,13206,19.58,0,Active
WELL_003,Delta-C-03,Niger Delta Offshore,7/8/2024,1750,13160,19.6,3,Active
WELL_003,Delta-C-03,Niger Delta Offshore,7/9/2024,1783,13191,19.62,1,Active
WELL_003,Delta-C-03,Niger Delta Onshore,7/10/2024,220,1876,19.65,16,Failed
WELL_003,Delta-C-03,Niger Delta Offshore,7/11/2024,1756,13206,19.7,2,Active
WELL_003,Delta-C-03,Niger Delta Onshore,7/12/2024,1219,9150,19.71,7,Maintenance
WELL_003,Delta-C-03,Niger Delta Offshore,7/13/2024,1811,13060,19.74,1,Active
WELL_003,Delta-C-03,Niger Delta Offshore,7/14/2024,1770,13148,19.76,3,Active
WELL_003,Delta-C-03,Niger Delta Offshore,7/15/2024,1771,13125,19.77,2,Active
WELL_003,Delta-C-03,Niger Delta Onshore,7/16/2024,1783,13101,19.81,0,Active
WELL_003,Delta-C-03,Niger Delta Onshore,7/17/2024,376,654,19.85,19,Failed
WELL_003,Delta-C-03,Niger Delta Offshore,7/18/2024,1761,13051,19.87,1,Active
WELL_003,Delta-C-03,Niger Delta Offshore,7/19/2024,280,214,19.89,17,Failed
WELL_003,Delta-C-03,Niger Delta Onshore,7/20/2024,1770,13090,19.91,0,Active
WELL_003,Delta-C-03,Niger Delta Onshore,7/21/2024,1806,13140,19.94,0,Active
WELL_003,Delta-C-03,Niger Delta Offshore,7/22/2024,1757,13061,19.96,0,Active
WELL_003,Delta-C-03,Niger Delta Onshore,7/23/2024,1707,13198,20,1,Active
WELL_003,Delta-C-03,Niger Delta Offshore,7/24/2024,1794,13192,20.03,2,Active
WELL_003,Delta-C-03,Niger Delta Offshore,7/25/2024,1767,13065,20.07,0,Active
WELL_003,Delta-C-03,Niger Delta Onshore,7/26/2024,1772,13224,20.09,0,Active
WELL_003,Delta-C-03,Niger Delta Offshore,7/27/2024,1798,13182,20.13,2,Active
WELL_003,Delta-C-03,Niger Delta Offshore,7/28/2024,1757,13198,20.17,1,Active
WELL_003,Delta-C-03,Niger Delta Offshore,7/29/2024,1717,13046,20.2,0,Active
WELL_003,Delta-C-03,Niger Delta Offshore,7/30/2024,1737,13212,20.24,1,Active
WELL_003,Delta-C-03,Niger Delta Offshore,7/31/2024,1173,9029,20.27,5,Maintenance
WELL_003,Delta-C-03,Niger Delta Onshore,8/1/2024,1730,13199,20.31,3,Active
WELL_003,Delta-C-03,Niger Delta Onshore,8/2/2024,1726,13027,20.34,2,Active
WELL_003,Delta-C-03,Niger Delta Offshore,8/3/2024,1775,13156,20.37,0,Active
WELL_003,Delta-C-03,Niger Delta Offshore,8/4/2024,1797,13059,20.42,3,Active
WELL_003,Delta-C-03,Niger Delta Onshore,8/5/2024,1764,13039,20.46,3,Active
WELL_003,Delta-C-03,Niger Delta Offshore,8/6/2024,296,4044,20.47,19,Failed
WELL_003,Delta-C-03,Niger Delta Onshore,8/7/2024,1785,13189,20.51,1,Active
WELL_003,Delta-C-03,Niger Delta Onshore,8/8/2024,1772,13084,20.55,3,Active
WELL_003,Delta-C-03,Niger Delta Offshore,8/9/2024,1751,13182,20.57,0,Active
WELL_003,Delta-C-03,Niger Delta Offshore,8/10/2024,1735,13058,20.59,1,Active
WELL_003,Delta-C-03,Niger Delta Onshore,8/11/2024,1788,13183,20.62,1,Active
WELL_003,Delta-C-03,Niger Delta Onshore,8/12/2024,265,2142,20.66,21,Failed
WELL_003,Delta-C-03,Niger Delta Offshore,8/13/2024,1134,9019,20.71,6,Maintenance
WELL_003,Delta-C-03,Niger Delta Onshore,8/14/2024,485,693,20.75,13,Failed
WELL_003,Delta-C-03,Niger Delta Onshore,8/15/2024,1735,13183,20.8,1,Active
WELL_003,Delta-C-03,Niger Delta Onshore,8/16/2024,1690,13153,20.84,0,Active
WELL_003,Delta-C-03,Niger Delta Offshore,8/17/2024,1741,13161,20.85,0,Active
WELL_003,Delta-C-03,Niger Delta Onshore,8/18/2024,1773,13177,20.87,2,Active
WELL_003,Delta-C-03,Niger Delta Offshore,8/19/2024,1766,13043,20.92,0,Active
WELL_003,Delta-C-03,Niger Delta Onshore,8/20/2024,1726,13017,20.97,2,Active
WELL_003,Delta-C-03,Niger Delta Onshore,8/21/2024,1685,13036,21.01,2,Active
WELL_003,Delta-C-03,Niger Delta Onshore,8/22/2024,1764,13088,21.05,2,Active
WELL_003,Delta-C-03,Niger Delta Onshore,8/23/2024,1722,13142,21.07,3,Active
WELL_003,Delta-C-03,Niger Delta Onshore,8/24/2024,1172,8934,21.09,7,Maintenance
WELL_003,Delta-C-03,Niger Delta Offshore,8/25/2024,1698,13135,21.14,0,Active
WELL_003,Delta-C-03,Niger Delta Onshore,8/26/2024,1767,13062,21.15,1,Active
WELL_003,Delta-C-03,Niger Delta Offshore,8/27/2024,1687,12976,21.16,3,Active
WELL_003,Delta-C-03,Niger Delta Onshore,8/28/2024,1128,9006,21.2,9,Maintenance
WELL_003,Delta-C-03,Niger Delta Onshore,8/29/2024,1678,12967,21.22,0,Active
WELL_003,Delta-C-03,Niger Delta Offshore,8/30/2024,1762,13101,21.26,2,Active
WELL_003,Delta-C-03,Niger Delta Offshore,8/31/2024,1714,13130,21.3,1,Active
WELL_003,Delta-C-03,Niger Delta Offshore,9/1/2024,1708,13022,21.32,2,Active
WELL_003,Delta-C-03,Niger Delta Onshore,9/2/2024,1683,13149,21.37,2,Active
WELL_003,Delta-C-03,Niger Delta Offshore,9/3/2024,1765,13105,21.42,1,Active
WELL_003,Delta-C-03,Niger Delta Offshore,9/4/2024,1748,13139,21.45,3,Active
WELL_003,Delta-C-03,Niger Delta Offshore,9/5/2024,1691,13068,21.46,3,Active
WELL_003,Delta-C-03,Niger Delta Offshore,9/6/2024,1095,9014,21.48,4,Maintenance
WELL_003,Delta-C-03,Niger Delta Offshore,9/7/2024,177,2857,21.51,21,Failed
WELL_003,Delta-C-03,Niger Delta Offshore,9/8/2024,1743,13045,21.55,1,Active
WELL_003,Delta-C-03,Niger Delta Offshore,9/9/2024,1763,13054,21.56,0,Active
WELL_003,Delta-C-03,Niger Delta Onshore,9/10/2024,1718,13059,21.59,1,Active
WELL_003,Delta-C-03,Niger Delta Offshore,9/11/2024,1698,13126,21.64,1,Active
WELL_003,Delta-C-03,Niger Delta Onshore,9/12/2024,508,2379,21.67,12,Failed
WELL_003,Delta-C-03,Niger Delta Offshore,9/13/2024,1731,12931,21.68,3,Active
WELL_003,Delta-C-03,Niger Delta Onshore,9/14/2024,1747,12994,21.72,1,Active
WELL_003,Delta-C-03,Niger Delta Offshore,9/15/2024,1684,12947,21.76,2,Active
WELL_003,Delta-C-03,Niger Delta Offshore,9/16/2024,323,3064,21.79,12,Failed
WELL_003,Delta-C-03,Niger Delta Onshore,9/17/2024,1718,13027,21.81,2,Active
WELL_003,Delta-C-03,Niger Delta Offshore,9/18/2024,1097,9010,21.85,9,Maintenance
WELL_003,Delta-C-03,Niger Delta Offshore,9/19/2024,1741,12917,21.86,2,Active
WELL_003,Delta-C-03,Niger Delta Onshore,9/20/2024,1702,12935,21.88,3,Active
WELL_003,Delta-C-03,Niger Delta Offshore,9/21/2024,1140,8989,21.92,7,Maintenance
WELL_003,Delta-C-03,Niger Delta Offshore,9/22/2024,1122,8904,21.96,8,Maintenance
WELL_003,Delta-C-03,Niger Delta Offshore,9/23/2024,1754,12964,22,1,Active
WELL_003,Delta-C-03,Niger Delta Onshore,9/24/2024,1659,13025,22.02,2,Active
WELL_003,Delta-C-03,Niger Delta Offshore,9/25/2024,1711,13041,22.06,0,Active
WELL_003,Delta-C-03,Niger Delta Offshore,9/26/2024,1729,12972,22.08,2,Active
WELL_003,Delta-C-03,Niger Delta Offshore,9/27/2024,1674,13084,22.09,3,Active
WELL_003,Delta-C-03,Niger Delta Offshore,9/28/2024,1692,13042,22.12,2,Active
WELL_003,Delta-C-03,Niger Delta Offshore,9/29/2024,1722,13061,22.16,2,Active
WELL_003,Delta-C-03,Niger Delta Offshore,9/30/2024,1744,12965,22.19,2,Active
WELL_003,Delta-C-03,Niger Delta Onshore,10/1/2024,1655,12909,22.23,1,Active
WELL_003,Delta-C-03,Niger Delta Offshore,10/2/2024,1168,8891,22.26,6,Maintenance
WELL_003,Delta-C-03,Niger Delta Offshore,10/3/2024,1731,12974,22.28,3,Active
WELL_003,Delta-C-03,Niger Delta Onshore,10/4/2024,1676,12887,22.31,1,Active
WELL_003,Delta-C-03,Niger Delta Offshore,10/5/2024,1739,13064,22.32,0,Active
WELL_003,Delta-C-03,Niger Delta Offshore,10/6/2024,1740,12939,22.36,2,Active
WELL_003,Delta-C-03,Niger Delta Onshore,10/7/2024,1693,12932,22.37,1,Active
WELL_003,Delta-C-03,Niger Delta Offshore,10/8/2024,564,1934,22.4,11,Failed
WELL_003,Delta-C-03,Niger Delta Offshore,10/9/2024,1708,12968,22.45,0,Active
WELL_003,Delta-C-03,Niger Delta Onshore,10/10/2024,1646,12937,22.48,3,Active
WELL_003,Delta-C-03,Niger Delta Onshore,10/11/2024,1717,13026,22.5,1,Active
WELL_003,Delta-C-03,Niger Delta Onshore,10/12/2024,65,2650,22.51,23,Failed
WELL_003,Delta-C-03,Niger Delta Offshore,10/13/2024,1704,12966,22.55,0,Active
WELL_003,Delta-C-03,Niger Delta Onshore,10/14/2024,42,3557,22.58,18,Failed
WELL_003,Delta-C-03,Niger Delta Offshore,10/15/2024,1703,12932,22.62,1,Active
WELL_003,Delta-C-03,Niger Delta Offshore,10/16/2024,1669,12871,22.64,0,Active
WELL_003,Delta-C-03,Niger Delta Onshore,10/17/2024,1708,13036,22.69,0,Active
WELL_003,Delta-C-03,Niger Delta Offshore,10/18/2024,1722,12947,22.73,0,Active
WELL_003,Delta-C-03,Niger Delta Offshore,10/19/2024,1651,12978,22.75,0,Active
WELL_003,Delta-C-03,Niger Delta Offshore,10/20/2024,1682,12948,22.8,3,Active
WELL_003,Delta-C-03,Niger Delta Offshore,10/21/2024,1700,13033,22.83,0,Active
WELL_003,Delta-C-03,Niger Delta Onshore,10/22/2024,1680,12988,22.86,2,Active
WELL_003,Delta-C-03,Niger Delta Onshore,10/23/2024,1654,13047,22.9,3,Active
WELL_003,Delta-C-03,Niger Delta Onshore,10/24/2024,1652,12853,22.95,3,Active
WELL_003,Delta-C-03,Niger Delta Offshore,10/25/2024,1640,12858,22.99,0,Active
WELL_003,Delta-C-03,Niger Delta Onshore,10/26/2024,1666,12925,23,3,Active
WELL_003,Delta-C-03,Niger Delta Offshore,10/27/2024,1671,12932,23.01,2,Active
WELL_003,Delta-C-03,Niger Delta Onshore,10/28/2024,1643,12954,23.04,2,Active
WELL_003,Delta-C-03,Niger Delta Onshore,10/29/2024,1716,12925,23.07,2,Active
WELL_003,Delta-C-03,Niger Delta Offshore,10/30/2024,1699,12966,23.11,3,Active
WELL_003,Delta-C-03,Niger Delta Onshore,10/31/2024,1684,12877,23.13,2,Active
WELL_003,Delta-C-03,Niger Delta Onshore,11/1/2024,1136,8841,23.16,4,Maintenance
WELL_003,Delta-C-03,Niger Delta Onshore,11/2/2024,1631,12952,23.19,2,Active
WELL_003,Delta-C-03,Niger Delta Offshore,11/3/2024,1130,8850,23.23,5,Maintenance
WELL_003,Delta-C-03,Niger Delta Onshore,11/4/2024,1647,12935,23.25,2,Active
WELL_003,Delta-C-03,Niger Delta Offshore,11/5/2024,1716,12926,23.27,0,Active
WELL_003,Delta-C-03,Niger Delta Onshore,11/6/2024,1109,8802,23.31,9,Maintenance
WELL_003,Delta-C-03,Niger Delta Offshore,11/7/2024,1656,12841,23.34,1,Active
WELL_003,Delta-C-03,Niger Delta Onshore,11/8/2024,1701,12997,23.39,2,Active
WELL_003,Delta-C-03,Niger Delta Offshore,11/9/2024,1684,12892,23.42,2,Active
WELL_003,Delta-C-03,Niger Delta Offshore,11/10/2024,1631,12949,23.43,2,Active
WELL_003,Delta-C-03,Niger Delta Onshore,11/11/2024,1668,13008,23.45,1,Active
WELL_003,Delta-C-03,Niger Delta Onshore,11/12/2024,1643,12968,23.46,0,Active
WELL_003,Delta-C-03,Niger Delta Offshore,11/13/2024,1687,12965,23.51,2,Active
WELL_003,Delta-C-03,Niger Delta Offshore,11/14/2024,1643,12880,23.53,3,Active
WELL_003,Delta-C-03,Niger Delta Onshore,11/15/2024,1668,12837,23.55,1,Active
WELL_003,Delta-C-03,Niger Delta Offshore,11/16/2024,1679,12868,23.57,2,Active
WELL_003,Delta-C-03,Niger Delta Offshore,11/17/2024,1666,12897,23.58,0,Active
WELL_003,Delta-C-03,Niger Delta Offshore,11/18/2024,1662,12964,23.61,1,Active
WELL_003,Delta-C-03,Niger Delta Onshore,11/19/2024,1655,12896,23.62,3,Active
WELL_003,Delta-C-03,Niger Delta Onshore,11/20/2024,1627,12871,23.65,0,Active
WELL_003,Delta-C-03,Niger Delta Offshore,11/21/2024,1082,8828,23.67,9,Maintenance
WELL_003,Delta-C-03,Niger Delta Offshore,11/22/2024,1706,12886,23.68,2,Active
WELL_003,Delta-C-03,Niger Delta Onshore,11/23/2024,1610,12826,23.73,3,Active
WELL_003,Delta-C-03,Niger Delta Onshore,11/24/2024,1043,8750,23.75,7,Maintenance
WELL_003,Delta-C-03,Niger Delta Onshore,11/25/2024,1687,12887,23.78,0,Active
WELL_003,Delta-C-03,Niger Delta Offshore,11/26/2024,1615,12956,23.8,0,Active
WELL_003,Delta-C-03,Niger Delta Offshore,11/27/2024,1085,8744,23.84,9,Maintenance
WELL_003,Delta-C-03,Niger Delta Offshore,11/28/2024,1646,12932,23.87,1,Active
WELL_003,Delta-C-03,Niger Delta Onshore,11/29/2024,1652,12945,23.92,0,Active
WELL_003,Delta-C-03,Niger Delta Onshore,11/30/2024,1664,12877,23.93,2,Active
WELL_003,Delta-C-03,Niger Delta Onshore,12/1/2024,1622,12827,23.94,1,Active
WELL_003,Delta-C-03,Niger Delta Onshore,12/2/2024,1679,12864,23.99,3,Active
WELL_003,Delta-C-03,Niger Delta Onshore,12/3/2024,1605,12883,24.04,1,Active
WELL_003,Delta-C-03,Niger Delta Onshore,12/4/2024,541,2161,24.06,10,Failed
WELL_003,Delta-C-03,Niger Delta Offshore,12/5/2024,1628,12898,24.09,0,Active
WELL_003,Delta-C-03,Niger Delta Offshore,12/6/2024,1623,12938,24.1,3,Active
WELL_003,Delta-C-03,Niger Delta Onshore,12/7/2024,1606,12887,24.12,2,Active
WELL_003,Delta-C-03,Niger Delta Onshore,12/8/2024,1643,12885,24.14,2,Active
WELL_003,Delta-C-03,Niger Delta Onshore,12/9/2024,1063,8765,24.18,5,Maintenance
WELL_003,Delta-C-03,Niger Delta Offshore,12/10/2024,1624,12822,24.19,1,Active
WELL_003,Delta-C-03,Niger Delta Offshore,12/11/2024,1597,12775,24.23,0,Active
WELL_003,Delta-C-03,Niger Delta Offshore,12/12/2024,1653,12933,24.27,2,Active
WELL_003,Delta-C-03,Niger Delta Offshore,12/13/2024,1603,12848,24.32,1,Active
WELL_003,Delta-C-03,Niger Delta Onshore,12/14/2024,1643,12789,24.35,3,Active
WELL_003,Delta-C-03,Niger Delta Onshore,12/15/2024,1620,12749,24.4,1,Active
WELL_003,Delta-C-03,Niger Delta Onshore,12/16/2024,487,280,24.44,13,Failed
WELL_003,Delta-C-03,Niger Delta Offshore,12/17/2024,1099,8830,24.45,6,Maintenance
WELL_003,Delta-C-03,Niger Delta Offshore,12/18/2024,1638,12905,24.49,2,Active
WELL_003,Delta-C-03,Niger Delta Onshore,12/19/2024,1670,12830,24.51,2,Active
WELL_003,Delta-C-03,Niger Delta Offshore,12/20/2024,1598,12803,24.53,3,Active
WELL_003,Delta-C-03,Niger Delta Onshore,12/21/2024,1612,12862,24.55,0,Active
WELL_003,Delta-C-03,Niger Delta Offshore,12/22/2024,1608,12824,24.58,2,Active
WELL_003,Delta-C-03,Niger Delta Offshore,12/23/2024,1600,12764,24.61,1,Active
WELL_003,Delta-C-03,Niger Delta Offshore,12/24/2024,1585,12836,24.65,1,Active
WELL_003,Delta-C-03,Niger Delta Offshore,12/25/2024,1600,12876,24.69,3,Active
WELL_003,Delta-C-03,Niger Delta Offshore,12/26/2024,1644,12876,24.71,2,Active
WELL_003,Delta-C-03,Niger Delta Offshore,12/27/2024,1607,12884,24.76,1,Active
WELL_003,Delta-C-03,Niger Delta Onshore,12/28/2024,1628,12914,24.77,2,Active
WELL_003,Delta-C-03,Niger Delta Onshore,12/29/2024,1589,12896,24.79,0,Active
WELL_003,Delta-C-03,Niger Delta Onshore,12/30/2024,1591,12762,24.84,0,Active
WELL_003,Delta-C-03,Niger Delta Offshore,12/31/2024,1637,12779,24.86,2,Active
WELL_003,Delta-C-03,Niger Delta Offshore,1/1/2025,1659,12810,24.89,2,Active
WELL_003,Delta-C-03,Niger Delta Onshore,1/2/2025,1670,12901,24.93,2,Active
WELL_003,Delta-C-03,Niger Delta Offshore,1/3/2025,1657,12715,24.94,0,Active
WELL_003,Delta-C-03,Niger Delta Offshore,1/4/2025,1622,12725,24.97,3,Active
WELL_003,Delta-C-03,Niger Delta Offshore,1/5/2025,173,28,24.98,19,Failed
WELL_003,Delta-C-03,Niger Delta Onshore,1/6/2025,1615,12740,25.01,2,Active
WELL_003,Delta-C-03,Niger Delta Onshore,1/7/2025,214,833,25.05,12,Failed
WELL_003,Delta-C-03,Niger Delta Offshore,1/8/2025,1638,12771,25.09,0,Active
WELL_003,Delta-C-03,Niger Delta Onshore,1/9/2025,1660,12837,25.11,2,Active
WELL_003,Delta-C-03,Niger Delta Offshore,1/10/2025,1591,12716,25.16,0,Active
WELL_003,Delta-C-03,Niger Delta Onshore,1/11/2025,1669,12715,25.2,3,Active
WELL_003,Delta-C-03,Niger Delta Offshore,1/12/2025,1571,12761,25.25,1,Active
WELL_003,Delta-C-03,Niger Delta Onshore,1/13/2025,1654,12841,25.26,1,Active
WELL_003,Delta-C-03,Niger Delta Onshore,1/14/2025,346,1008,25.29,12,Failed
WELL_003,Delta-C-03,Niger Delta Offshore,1/15/2025,1612,12844,25.34,1,Active
WELL_003,Delta-C-03,Niger Delta Offshore,1/16/2025,1567,12782,25.35,2,Active
WELL_003,Delta-C-03,Niger Delta Onshore,1/17/2025,1622,12808,25.4,0,Active
WELL_003,Delta-C-03,Niger Delta Onshore,1/18/2025,1624,12711,25.43,2,Active
WELL_003,Delta-C-03,Niger Delta Onshore,1/19/2025,1588,12869,25.46,3,Active
WELL_003,Delta-C-03,Niger Delta Offshore,1/20/2025,1567,12682,25.47,2,Active
WELL_003,Delta-C-03,Niger Delta Offshore,1/21/2025,1596,12743,25.51,2,Active
WELL_003,Delta-C-03,Niger Delta Offshore,1/22/2025,1617,12840,25.53,0,Active
WELL_003,Delta-C-03,Niger Delta Offshore,1/23/2025,471,3175,25.57,14,Failed
WELL_003,Delta-C-03,Niger Delta Onshore,1/24/2025,1574,12777,25.6,3,Active
WELL_003,Delta-C-03,Niger Delta Onshore,1/25/2025,1604,12771,25.64,0,Active
WELL_003,Delta-C-03,Niger Delta Offshore,1/26/2025,1607,12734,25.69,2,Active
WELL_003,Delta-C-03,Niger Delta Onshore,1/27/2025,1043,8662,25.71,7,Maintenance
WELL_003,Delta-C-03,Niger Delta Offshore,1/28/2025,1028,8737,25.75,5,Maintenance
WELL_003,Delta-C-03,Niger Delta Offshore,1/29/2025,1570,12680,25.79,2,Active
WELL_003,Delta-C-03,Niger Delta Onshore,1/30/2025,1579,12670,25.84,0,Active
WELL_003,Delta-C-03,Niger Delta Onshore,1/31/2025,1567,12740,25.87,1,Active
WELL_003,Delta-C-03,Niger Delta Onshore,2/1/2025,1058,8734,25.89,8,Maintenance
WELL_003,Delta-C-03,Niger Delta Offshore,2/2/2025,1048,8742,25.94,5,Maintenance
WELL_003,Delta-C-03,Niger Delta Offshore,2/3/2025,1620,12761,25.97,2,Active
WELL_003,Delta-C-03,Niger Delta Onshore,2/4/2025,1624,12727,26.02,1,Active
WELL_003,Delta-C-03,Niger Delta Onshore,2/5/2025,1066,8702,26.03,8,Maintenance
WELL_003,Delta-C-03,Niger Delta Onshore,2/6/2025,1564,12803,26.05,1,Active
WELL_003,Delta-C-03,Niger Delta Offshore,2/7/2025,1590,12650,26.07,1,Active
WELL_003,Delta-C-03,Niger Delta Onshore,2/8/2025,1571,12697,26.08,3,Active
WELL_003,Delta-C-03,Niger Delta Onshore,2/9/2025,1630,12827,26.1,2,Active
WELL_003,Delta-C-03,Niger Delta Offshore,2/10/2025,1590,12802,26.11,1,Active
WELL_003,Delta-C-03,Niger Delta Offshore,2/11/2025,1022,8762,26.14,5,Maintenance
WELL_003,Delta-C-03,Niger Delta Onshore,2/12/2025,1638,12652,26.15,2,Active
WELL_003,Delta-C-03,Niger Delta Offshore,2/13/2025,1600,12645,26.2,3,Active
WELL_003,Delta-C-03,Niger Delta Offshore,2/14/2025,1574,12735,26.23,2,Active
WELL_003,Delta-C-03,Niger Delta Offshore,2/15/2025,507,2274,26.28,18,Failed
WELL_003,Delta-C-03,Niger Delta Onshore,2/16/2025,1623,12773,26.29,1,Active
WELL_003,Delta-C-03,Niger Delta Offshore,2/17/2025,1570,12790,26.34,2,Active
WELL_003,Delta-C-03,Niger Delta Onshore,2/18/2025,1550,12626,26.36,2,Active
WELL_003,Delta-C-03,Niger Delta Onshore,2/19/2025,1564,12717,26.37,0,Active
WELL_003,Delta-C-03,Niger Delta Offshore,2/20/2025,1587,12773,26.4,1,Active
WELL_003,Delta-C-03,Niger Delta Onshore,2/21/2025,1602,12728,26.44,3,Active
WELL_003,Delta-C-03,Niger Delta Onshore,2/22/2025,1009,8683,26.47,9,Maintenance
WELL_003,Delta-C-03,Niger Delta Offshore,2/23/2025,459,3906,26.48,20,Failed
WELL_003,Delta-C-03,Niger Delta Onshore,2/24/2025,1573,12624,26.52,2,Active
WELL_003,Delta-C-03,Niger Delta Offshore,2/25/2025,148,3771,26.57,15,Failed
WELL_003,Delta-C-03,Niger Delta Offshore,2/26/2025,1601,12599,26.58,0,Active
WELL_003,Delta-C-03,Niger Delta Offshore,2/27/2025,1566,12694,26.62,2,Active
WELL_003,Delta-C-03,Niger Delta Offshore,2/28/2025,1611,12634,26.64,2,Active
WELL_003,Delta-C-03,Niger Delta Offshore,3/1/2025,1542,12689,26.67,2,Active
WELL_003,Delta-C-03,Niger Delta Offshore,3/2/2025,1558,12668,26.7,2,Active
WELL_003,Delta-C-03,Niger Delta Offshore,3/3/2025,157,976,26.71,21,Failed
WELL_003,Delta-C-03,Niger Delta Offshore,3/4/2025,1554,12665,26.72,1,Active
WELL_003,Delta-C-03,Niger Delta Offshore,3/5/2025,1566,12628,26.73,1,Active
WELL_003,Delta-C-03,Niger Delta Onshore,3/6/2025,1544,12623,26.75,0,Active
WELL_003,Delta-C-03,Niger Delta Onshore,3/7/2025,1596,12728,26.79,3,Active
WELL_003,Delta-C-03,Niger Delta Offshore,3/8/2025,1617,12617,26.81,2,Active
WELL_003,Delta-C-03,Niger Delta Onshore,3/9/2025,1547,12709,26.84,3,Active
WELL_003,Delta-C-03,Niger Delta Onshore,3/10/2025,1613,12671,26.88,3,Active
WELL_003,Delta-C-03,Niger Delta Onshore,3/11/2025,1585,12744,26.89,3,Active
WELL_003,Delta-C-03,Niger Delta Onshore,3/12/2025,983,8695,26.92,7,Maintenance
WELL_003,Delta-C-03,Niger Delta Onshore,3/13/2025,1524,12673,26.95,1,Active
WELL_003,Delta-C-03,Niger Delta Offshore,3/14/2025,1586,12671,26.96,0,Active
WELL_003,Delta-C-03,Niger Delta Onshore,3/15/2025,239,2427,27,12,Failed
WELL_003,Delta-C-03,Niger Delta Offshore,3/16/2025,1579,12758,27.01,2,Active
WELL_003,Delta-C-03,Niger Delta Offshore,3/17/2025,1565,12672,27.05,0,Active
WELL_003,Delta-C-03,Niger Delta Onshore,3/18/2025,1594,12663,27.08,0,Active
WELL_003,Delta-C-03,Niger Delta Offshore,3/19/2025,1542,12657,27.09,3,Active
WELL_003,Delta-C-03,Niger Delta Onshore,3/20/2025,1542,12674,27.14,2,Active
WELL_003,Delta-C-03,Niger Delta Onshore,3/21/2025,967,8509,27.15,6,Maintenance
WELL_003,Delta-C-03,Niger Delta Onshore,3/22/2025,1515,12601,27.2,3,Active
WELL_003,Delta-C-03,Niger Delta Offshore,3/23/2025,1606,12547,27.24,0,Active
WELL_003,Delta-C-03,Niger Delta Offshore,3/24/2025,1609,12726,27.29,1,Active
WELL_003,Delta-C-03,Niger Delta Onshore,3/25/2025,1516,12668,27.33,2,Active
WELL_003,Delta-C-03,Niger Delta Onshore,3/26/2025,1543,12579,27.34,0,Active
WELL_003,Delta-C-03,Niger Delta Onshore,3/27/2025,1551,12635,27.37,0,Active
WELL_003,Delta-C-03,Niger Delta Offshore,3/28/2025,1587,12716,27.42,2,Active
WELL_003,Delta-C-03,Niger Delta Offshore,3/29/2025,993,8654,27.45,7,Maintenance
WELL_003,Delta-C-03,Niger Delta Onshore,3/30/2025,1554,12539,27.47,2,Active
WELL_003,Delta-C-03,Niger Delta Offshore,3/31/2025,937,8521,27.5,9,Maintenance
WELL_003,Delta-C-03,Niger Delta Onshore,4/1/2025,1584,12654,27.52,3,Active
WELL_003,Delta-C-03,Niger Delta Onshore,4/2/2025,1584,12534,27.54,1,Active
WELL_003,Delta-C-03,Niger Delta Offshore,4/3/2025,1561,12608,27.56,0,Active
WELL_003,Delta-C-03,Niger Delta Onshore,4/4/2025,1515,12586,27.57,0,Active
WELL_003,Delta-C-03,Niger Delta Onshore,4/5/2025,1575,12632,27.59,1,Active
WELL_003,Delta-C-03,Niger Delta Offshore,4/6/2025,1550,12694,27.64,0,Active
WELL_003,Delta-C-03,Niger Delta Offshore,4/7/2025,1553,12571,27.66,2,Active
WELL_003,Delta-C-03,Niger Delta Onshore,4/8/2025,953,8463,27.68,8,Maintenance
WELL_003,Delta-C-03,Niger Delta Onshore,4/9/2025,1585,12707,27.72,1,Active
WELL_003,Delta-C-03,Niger Delta Onshore,4/10/2025,1554,12567,27.76,2,Active
WELL_003,Delta-C-03,Niger Delta Offshore,4/11/2025,1552,12613,27.79,2,Active
WELL_003,Delta-C-03,Niger Delta Offshore,4/12/2025,1594,12582,27.82,0,Active
WELL_003,Delta-C-03,Niger Delta Onshore,4/13/2025,936,8571,27.85,7,Maintenance
WELL_003,Delta-C-03,Niger Delta Onshore,4/14/2025,1521,12644,27.87,3,Active
WELL_003,Delta-C-03,Niger Delta Offshore,4/15/2025,1506,12600,27.89,1,Active
WELL_003,Delta-C-03,Niger Delta Onshore,4/16/2025,1584,12650,27.91,1,Active
WELL_003,Delta-C-03,Niger Delta Onshore,4/17/2025,1546,12628,27.92,0,Active
WELL_003,Delta-C-03,Niger Delta Onshore,4/18/2025,1538,12564,27.96,2,Active
WELL_003,Delta-C-03,Niger Delta Offshore,4/19/2025,548,3190,27.99,16,Failed
WELL_003,Delta-C-03,Niger Delta Offshore,4/20/2025,1581,12522,28.03,3,Active
WELL_003,Delta-C-03,Niger Delta Offshore,4/21/2025,1516,12623,28.06,1,Active
WELL_003,Delta-C-03,Niger Delta Onshore,4/22/2025,1581,12599,28.1,3,Active
WELL_003,Delta-C-03,Niger Delta Onshore,4/23/2025,1495,12649,28.13,3,Active
WELL_003,Delta-C-03,Niger Delta Onshore,4/24/2025,443,3403,28.14,19,Failed
WELL_003,Delta-C-03,Niger Delta Onshore,4/25/2025,1534,12619,28.19,1,Active
WELL_003,Delta-C-03,Niger Delta Offshore,4/26/2025,951,8531,28.2,9,Maintenance
WELL_003,Delta-C-03,Niger Delta Offshore,4/27/2025,1546,12672,28.25,0,Active
WELL_003,Delta-C-03,Niger Delta Offshore,4/28/2025,997,8497,28.28,9,Maintenance
WELL_003,Delta-C-03,Niger Delta Onshore,4/29/2025,998,8479,28.32,7,Maintenance
WELL_003,Delta-C-03,Niger Delta Offshore,4/30/2025,1541,12651,28.34,1,Active
WELL_003,Delta-C-03,Niger Delta Offshore,5/1/2025,1532,12545,28.37,3,Active
WELL_003,Delta-C-03,Niger Delta Offshore,5/2/2025,103,2208,28.38,15,Failed
WELL_003,Delta-C-03,Niger Delta Offshore,5/3/2025,1550,12585,28.41,1,Active
WELL_003,Delta-C-03,Niger Delta Onshore,5/4/2025,1485,12579,28.45,3,Active
WELL_003,Delta-C-03,Niger Delta Offshore,5/5/2025,1512,12572,28.47,3,Active
WELL_003,Delta-C-03,Niger Delta Offshore,5/6/2025,910,8494,28.51,6,Maintenance
WELL_003,Delta-C-03,Niger Delta Offshore,5/7/2025,959,8455,28.56,6,Maintenance
WELL_003,Delta-C-03,Niger Delta Onshore,5/8/2025,1485,12464,28.59,3,Active
WELL_003,Delta-C-03,Niger Delta Offshore,5/9/2025,1508,12552,28.63,2,Active
WELL_003,Delta-C-03,Niger Delta Onshore,5/10/2025,1514,12468,28.66,0,Active
WELL_003,Delta-C-03,Niger Delta Offshore,5/11/2025,1520,12453,28.68,2,Active
WELL_003,Delta-C-03,Niger Delta Offshore,5/12/2025,294,1535,28.72,20,Failed
WELL_003,Delta-C-03,Niger Delta Onshore,5/13/2025,1526,12572,28.74,2,Active
WELL_003,Delta-C-03,Niger Delta Offshore,5/14/2025,1525,12466,28.76,3,Active
WELL_004,Delta-D-04,Niger Delta Onshore,1/1/2024,2705,10562,11.01,1,Active
WELL_004,Delta-D-04,Niger Delta Onshore,1/2/2024,1952,7538,11.03,7,Maintenance
WELL_004,Delta-D-04,Niger Delta Offshore,1/3/2024,2767,10627,11.08,2,Active
WELL_004,Delta-D-04,Niger Delta Onshore,1/4/2024,1920,7490,11.12,8,Maintenance
WELL_004,Delta-D-04,Niger Delta Onshore,1/5/2024,545,1894,11.15,20,Failed
WELL_004,Delta-D-04,Niger Delta Offshore,1/6/2024,1894,7426,11.19,8,Maintenance
WELL_004,Delta-D-04,Niger Delta Onshore,1/7/2024,1864,7420,11.24,9,Maintenance
WELL_004,Delta-D-04,Niger Delta Onshore,1/8/2024,572,1606,11.28,17,Failed
WELL_004,Delta-D-04,Niger Delta Offshore,1/9/2024,2740,10554,11.32,0,Active
WELL_004,Delta-D-04,Niger Delta Onshore,1/10/2024,1915,7429,11.35,8,Maintenance
WELL_004,Delta-D-04,Niger Delta Offshore,1/11/2024,2738,10646,11.37,2,Active
WELL_004,Delta-D-04,Niger Delta Onshore,1/12/2024,2737,10606,11.4,0,Active
WELL_004,Delta-D-04,Niger Delta Onshore,1/13/2024,2749,10558,11.42,1,Active
WELL_004,Delta-D-04,Niger Delta Onshore,1/14/2024,2696,10578,11.46,3,Active
WELL_004,Delta-D-04,Niger Delta Offshore,1/15/2024,2755,10656,11.47,2,Active
WELL_004,Delta-D-04,Niger Delta Offshore,1/16/2024,2758,10675,11.51,0,Active
WELL_004,Delta-D-04,Niger Delta Offshore,1/17/2024,2768,10600,11.52,3,Active
WELL_004,Delta-D-04,Niger Delta Onshore,1/18/2024,1876,7329,11.55,7,Maintenance
WELL_004,Delta-D-04,Niger Delta Offshore,1/19/2024,2745,10601,11.57,1,Active
WELL_004,Delta-D-04,Niger Delta Offshore,1/20/2024,2756,10654,11.58,0,Active
WELL_004,Delta-D-04,Niger Delta Onshore,1/21/2024,2743,10663,11.62,0,Active
WELL_004,Delta-D-04,Niger Delta Offshore,1/22/2024,1943,7361,11.66,9,Maintenance
WELL_004,Delta-D-04,Niger Delta Onshore,1/23/2024,2706,10652,11.69,0,Active
WELL_004,Delta-D-04,Niger Delta Offshore,1/24/2024,2726,10690,11.72,3,Active
WELL_004,Delta-D-04,Niger Delta Onshore,1/25/2024,2731,10603,11.77,3,Active
WELL_004,Delta-D-04,Niger Delta Offshore,1/26/2024,2719,10538,11.78,2,Active
WELL_004,Delta-D-04,Niger Delta Offshore,1/27/2024,2748,10652,11.8,0,Active
WELL_004,Delta-D-04,Niger Delta Offshore,1/28/2024,2707,10599,11.83,3,Active
WELL_004,Delta-D-04,Niger Delta Offshore,1/29/2024,1898,7345,11.85,4,Maintenance
WELL_004,Delta-D-04,Niger Delta Offshore,1/30/2024,2699,10532,11.87,3,Active
WELL_004,Delta-D-04,Niger Delta Offshore,1/31/2024,2670,10637,11.92,0,Active
WELL_004,Delta-D-04,Niger Delta Offshore,2/1/2024,2687,10544,11.94,3,Active
WELL_004,Delta-D-04,Niger Delta Offshore,2/2/2024,2670,10490,11.98,1,Active
WELL_004,Delta-D-04,Niger Delta Offshore,2/3/2024,1849,7398,12.02,6,Maintenance
WELL_004,Delta-D-04,Niger Delta Offshore,2/4/2024,2703,10554,12.04,0,Active
WELL_004,Delta-D-04,Niger Delta Onshore,2/5/2024,2655,10585,12.07,3,Active
WELL_004,Delta-D-04,Niger Delta Onshore,2/6/2024,2746,10521,12.11,1,Active
WELL_004,Delta-D-04,Niger Delta Onshore,2/7/2024,2734,10607,12.14,0,Active
WELL_004,Delta-D-04,Niger Delta Onshore,2/8/2024,1842,7301,12.16,7,Maintenance
WELL_004,Delta-D-04,Niger Delta Onshore,2/9/2024,2673,10487,12.21,0,Active
WELL_004,Delta-D-04,Niger Delta Offshore,2/10/2024,2704,10495,12.24,2,Active
WELL_004,Delta-D-04,Niger Delta Onshore,2/11/2024,2686,10534,12.26,3,Active
WELL_004,Delta-D-04,Niger Delta Onshore,2/12/2024,2684,10548,12.27,0,Active
WELL_004,Delta-D-04,Niger Delta Onshore,2/13/2024,2689,10596,12.28,0,Active
WELL_004,Delta-D-04,Niger Delta Offshore,2/14/2024,1873,7309,12.33,7,Maintenance
WELL_004,Delta-D-04,Niger Delta Offshore,2/15/2024,2646,10517,12.36,1,Active
WELL_004,Delta-D-04,Niger Delta Offshore,2/16/2024,2715,10511,12.38,1,Active
WELL_004,Delta-D-04,Niger Delta Onshore,2/17/2024,2644,10530,12.4,0,Active
WELL_004,Delta-D-04,Niger Delta Offshore,2/18/2024,2687,10651,12.43,3,Active
WELL_004,Delta-D-04,Niger Delta Onshore,2/19/2024,2684,10620,12.46,3,Active
WELL_004,Delta-D-04,Niger Delta Onshore,2/20/2024,2648,10648,12.49,2,Active
WELL_004,Delta-D-04,Niger Delta Offshore,2/21/2024,2677,10574,12.52,2,Active
WELL_004,Delta-D-04,Niger Delta Offshore,2/22/2024,1852,7317,12.57,8,Maintenance
WELL_004,Delta-D-04,Niger Delta Onshore,2/23/2024,2712,10597,12.58,2,Active
WELL_004,Delta-D-04,Niger Delta Offshore,2/24/2024,2714,10589,12.63,0,Active
WELL_004,Delta-D-04,Niger Delta Onshore,2/25/2024,569,1490,12.67,10,Failed
WELL_004,Delta-D-04,Niger Delta Onshore,2/26/2024,1826,7308,12.71,8,Maintenance
WELL_004,Delta-D-04,Niger Delta Offshore,2/27/2024,2734,10622,12.75,2,Active
WELL_004,Delta-D-04,Niger Delta Offshore,2/28/2024,2721,10506,12.77,0,Active
WELL_004,Delta-D-04,Niger Delta Onshore,2/29/2024,2639,10552,12.82,0,Active
WELL_004,Delta-D-04,Niger Delta Onshore,3/1/2024,2730,10482,12.85,0,Active
WELL_004,Delta-D-04,Niger Delta Offshore,3/2/2024,2694,10522,12.88,0,Active
WELL_004,Delta-D-04,Niger Delta Onshore,3/3/2024,2639,10581,12.91,2,Active
WELL_004,Delta-D-04,Niger Delta Offshore,3/4/2024,1890,7280,12.93,9,Maintenance
WELL_004,Delta-D-04,Niger Delta Offshore,3/5/2024,2711,10433,12.94,2,Active
WELL_004,Delta-D-04,Niger Delta Onshore,3/6/2024,2694,10436,12.96,0,Active
WELL_004,Delta-D-04,Niger Delta Onshore,3/7/2024,2662,10543,13.01,2,Active
WELL_004,Delta-D-04,Niger Delta Onshore,3/8/2024,2637,10599,13.02,0,Active
WELL_004,Delta-D-04,Niger Delta Offshore,3/9/2024,2641,10443,13.07,3,Active
WELL_004,Delta-D-04,Niger Delta Offshore,3/10/2024,2723,10554,13.1,0,Active
WELL_004,Delta-D-04,Niger Delta Onshore,3/11/2024,2686,10534,13.14,2,Active
WELL_004,Delta-D-04,Niger Delta Offshore,3/12/2024,2632,10558,13.18,1,Active
WELL_004,Delta-D-04,Niger Delta Offshore,3/13/2024,1898,7356,13.21,9,Maintenance
WELL_004,Delta-D-04,Niger Delta Offshore,3/14/2024,2623,10537,13.25,0,Active
WELL_004,Delta-D-04,Niger Delta Offshore,3/15/2024,1888,7241,13.29,4,Maintenance
WELL_004,Delta-D-04,Niger Delta Offshore,3/16/2024,2623,10495,13.31,1,Active
WELL_004,Delta-D-04,Niger Delta Onshore,3/17/2024,2692,10575,13.36,0,Active
WELL_004,Delta-D-04,Niger Delta Onshore,3/18/2024,2693,10443,13.38,3,Active
WELL_004,Delta-D-04,Niger Delta Offshore,3/19/2024,2629,10512,13.4,2,Active
WELL_004,Delta-D-04,Niger Delta Offshore,3/20/2024,177,2889,13.44,18,Failed
WELL_004,Delta-D-04,Niger Delta Onshore,3/21/2024,670,1577,13.46,12,Failed
WELL_004,Delta-D-04,Niger Delta Onshore,3/22/2024,2684,10479,13.49,1,Active
WELL_004,Delta-D-04,Niger Delta Onshore,3/23/2024,178,2800,13.51,22,Failed
WELL_004,Delta-D-04,Niger Delta Onshore,3/24/2024,2639,10489,13.54,1,Active
WELL_004,Delta-D-04,Niger Delta Offshore,3/25/2024,2702,10402,13.58,1,Active
WELL_004,Delta-D-04,Niger Delta Offshore,3/26/2024,2660,10394,13.61,2,Active
WELL_004,Delta-D-04,Niger Delta Onshore,3/27/2024,2689,10542,13.63,3,Active
WELL_004,Delta-D-04,Niger Delta Offshore,3/28/2024,2709,10577,13.65,1,Active
WELL_004,Delta-D-04,Niger Delta Onshore,3/29/2024,2664,10543,13.69,3,Active
WELL_004,Delta-D-04,Niger Delta Offshore,3/30/2024,1864,7360,13.72,4,Maintenance
WELL_004,Delta-D-04,Niger Delta Offshore,3/31/2024,269,395,13.75,20,Failed
WELL_004,Delta-D-04,Niger Delta Offshore,4/1/2024,2649,10564,13.78,2,Active
WELL_004,Delta-D-04,Niger Delta Offshore,4/2/2024,2656,10421,13.79,1,Active
WELL_004,Delta-D-04,Niger Delta Onshore,4/3/2024,2688,10523,13.82,3,Active
WELL_004,Delta-D-04,Niger Delta Onshore,4/4/2024,2613,10366,13.84,3,Active
WELL_004,Delta-D-04,Niger Delta Offshore,4/5/2024,2622,10503,13.89,3,Active
WELL_004,Delta-D-04,Niger Delta Onshore,4/6/2024,676,2015,13.9,21,Failed
WELL_004,Delta-D-04,Niger Delta Onshore,4/7/2024,2678,10537,13.93,1,Active
WELL_004,Delta-D-04,Niger Delta Offshore,4/8/2024,2649,10449,13.98,1,Active
WELL_004,Delta-D-04,Niger Delta Onshore,4/9/2024,2685,10421,14.01,3,Active
WELL_004,Delta-D-04,Niger Delta Offshore,4/10/2024,2674,10428,14.05,3,Active
WELL_004,Delta-D-04,Niger Delta Onshore,4/11/2024,2639,10407,14.06,0,Active
WELL_004,Delta-D-04,Niger Delta Offshore,4/12/2024,2657,10375,14.1,0,Active
WELL_004,Delta-D-04,Niger Delta Offshore,4/13/2024,1836,7291,14.14,8,Maintenance
WELL_004,Delta-D-04,Niger Delta Onshore,4/14/2024,2614,10495,14.16,0,Active
WELL_004,Delta-D-04,Niger Delta Onshore,4/15/2024,2613,10535,14.18,2,Active
WELL_004,Delta-D-04,Niger Delta Offshore,4/16/2024,2608,10423,14.2,2,Active
WELL_004,Delta-D-04,Niger Delta Onshore,4/17/2024,2658,10527,14.25,0,Active
WELL_004,Delta-D-04,Niger Delta Onshore,4/18/2024,2653,10411,14.28,1,Active
WELL_004,Delta-D-04,Niger Delta Offshore,4/19/2024,2671,10427,14.31,2,Active
WELL_004,Delta-D-04,Niger Delta Offshore,4/20/2024,2639,10395,14.32,2,Active
WELL_004,Delta-D-04,Niger Delta Onshore,4/21/2024,1847,7290,14.36,7,Maintenance
WELL_004,Delta-D-04,Niger Delta Offshore,4/22/2024,2648,10410,14.38,3,Active
WELL_004,Delta-D-04,Niger Delta Onshore,4/23/2024,2636,10398,14.42,0,Active
WELL_004,Delta-D-04,Niger Delta Offshore,4/24/2024,1859,7135,14.44,8,Maintenance
WELL_004,Delta-D-04,Niger Delta Offshore,4/25/2024,1784,7318,14.46,8,Maintenance
WELL_004,Delta-D-04,Niger Delta Offshore,4/26/2024,2670,10424,14.49,3,Active
WELL_004,Delta-D-04,Niger Delta Onshore,4/27/2024,2652,10374,14.5,2,Active
WELL_004,Delta-D-04,Niger Delta Onshore,4/28/2024,2643,10435,14.53,2,Active
WELL_004,Delta-D-04,Niger Delta Onshore,4/29/2024,1796,7137,14.55,7,Maintenance
WELL_004,Delta-D-04,Niger Delta Onshore,4/30/2024,1767,7138,14.58,5,Maintenance
WELL_004,Delta-D-04,Niger Delta Offshore,5/1/2024,2612,10464,14.6,0,Active
WELL_004,Delta-D-04,Niger Delta Onshore,5/2/2024,2648,10453,14.65,3,Active
WELL_004,Delta-D-04,Niger Delta Offshore,5/3/2024,2661,10476,14.69,2,Active
WELL_004,Delta-D-04,Niger Delta Onshore,5/4/2024,2591,10403,14.72,3,Active
WELL_004,Delta-D-04,Niger Delta Offshore,5/5/2024,2593,10491,14.74,2,Active
WELL_004,Delta-D-04,Niger Delta Onshore,5/6/2024,2664,10324,14.79,2,Active
WELL_004,Delta-D-04,Niger Delta Onshore,5/7/2024,2629,10487,14.8,0,Active
WELL_004,Delta-D-04,Niger Delta Onshore,5/8/2024,2592,10296,14.81,0,Active
WELL_004,Delta-D-04,Niger Delta Offshore,5/9/2024,1857,7244,14.84,8,Maintenance
WELL_004,Delta-D-04,Niger Delta Onshore,5/10/2024,2610,10421,14.86,3,Active
WELL_004,Delta-D-04,Niger Delta Offshore,5/11/2024,2592,10379,14.89,0,Active
WELL_004,Delta-D-04,Niger Delta Offshore,5/12/2024,1827,7253,14.91,6,Maintenance
WELL_004,Delta-D-04,Niger Delta Onshore,5/13/2024,2646,10308,14.94,0,Active
WELL_004,Delta-D-04,Niger Delta Offshore,5/14/2024,2638,10351,14.97,0,Active
WELL_004,Delta-D-04,Niger Delta Offshore,5/15/2024,1834,7188,15,5,Maintenance
WELL_004,Delta-D-04,Niger Delta Onshore,5/16/2024,2638,10403,15.01,0,Active
WELL_004,Delta-D-04,Niger Delta Onshore,5/17/2024,2657,10292,15.02,2,Active
WELL_004,Delta-D-04,Niger Delta Offshore,5/18/2024,2598,10340,15.03,3,Active
WELL_004,Delta-D-04,Niger Delta Onshore,5/19/2024,2662,10448,15.05,0,Active
WELL_004,Delta-D-04,Niger Delta Offshore,5/20/2024,52,973,15.1,21,Failed
WELL_004,Delta-D-04,Niger Delta Offshore,5/21/2024,2599,10404,15.11,2,Active
WELL_004,Delta-D-04,Niger Delta Onshore,5/22/2024,2606,10423,15.15,0,Active
WELL_004,Delta-D-04,Niger Delta Offshore,5/23/2024,2645,10317,15.19,2,Active
WELL_004,Delta-D-04,Niger Delta Onshore,5/24/2024,1838,7090,15.24,4,Maintenance
WELL_004,Delta-D-04,Niger Delta Offshore,5/25/2024,2589,10440,15.27,1,Active
WELL_004,Delta-D-04,Niger Delta Offshore,5/26/2024,1801,7125,15.28,9,Maintenance
WELL_004,Delta-D-04,Niger Delta Onshore,5/27/2024,2635,10327,15.31,1,Active
WELL_004,Delta-D-04,Niger Delta Onshore,5/28/2024,2619,10364,15.35,1,Active
WELL_004,Delta-D-04,Niger Delta Offshore,5/29/2024,2564,10288,15.36,1,Active
WELL_004,Delta-D-04,Niger Delta Offshore,5/30/2024,2657,10372,15.4,1,Active
WELL_004,Delta-D-04,Niger Delta Onshore,5/31/2024,1825,7150,15.43,9,Maintenance
WELL_004,Delta-D-04,Niger Delta Onshore,6/1/2024,2644,10365,15.47,2,Active
WELL_004,Delta-D-04,Niger Delta Onshore,6/2/2024,1753,7183,15.49,6,Maintenance
WELL_004,Delta-D-04,Niger Delta Onshore,6/3/2024,2583,10335,15.52,1,Active
WELL_004,Delta-D-04,Niger Delta Offshore,6/4/2024,2610,10425,15.54,2,Active
WELL_004,Delta-D-04,Niger Delta Onshore,6/5/2024,2569,10282,15.58,3,Active
WELL_004,Delta-D-04,Niger Delta Offshore,6/6/2024,1818,7065,15.61,5,Maintenance
WELL_004,Delta-D-04,Niger Delta Offshore,6/7/2024,2654,10392,15.63,1,Active
WELL_004,Delta-D-04,Niger Delta Onshore,6/8/2024,2646,10429,15.65,2,Active
WELL_004,Delta-D-04,Niger Delta Offshore,6/9/2024,2642,10408,15.67,1,Active
WELL_004,Delta-D-04,Niger Delta Offshore,6/10/2024,2570,10411,15.71,0,Active
WELL_004,Delta-D-04,Niger Delta Offshore,6/11/2024,1772,7196,15.75,7,Maintenance
WELL_004,Delta-D-04,Niger Delta Offshore,6/12/2024,2606,10400,15.77,2,Active
WELL_004,Delta-D-04,Niger Delta Onshore,6/13/2024,2590,10306,15.78,0,Active
WELL_004,Delta-D-04,Niger Delta Offshore,6/14/2024,2580,10401,15.82,2,Active
WELL_004,Delta-D-04,Niger Delta Offshore,6/15/2024,559,3180,15.86,16,Failed
WELL_004,Delta-D-04,Niger Delta Offshore,6/16/2024,1802,7090,15.89,6,Maintenance
WELL_004,Delta-D-04,Niger Delta Offshore,6/17/2024,2625,10325,15.92,2,Active
WELL_004,Delta-D-04,Niger Delta Offshore,6/18/2024,2637,10237,15.97,1,Active
WELL_004,Delta-D-04,Niger Delta Onshore,6/19/2024,2563,10254,15.98,1,Active
WELL_004,Delta-D-04,Niger Delta Offshore,6/20/2024,1797,7200,16,5,Maintenance
WELL_004,Delta-D-04,Niger Delta Onshore,6/21/2024,2598,10221,16.04,1,Active
WELL_004,Delta-D-04,Niger Delta Onshore,6/22/2024,710,625,16.07,23,Failed
WELL_004,Delta-D-04,Niger Delta Onshore,6/23/2024,2580,10394,16.11,2,Active
WELL_004,Delta-D-04,Niger Delta Onshore,6/24/2024,1722,7055,16.15,8,Maintenance
WELL_004,Delta-D-04,Niger Delta Offshore,6/25/2024,2621,10363,16.2,1,Active
WELL_004,Delta-D-04,Niger Delta Onshore,6/26/2024,2548,10336,16.22,0,Active
WELL_004,Delta-D-04,Niger Delta Onshore,6/27/2024,2624,10251,16.26,0,Active
WELL_004,Delta-D-04,Niger Delta Onshore,6/28/2024,2615,10321,16.29,1,Active
WELL_004,Delta-D-04,Niger Delta Offshore,6/29/2024,2635,10255,16.3,3,Active
WELL_004,Delta-D-04,Niger Delta Onshore,6/30/2024,2566,10338,16.31,0,Active
WELL_004,Delta-D-04,Niger Delta Onshore,7/1/2024,37,2072,16.33,10,Failed
WELL_004,Delta-D-04,Niger Delta Offshore,7/2/2024,1755,7147,16.37,8,Maintenance
WELL_004,Delta-D-04,Niger Delta Offshore,7/3/2024,2589,10248,16.39,2,Active
WELL_004,Delta-D-04,Niger Delta Offshore,7/4/2024,2598,10206,16.43,0,Active
WELL_004,Delta-D-04,Niger Delta Offshore,7/5/2024,658,315,16.45,10,Failed
WELL_004,Delta-D-04,Niger Delta Onshore,7/6/2024,2548,10365,16.48,3,Active
WELL_004,Delta-D-04,Niger Delta Onshore,7/7/2024,1770,7127,16.5,7,Maintenance
WELL_004,Delta-D-04,Niger Delta Offshore,7/8/2024,2610,10351,16.51,3,Active
WELL_004,Delta-D-04,Niger Delta Onshore,7/9/2024,2540,10319,16.52,3,Active
WELL_004,Delta-D-04,Niger Delta Onshore,7/10/2024,737,1088,16.55,23,Failed
WELL_004,Delta-D-04,Niger Delta Onshore,7/11/2024,2616,10228,16.57,0,Active
WELL_004,Delta-D-04,Niger Delta Offshore,7/12/2024,2587,10351,16.58,1,Active
WELL_004,Delta-D-04,Niger Delta Onshore,7/13/2024,2557,10344,16.6,3,Active
WELL_004,Delta-D-04,Niger Delta Onshore,7/14/2024,2529,10213,16.63,2,Active
WELL_004,Delta-D-04,Niger Delta Onshore,7/15/2024,2560,10341,16.67,3,Active
WELL_004,Delta-D-04,Niger Delta Onshore,7/16/2024,2553,10262,16.71,2,Active
WELL_004,Delta-D-04,Niger Delta Onshore,7/17/2024,2549,10192,16.74,2,Active
WELL_004,Delta-D-04,Niger Delta Onshore,7/18/2024,2606,10307,16.76,3,Active
WELL_004,Delta-D-04,Niger Delta Onshore,7/19/2024,665,2709,16.79,22,Failed
WELL_004,Delta-D-04,Niger Delta Offshore,7/20/2024,2564,10249,16.82,0,Active
WELL_004,Delta-D-04,Niger Delta Onshore,7/21/2024,2604,10336,16.86,1,Active
WELL_004,Delta-D-04,Niger Delta Onshore,7/22/2024,2520,10251,16.9,3,Active
WELL_004,Delta-D-04,Niger Delta Onshore,7/23/2024,2574,10224,16.91,0,Active
WELL_004,Delta-D-04,Niger Delta Onshore,7/24/2024,2536,10148,16.93,0,Active
WELL_004,Delta-D-04,Niger Delta Offshore,7/25/2024,2598,10200,16.96,1,Active
WELL_004,Delta-D-04,Niger Delta Offshore,7/26/2024,2548,10217,16.97,2,Active
WELL_004,Delta-D-04,Niger Delta Onshore,7/27/2024,2545,10311,17.01,3,Active
WELL_004,Delta-D-04,Niger Delta Offshore,7/28/2024,2593,10152,17.03,0,Active
WELL_004,Delta-D-04,Niger Delta Offshore,7/29/2024,2586,10181,17.06,0,Active
WELL_004,Delta-D-04,Niger Delta Offshore,7/30/2024,2581,10188,17.1,1,Active
WELL_004,Delta-D-04,Niger Delta Onshore,7/31/2024,2528,10294,17.13,0,Active
WELL_004,Delta-D-04,Niger Delta Onshore,8/1/2024,2531,10146,17.16,0,Active
WELL_004,Delta-D-04,Niger Delta Offshore,8/2/2024,2553,10283,17.2,0,Active
WELL_004,Delta-D-04,Niger Delta Onshore,8/3/2024,2537,10302,17.22,3,Active
WELL_004,Delta-D-04,Niger Delta Offshore,8/4/2024,2575,10193,17.25,0,Active
WELL_004,Delta-D-04,Niger Delta Onshore,8/5/2024,2542,10181,17.27,0,Active
WELL_004,Delta-D-04,Niger Delta Onshore,8/6/2024,1689,6986,17.29,4,Maintenance
WELL_004,Delta-D-04,Niger Delta Onshore,8/7/2024,2566,10235,17.33,3,Active
WELL_004,Delta-D-04,Niger Delta Onshore,8/8/2024,2538,10261,17.37,2,Active
WELL_004,Delta-D-04,Niger Delta Onshore,8/9/2024,2572,10130,17.42,2,Active
WELL_004,Delta-D-04,Niger Delta Onshore,8/10/2024,2602,10145,17.45,0,Active
WELL_004,Delta-D-04,Niger Delta Onshore,8/11/2024,2562,10300,17.48,2,Active
WELL_004,Delta-D-04,Niger Delta Onshore,8/12/2024,2550,10125,17.5,1,Active
WELL_004,Delta-D-04,Niger Delta Onshore,8/13/2024,2517,10198,17.53,3,Active
WELL_004,Delta-D-04,Niger Delta Onshore,8/14/2024,1719,7064,17.55,6,Maintenance
WELL_004,Delta-D-04,Niger Delta Onshore,8/15/2024,2530,10209,17.57,3,Active
WELL_004,Delta-D-04,Niger Delta Offshore,8/16/2024,1719,6976,17.6,5,Maintenance
WELL_004,Delta-D-04,Niger Delta Onshore,8/17/2024,2525,10180,17.64,0,Active
WELL_004,Delta-D-04,Niger Delta Offshore,8/18/2024,2566,10211,17.67,0,Active
WELL_004,Delta-D-04,Niger Delta Offshore,8/19/2024,492,1724,17.69,15,Failed
WELL_004,Delta-D-04,Niger Delta Offshore,8/20/2024,1682,6988,17.73,8,Maintenance
WELL_004,Delta-D-04,Niger Delta Onshore,8/21/2024,131,929,17.78,13,Failed
WELL_004,Delta-D-04,Niger Delta Offshore,8/22/2024,2519,10212,17.81,1,Active
WELL_004,Delta-D-04,Niger Delta Onshore,8/23/2024,1706,7085,17.85,4,Maintenance
WELL_004,Delta-D-04,Niger Delta Onshore,8/24/2024,2582,10166,17.88,3,Active
WELL_004,Delta-D-04,Niger Delta Onshore,8/25/2024,2556,10150,17.9,3,Active
WELL_004,Delta-D-04,Niger Delta Offshore,8/26/2024,2541,10091,17.93,1,Active
WELL_004,Delta-D-04,Niger Delta Offshore,8/27/2024,1767,7029,17.98,5,Maintenance
WELL_004,Delta-D-04,Niger Delta Offshore,8/28/2024,2510,10218,18.02,2,Active
WELL_004,Delta-D-04,Niger Delta Offshore,8/29/2024,2552,10154,18.06,3,Active
WELL_004,Delta-D-04,Niger Delta Offshore,8/30/2024,1676,6896,18.08,8,Maintenance
WELL_004,Delta-D-04,Niger Delta Onshore,8/31/2024,1759,6939,18.11,7,Maintenance
WELL_004,Delta-D-04,Niger Delta Offshore,9/1/2024,2569,10194,18.12,1,Active
WELL_004,Delta-D-04,Niger Delta Onshore,9/2/2024,2549,10069,18.15,3,Active
WELL_004,Delta-D-04,Niger Delta Offshore,9/3/2024,2511,10232,18.17,0,Active
WELL_004,Delta-D-04,Niger Delta Onshore,9/4/2024,1762,6898,18.19,9,Maintenance
WELL_004,Delta-D-04,Niger Delta Offshore,9/5/2024,2494,10066,18.24,0,Active
WELL_004,Delta-D-04,Niger Delta Offshore,9/6/2024,2567,10072,18.28,3,Active
WELL_004,Delta-D-04,Niger Delta Offshore,9/7/2024,2561,10243,18.31,1,Active
WELL_004,Delta-D-04,Niger Delta Onshore,9/8/2024,2523,10129,18.35,0,Active
WELL_004,Delta-D-04,Niger Delta Onshore,9/9/2024,2501,10056,18.38,0,Active
WELL_004,Delta-D-04,Niger Delta Onshore,9/10/2024,2523,10053,18.4,0,Active
WELL_004,Delta-D-04,Niger Delta Onshore,9/11/2024,2553,10049,18.45,0,Active
WELL_004,Delta-D-04,Niger Delta Offshore,9/12/2024,2526,10123,18.49,1,Active
WELL_004,Delta-D-04,Niger Delta Onshore,9/13/2024,2501,10108,18.52,2,Active
WELL_004,Delta-D-04,Niger Delta Onshore,9/14/2024,2570,10070,18.56,0,Active
WELL_004,Delta-D-04,Niger Delta Offshore,9/15/2024,2554,10073,18.61,3,Active
WELL_004,Delta-D-04,Niger Delta Onshore,9/16/2024,2562,10193,18.63,2,Active
WELL_004,Delta-D-04,Niger Delta Offshore,9/17/2024,2489,10107,18.67,0,Active
WELL_004,Delta-D-04,Niger Delta Onshore,9/18/2024,695,1796,18.68,22,Failed
WELL_004,Delta-D-04,Niger Delta Onshore,9/19/2024,2557,10077,18.71,0,Active
WELL_004,Delta-D-04,Niger Delta Onshore,9/20/2024,2499,10064,18.74,1,Active
WELL_004,Delta-D-04,Niger Delta Onshore,9/21/2024,2515,10090,18.79,1,Active
WELL_004,Delta-D-04,Niger Delta Offshore,9/22/2024,2530,10172,18.82,1,Active
WELL_004,Delta-D-04,Niger Delta Onshore,9/23/2024,2509,10117,18.84,3,Active
WELL_004,Delta-D-04,Niger Delta Onshore,9/24/2024,2548,10135,18.86,3,Active
WELL_004,Delta-D-04,Niger Delta Onshore,9/25/2024,2516,10138,18.87,3,Active
WELL_004,Delta-D-04,Niger Delta Onshore,9/26/2024,1727,6829,18.91,4,Maintenance
WELL_004,Delta-D-04,Niger Delta Offshore,9/27/2024,2472,10080,18.93,0,Active
WELL_004,Delta-D-04,Niger Delta Onshore,9/28/2024,2483,10075,18.98,0,Active
WELL_004,Delta-D-04,Niger Delta Onshore,9/29/2024,2495,10054,19.02,0,Active
WELL_004,Delta-D-04,Niger Delta Onshore,9/30/2024,153,414,19.05,13,Failed
WELL_004,Delta-D-04,Niger Delta Onshore,10/1/2024,2464,10070,19.09,2,Active
WELL_004,Delta-D-04,Niger Delta Onshore,10/2/2024,2554,10031,19.13,2,Active
WELL_004,Delta-D-04,Niger Delta Offshore,10/3/2024,2500,10192,19.16,3,Active
WELL_004,Delta-D-04,Niger Delta Onshore,10/4/2024,1642,6837,19.19,6,Maintenance
WELL_004,Delta-D-04,Niger Delta Onshore,10/5/2024,2548,10159,19.21,2,Active
WELL_004,Delta-D-04,Niger Delta Onshore,10/6/2024,589,781,19.25,14,Failed
WELL_004,Delta-D-04,Niger Delta Onshore,10/7/2024,2511,10123,19.28,2,Active
WELL_004,Delta-D-04,Niger Delta Offshore,10/8/2024,1713,6853,19.3,8,Maintenance
WELL_004,Delta-D-04,Niger Delta Offshore,10/9/2024,2478,10014,19.34,0,Active
WELL_004,Delta-D-04,Niger Delta Onshore,10/10/2024,2505,10035,19.36,0,Active
WELL_004,Delta-D-04,Niger Delta Offshore,10/11/2024,2546,10177,19.38,1,Active
WELL_004,Delta-D-04,Niger Delta Offshore,10/12/2024,2508,10160,19.41,0,Active
WELL_004,Delta-D-04,Niger Delta Offshore,10/13/2024,2524,10116,19.45,2,Active
WELL_004,Delta-D-04,Niger Delta Offshore,10/14/2024,1716,6871,19.47,8,Maintenance
WELL_004,Delta-D-04,Niger Delta Offshore,10/15/2024,2494,10031,19.51,3,Active
WELL_004,Delta-D-04,Niger Delta Onshore,10/16/2024,449,792,19.52,11,Failed
WELL_004,Delta-D-04,Niger Delta Onshore,10/17/2024,2485,10047,19.56,0,Active
WELL_004,Delta-D-04,Niger Delta Offshore,10/18/2024,1661,6943,19.6,9,Maintenance
WELL_004,Delta-D-04,Niger Delta Onshore,10/19/2024,69,1361,19.62,11,Failed
WELL_004,Delta-D-04,Niger Delta Onshore,10/20/2024,2489,10153,19.66,0,Active
WELL_004,Delta-D-04,Niger Delta Onshore,10/21/2024,2467,10018,19.71,3,Active
WELL_004,Delta-D-04,Niger Delta Onshore,10/22/2024,2499,9990,19.75,1,Active
WELL_004,Delta-D-04,Niger Delta Onshore,10/23/2024,2479,10060,19.79,1,Active
WELL_004,Delta-D-04,Niger Delta Onshore,10/24/2024,2509,10155,19.81,1,Active
WELL_004,Delta-D-04,Niger Delta Onshore,10/25/2024,2482,9962,19.83,2,Active
WELL_004,Delta-D-04,Niger Delta Onshore,10/26/2024,1643,6758,19.86,8,Maintenance
WELL_004,Delta-D-04,Niger Delta Onshore,10/27/2024,2444,10042,19.9,3,Active
WELL_004,Delta-D-04,Niger Delta Offshore,10/28/2024,2495,10006,19.92,1,Active
WELL_004,Delta-D-04,Niger Delta Onshore,10/29/2024,2463,10144,19.97,2,Active
WELL_004,Delta-D-04,Niger Delta Offshore,10/30/2024,2469,10037,19.99,0,Active
WELL_004,Delta-D-04,Niger Delta Onshore,10/31/2024,2463,10064,20.01,2,Active
WELL_004,Delta-D-04,Niger Delta Onshore,11/1/2024,2526,9997,20.04,0,Active
WELL_004,Delta-D-04,Niger Delta Onshore,11/2/2024,2475,10128,20.05,0,Active
WELL_004,Delta-D-04,Niger Delta Offshore,11/3/2024,2533,10104,20.09,0,Active
WELL_004,Delta-D-04,Niger Delta Offshore,11/4/2024,2510,9970,20.11,1,Active
WELL_004,Delta-D-04,Niger Delta Onshore,11/5/2024,2481,10093,20.12,0,Active
WELL_004,Delta-D-04,Niger Delta Onshore,11/6/2024,2496,10106,20.15,1,Active
WELL_004,Delta-D-04,Niger Delta Onshore,11/7/2024,381,1741,20.18,10,Failed
WELL_004,Delta-D-04,Niger Delta Onshore,11/8/2024,2474,10057,20.22,2,Active
WELL_004,Delta-D-04,Niger Delta Onshore,11/9/2024,2484,10069,20.23,2,Active
WELL_004,Delta-D-04,Niger Delta Offshore,11/10/2024,2471,10058,20.27,1,Active
WELL_004,Delta-D-04,Niger Delta Offshore,11/11/2024,2495,10033,20.29,0,Active
WELL_004,Delta-D-04,Niger Delta Offshore,11/12/2024,2523,9999,20.31,2,Active
WELL_004,Delta-D-04,Niger Delta Offshore,11/13/2024,2519,9949,20.32,1,Active
WELL_004,Delta-D-04,Niger Delta Offshore,11/14/2024,2499,10050,20.36,2,Active
WELL_004,Delta-D-04,Niger Delta Onshore,11/15/2024,2465,9916,20.39,0,Active
WELL_004,Delta-D-04,Niger Delta Offshore,11/16/2024,2477,10061,20.43,1,Active
WELL_004,Delta-D-04,Niger Delta Onshore,11/17/2024,2435,9926,20.46,1,Active
WELL_004,Delta-D-04,Niger Delta Offshore,11/18/2024,2458,10051,20.48,1,Active
WELL_004,Delta-D-04,Niger Delta Onshore,11/19/2024,2484,10017,20.53,3,Active
WELL_004,Delta-D-04,Niger Delta Onshore,11/20/2024,1647,6742,20.57,7,Maintenance
WELL_004,Delta-D-04,Niger Delta Onshore,11/21/2024,532,3049,20.59,21,Failed
WELL_004,Delta-D-04,Niger Delta Offshore,11/22/2024,2464,10092,20.64,0,Active
WELL_004,Delta-D-04,Niger Delta Onshore,11/23/2024,2506,9989,20.67,2,Active
WELL_004,Delta-D-04,Niger Delta Onshore,11/24/2024,2485,9910,20.68,2,Active
WELL_004,Delta-D-04,Niger Delta Onshore,11/25/2024,2446,9919,20.7,0,Active
WELL_004,Delta-D-04,Niger Delta Offshore,11/26/2024,2514,9962,20.74,1,Active
WELL_004,Delta-D-04,Niger Delta Onshore,11/27/2024,2467,9970,20.76,2,Active
WELL_004,Delta-D-04,Niger Delta Onshore,11/28/2024,2455,10029,20.8,0,Active
WELL_004,Delta-D-04,Niger Delta Onshore,11/29/2024,2493,10019,20.82,3,Active
WELL_004,Delta-D-04,Niger Delta Offshore,11/30/2024,2474,10081,20.87,0,Active
WELL_004,Delta-D-04,Niger Delta Onshore,12/1/2024,2467,9986,20.89,1,Active
WELL_004,Delta-D-04,Niger Delta Offshore,12/2/2024,2457,10037,20.94,3,Active
WELL_004,Delta-D-04,Niger Delta Offshore,12/3/2024,769,2723,20.95,22,Failed
WELL_004,Delta-D-04,Niger Delta Offshore,12/4/2024,2448,10006,21,3,Active
WELL_004,Delta-D-04,Niger Delta Onshore,12/5/2024,2480,10044,21.01,3,Active
WELL_004,Delta-D-04,Niger Delta Offshore,12/6/2024,2448,9939,21.06,3,Active
WELL_004,Delta-D-04,Niger Delta Offshore,12/7/2024,2438,9898,21.08,0,Active
WELL_004,Delta-D-04,Niger Delta Offshore,12/8/2024,2460,10025,21.09,1,Active
WELL_004,Delta-D-04,Niger Delta Onshore,12/9/2024,2455,9986,21.12,0,Active
WELL_004,Delta-D-04,Niger Delta Onshore,12/10/2024,2459,9990,21.15,2,Active
WELL_004,Delta-D-04,Niger Delta Onshore,12/11/2024,2437,9925,21.2,3,Active
WELL_004,Delta-D-04,Niger Delta Onshore,12/12/2024,1638,6671,21.24,8,Maintenance
WELL_004,Delta-D-04,Niger Delta Onshore,12/13/2024,2479,9868,21.26,0,Active
WELL_004,Delta-D-04,Niger Delta Onshore,12/14/2024,335,1458,21.29,12,Failed
WELL_004,Delta-D-04,Niger Delta Onshore,12/15/2024,2431,9959,21.31,0,Active
WELL_004,Delta-D-04,Niger Delta Offshore,12/16/2024,278,815,21.36,18,Failed
WELL_004,Delta-D-04,Niger Delta Onshore,12/17/2024,2402,9927,21.38,2,Active
WELL_004,Delta-D-04,Niger Delta Offshore,12/18/2024,2471,10041,21.43,3,Active
WELL_004,Delta-D-04,Niger Delta Offshore,12/19/2024,2472,9868,21.47,0,Active
WELL_004,Delta-D-04,Niger Delta Onshore,12/20/2024,2449,9958,21.5,0,Active
WELL_004,Delta-D-04,Niger Delta Offshore,12/21/2024,2469,9912,21.54,0,Active
WELL_004,Delta-D-04,Niger Delta Onshore,12/22/2024,2489,10030,21.58,2,Active
WELL_004,Delta-D-04,Niger Delta Onshore,12/23/2024,2405,9992,21.63,2,Active
WELL_004,Delta-D-04,Niger Delta Onshore,12/24/2024,2420,9850,21.65,1,Active
WELL_004,Delta-D-04,Niger Delta Offshore,12/25/2024,2488,9868,21.67,2,Active
WELL_004,Delta-D-04,Niger Delta Onshore,12/26/2024,2476,9856,21.71,0,Active
WELL_004,Delta-D-04,Niger Delta Offshore,12/27/2024,2484,9830,21.74,0,Active
WELL_004,Delta-D-04,Niger Delta Offshore,12/28/2024,2477,9866,21.77,0,Active
WELL_004,Delta-D-04,Niger Delta Onshore,12/29/2024,2411,10009,21.78,2,Active
WELL_004,Delta-D-04,Niger Delta Offshore,12/30/2024,2406,9907,21.82,3,Active
WELL_004,Delta-D-04,Niger Delta Onshore,12/31/2024,2415,9887,21.85,0,Active
WELL_004,Delta-D-04,Niger Delta Onshore,1/1/2025,2486,9943,21.89,1,Active
WELL_004,Delta-D-04,Niger Delta Offshore,1/2/2025,726,2576,21.93,18,Failed
WELL_004,Delta-D-04,Niger Delta Onshore,1/3/2025,2422,9863,21.96,3,Active
WELL_004,Delta-D-04,Niger Delta Onshore,1/4/2025,2465,9881,21.98,1,Active
WELL_004,Delta-D-04,Niger Delta Offshore,1/5/2025,2478,9817,21.99,1,Active
WELL_004,Delta-D-04,Niger Delta Onshore,1/6/2025,73,1660,22.03,13,Failed
WELL_004,Delta-D-04,Niger Delta Offshore,1/7/2025,2473,9883,22.06,2,Active
WELL_004,Delta-D-04,Niger Delta Offshore,1/8/2025,454,1929,22.08,21,Failed
WELL_004,Delta-D-04,Niger Delta Offshore,1/9/2025,2431,9817,22.09,1,Active
WELL_004,Delta-D-04,Niger Delta Offshore,1/10/2025,621,277,22.12,10,Failed
WELL_004,Delta-D-04,Niger Delta Offshore,1/11/2025,2399,9943,22.15,3,Active
WELL_004,Delta-D-04,Niger Delta Offshore,1/12/2025,2464,9936,22.2,0,Active
WELL_004,Delta-D-04,Niger Delta Onshore,1/13/2025,2408,9968,22.22,3,Active
WELL_004,Delta-D-04,Niger Delta Offshore,1/14/2025,1656,6734,22.25,6,Maintenance
WELL_004,Delta-D-04,Niger Delta Onshore,1/15/2025,179,1023,22.27,14,Failed
WELL_004,Delta-D-04,Niger Delta Offshore,1/16/2025,2469,9939,22.29,0,Active
WELL_004,Delta-D-04,Niger Delta Offshore,1/17/2025,2436,9838,22.3,1,Active
WELL_004,Delta-D-04,Niger Delta Onshore,1/18/2025,453,2238,22.33,19,Failed
WELL_004,Delta-D-04,Niger Delta Offshore,1/19/2025,2432,9834,22.36,0,Active
WELL_004,Delta-D-04,Niger Delta Onshore,1/20/2025,2405,9901,22.4,3,Active
WELL_004,Delta-D-04,Niger Delta Onshore,1/21/2025,2442,9950,22.44,3,Active
WELL_004,Delta-D-04,Niger Delta Onshore,1/22/2025,472,3166,22.48,11,Failed
WELL_004,Delta-D-04,Niger Delta Offshore,1/23/2025,2424,9958,22.52,2,Active
WELL_004,Delta-D-04,Niger Delta Offshore,1/24/2025,2434,9841,22.56,2,Active
WELL_004,Delta-D-04,Niger Delta Onshore,1/25/2025,2426,9905,22.61,2,Active
WELL_004,Delta-D-04,Niger Delta Offshore,1/26/2025,2456,9794,22.65,0,Active
WELL_004,Delta-D-04,Niger Delta Offshore,1/27/2025,2460,9884,22.67,2,Active
WELL_004,Delta-D-04,Niger Delta Offshore,1/28/2025,2383,9954,22.71,2,Active
WELL_004,Delta-D-04,Niger Delta Offshore,1/29/2025,2382,9813,22.73,1,Active
WELL_004,Delta-D-04,Niger Delta Onshore,1/30/2025,2445,9961,22.77,1,Active
WELL_004,Delta-D-04,Niger Delta Onshore,1/31/2025,2375,9893,22.78,3,Active
WELL_004,Delta-D-04,Niger Delta Onshore,2/1/2025,201,740,22.82,22,Failed
WELL_004,Delta-D-04,Niger Delta Offshore,2/2/2025,2451,9789,22.86,2,Active
WELL_004,Delta-D-04,Niger Delta Offshore,2/3/2025,2441,9918,22.91,3,Active
WELL_004,Delta-D-04,Niger Delta Onshore,2/4/2025,2387,9863,22.94,3,Active
WELL_004,Delta-D-04,Niger Delta Offshore,2/5/2025,2421,9807,22.99,1,Active
WELL_004,Delta-D-04,Niger Delta Onshore,2/6/2025,2374,9940,23,2,Active
WELL_004,Delta-D-04,Niger Delta Offshore,2/7/2025,2437,9831,23.03,2,Active
WELL_004,Delta-D-04,Niger Delta Offshore,2/8/2025,2428,9864,23.05,0,Active
WELL_004,Delta-D-04,Niger Delta Offshore,2/9/2025,2410,9800,23.1,3,Active
WELL_004,Delta-D-04,Niger Delta Offshore,2/10/2025,2455,9820,23.12,1,Active
WELL_004,Delta-D-04,Niger Delta Onshore,2/11/2025,2417,9791,23.16,0,Active
WELL_004,Delta-D-04,Niger Delta Onshore,2/12/2025,2357,9926,23.19,0,Active
WELL_004,Delta-D-04,Niger Delta Offshore,2/13/2025,733,1809,23.2,21,Failed
WELL_004,Delta-D-04,Niger Delta Onshore,2/14/2025,2401,9899,23.22,1,Active
WELL_004,Delta-D-04,Niger Delta Offshore,2/15/2025,2408,9855,23.24,3,Active
WELL_004,Delta-D-04,Niger Delta Offshore,2/16/2025,210,2494,23.27,21,Failed
WELL_004,Delta-D-04,Niger Delta Offshore,2/17/2025,2421,9841,23.3,3,Active
WELL_004,Delta-D-04,Niger Delta Offshore,2/18/2025,2423,9816,23.33,0,Active
WELL_004,Delta-D-04,Niger Delta Onshore,2/19/2025,2444,9738,23.35,3,Active
WELL_004,Delta-D-04,Niger Delta Onshore,2/20/2025,2357,9854,23.4,3,Active
WELL_004,Delta-D-04,Niger Delta Offshore,2/21/2025,1538,6646,23.43,6,Maintenance
WELL_004,Delta-D-04,Niger Delta Offshore,2/22/2025,2431,9735,23.46,3,Active
WELL_004,Delta-D-04,Niger Delta Offshore,2/23/2025,2357,9812,23.51,0,Active
WELL_004,Delta-D-04,Niger Delta Offshore,2/24/2025,2390,9814,23.54,0,Active
WELL_004,Delta-D-04,Niger Delta Offshore,2/25/2025,2349,9710,23.56,2,Active
WELL_004,Delta-D-04,Niger Delta Offshore,2/26/2025,706,342,23.59,12,Failed
WELL_004,Delta-D-04,Niger Delta Onshore,2/27/2025,2360,9772,23.61,1,Active
WELL_004,Delta-D-04,Niger Delta Onshore,2/28/2025,2432,9761,23.66,0,Active
WELL_004,Delta-D-04,Niger Delta Onshore,3/1/2025,2365,9773,23.69,0,Active
WELL_004,Delta-D-04,Niger Delta Onshore,3/2/2025,2393,9779,23.73,2,Active
WELL_004,Delta-D-04,Niger Delta Onshore,3/3/2025,1589,6570,23.77,9,Maintenance
WELL_004,Delta-D-04,Niger Delta Onshore,3/4/2025,2342,9767,23.79,0,Active
WELL_004,Delta-D-04,Niger Delta Onshore,3/5/2025,2427,9800,23.8,0,Active
WELL_004,Delta-D-04,Niger Delta Offshore,3/6/2025,2427,9808,23.85,2,Active
WELL_004,Delta-D-04,Niger Delta Onshore,3/7/2025,1588,6564,23.86,7,Maintenance
WELL_004,Delta-D-04,Niger Delta Offshore,3/8/2025,1588,6565,23.89,6,Maintenance
WELL_004,Delta-D-04,Niger Delta Onshore,3/9/2025,1555,6670,23.92,6,Maintenance
WELL_004,Delta-D-04,Niger Delta Offshore,3/10/2025,2357,9827,23.94,3,Active
WELL_004,Delta-D-04,Niger Delta Offshore,3/11/2025,2431,9773,23.97,3,Active
WELL_004,Delta-D-04,Niger Delta Onshore,3/12/2025,1563,6548,24,9,Maintenance
WELL_004,Delta-D-04,Niger Delta Offshore,3/13/2025,2413,9776,24.03,2,Active
WELL_004,Delta-D-04,Niger Delta Offshore,3/14/2025,2354,9842,24.06,2,Active
WELL_004,Delta-D-04,Niger Delta Onshore,3/15/2025,2416,9813,24.1,3,Active
WELL_004,Delta-D-04,Niger Delta Offshore,3/16/2025,2421,9863,24.12,3,Active
WELL_004,Delta-D-04,Niger Delta Offshore,3/17/2025,2334,9693,24.17,2,Active
WELL_004,Delta-D-04,Niger Delta Onshore,3/18/2025,2363,9769,24.19,3,Active
WELL_004,Delta-D-04,Niger Delta Onshore,3/19/2025,1559,6651,24.24,8,Maintenance
WELL_004,Delta-D-04,Niger Delta Onshore,3/20/2025,1535,6601,24.25,9,Maintenance
WELL_004,Delta-D-04,Niger Delta Onshore,3/21/2025,2363,9848,24.28,3,Active
WELL_004,Delta-D-04,Niger Delta Offshore,3/22/2025,726,730,24.29,12,Failed
WELL_004,Delta-D-04,Niger Delta Onshore,3/23/2025,1583,6630,24.31,6,Maintenance
WELL_004,Delta-D-04,Niger Delta Onshore,3/24/2025,2418,9681,24.32,3,Active
WELL_004,Delta-D-04,Niger Delta Onshore,3/25/2025,1507,6534,24.34,6,Maintenance
WELL_004,Delta-D-04,Niger Delta Offshore,3/26/2025,2332,9832,24.36,1,Active
WELL_004,Delta-D-04,Niger Delta Onshore,3/27/2025,2398,9780,24.38,3,Active
WELL_004,Delta-D-04,Niger Delta Onshore,3/28/2025,2398,9709,24.42,2,Active
WELL_004,Delta-D-04,Niger Delta Offshore,3/29/2025,2379,9689,24.46,0,Active
WELL_004,Delta-D-04,Niger Delta Onshore,3/30/2025,448,591,24.48,23,Failed
WELL_004,Delta-D-04,Niger Delta Offshore,3/31/2025,2372,9782,24.52,2,Active
WELL_004,Delta-D-04,Niger Delta Offshore,4/1/2025,2351,9727,24.57,1,Active
WELL_004,Delta-D-04,Niger Delta Onshore,4/2/2025,2410,9677,24.59,0,Active
WELL_004,Delta-D-04,Niger Delta Onshore,4/3/2025,2408,9688,24.62,0,Active
WELL_004,Delta-D-04,Niger Delta Offshore,4/4/2025,2319,9688,24.64,2,Active
WELL_004,Delta-D-04,Niger Delta Onshore,4/5/2025,2358,9823,24.69,3,Active
WELL_004,Delta-D-04,Niger Delta Onshore,4/6/2025,2409,9676,24.71,1,Active
WELL_004,Delta-D-04,Niger Delta Onshore,4/7/2025,2335,9642,24.73,0,Active
WELL_004,Delta-D-04,Niger Delta Offshore,4/8/2025,1568,6551,24.75,8,Maintenance
WELL_004,Delta-D-04,Niger Delta Offshore,4/9/2025,1530,6553,24.77,4,Maintenance
WELL_004,Delta-D-04,Niger Delta Onshore,4/10/2025,2330,9782,24.78,3,Active
WELL_004,Delta-D-04,Niger Delta Offshore,4/11/2025,1567,6518,24.81,6,Maintenance
WELL_004,Delta-D-04,Niger Delta Onshore,4/12/2025,2366,9623,24.82,2,Active
WELL_004,Delta-D-04,Niger Delta Onshore,4/13/2025,2387,9700,24.86,3,Active
WELL_004,Delta-D-04,Niger Delta Onshore,4/14/2025,2344,9682,24.88,1,Active
WELL_004,Delta-D-04,Niger Delta Onshore,4/15/2025,98,915,24.9,11,Failed
WELL_004,Delta-D-04,Niger Delta Offshore,4/16/2025,2389,9646,24.93,1,Active
WELL_004,Delta-D-04,Niger Delta Onshore,4/17/2025,2376,9611,24.95,3,Active
WELL_004,Delta-D-04,Niger Delta Onshore,4/18/2025,2317,9768,24.99,2,Active
WELL_004,Delta-D-04,Niger Delta Offshore,4/19/2025,2348,9695,25,1,Active
WELL_004,Delta-D-04,Niger Delta Onshore,4/20/2025,75,2912,25.04,11,Failed
WELL_004,Delta-D-04,Niger Delta Offshore,4/21/2025,2307,9635,25.07,3,Active
WELL_004,Delta-D-04,Niger Delta Onshore,4/22/2025,1572,6573,25.11,7,Maintenance
WELL_004,Delta-D-04,Niger Delta Offshore,4/23/2025,2347,9616,25.13,1,Active
WELL_004,Delta-D-04,Niger Delta Onshore,4/24/2025,2360,9789,25.17,2,Active
WELL_004,Delta-D-04,Niger Delta Offshore,4/25/2025,2360,9772,25.21,3,Active
WELL_004,Delta-D-04,Niger Delta Onshore,4/26/2025,2338,9593,25.26,2,Active
WELL_004,Delta-D-04,Niger Delta Offshore,4/27/2025,2375,9628,25.28,3,Active
WELL_004,Delta-D-04,Niger Delta Onshore,4/28/2025,2361,9734,25.3,1,Active
WELL_004,Delta-D-04,Niger Delta Onshore,4/29/2025,2302,9739,25.32,0,Active
WELL_004,Delta-D-04,Niger Delta Onshore,4/30/2025,2388,9630,25.37,3,Active
WELL_004,Delta-D-04,Niger Delta Onshore,5/1/2025,1541,6398,25.4,4,Maintenance
WELL_004,Delta-D-04,Niger Delta Onshore,5/2/2025,2295,9665,25.45,1,Active
WELL_004,Delta-D-04,Niger Delta Offshore,5/3/2025,2327,9768,25.47,2,Active
WELL_004,Delta-D-04,Niger Delta Onshore,5/4/2025,2315,9754,25.51,2,Active
WELL_004,Delta-D-04,Niger Delta Onshore,5/5/2025,1558,6439,25.55,7,Maintenance
WELL_004,Delta-D-04,Niger Delta Onshore,5/6/2025,2362,9717,25.57,0,Active
WELL_004,Delta-D-04,Niger Delta Offshore,5/7/2025,769,2361,25.62,10,Failed
WELL_004,Delta-D-04,Niger Delta Offshore,5/8/2025,409,2074,25.65,21,Failed
WELL_004,Delta-D-04,Niger Delta Onshore,5/9/2025,2345,9670,25.68,0,Active
WELL_004,Delta-D-04,Niger Delta Onshore,5/10/2025,1525,6399,25.72,7,Maintenance
WELL_004,Delta-D-04,Niger Delta Onshore,5/11/2025,1486,6524,25.75,6,Maintenance
WELL_004,Delta-D-04,Niger Delta Onshore,5/12/2025,2350,9640,25.78,2,Active
WELL_004,Delta-D-04,Niger Delta Offshore,5/13/2025,1486,6436,25.81,5,Maintenance
WELL_004,Delta-D-04,Niger Delta Onshore,5/14/2025,2379,9673,25.84,0,Active
WELL_005,Delta-E-05,Niger Delta Offshore,1/1/2024,2517,10633,14.05,2,Active
WELL_005,Delta-E-05,Niger Delta Onshore,1/2/2024,2497,10648,14.08,1,Active
WELL_005,Delta-E-05,Niger Delta Onshore,1/3/2024,2537,10549,14.13,1,Active
WELL_005,Delta-E-05,Niger Delta Onshore,1/4/2024,2478,10522,14.14,3,Active
WELL_005,Delta-E-05,Niger Delta Offshore,1/5/2024,2551,10556,14.15,2,Active
WELL_005,Delta-E-05,Niger Delta Onshore,1/6/2024,2524,10574,14.16,3,Active
WELL_005,Delta-E-05,Niger Delta Onshore,1/7/2024,2487,10662,14.18,1,Active
WELL_005,Delta-E-05,Niger Delta Offshore,1/8/2024,2480,10581,14.23,3,Active
WELL_005,Delta-E-05,Niger Delta Offshore,1/9/2024,2516,10530,14.26,1,Active
WELL_005,Delta-E-05,Niger Delta Offshore,1/10/2024,2504,10534,14.29,0,Active
WELL_005,Delta-E-05,Niger Delta Onshore,1/11/2024,2467,10654,14.32,3,Active
WELL_005,Delta-E-05,Niger Delta Offshore,1/12/2024,2536,10572,14.35,2,Active
WELL_005,Delta-E-05,Niger Delta Onshore,1/13/2024,2520,10602,14.38,1,Active
WELL_005,Delta-E-05,Niger Delta Offshore,1/14/2024,1799,7413,14.42,9,Maintenance
WELL_005,Delta-E-05,Niger Delta Onshore,1/15/2024,2509,10607,14.46,1,Active
WELL_005,Delta-E-05,Niger Delta Offshore,1/16/2024,1747,7467,14.5,4,Maintenance
WELL_005,Delta-E-05,Niger Delta Offshore,1/17/2024,2462,10517,14.54,0,Active
WELL_005,Delta-E-05,Niger Delta Offshore,1/18/2024,1753,7419,14.58,7,Maintenance
WELL_005,Delta-E-05,Niger Delta Offshore,1/19/2024,2469,10495,14.6,3,Active
WELL_005,Delta-E-05,Niger Delta Offshore,1/20/2024,2477,10552,14.62,3,Active
WELL_005,Delta-E-05,Niger Delta Onshore,1/21/2024,2500,10486,14.65,0,Active
WELL_005,Delta-E-05,Niger Delta Onshore,1/22/2024,2502,10491,14.66,2,Active
WELL_005,Delta-E-05,Niger Delta Onshore,1/23/2024,2507,10638,14.67,0,Active
WELL_005,Delta-E-05,Niger Delta Offshore,1/24/2024,513,3007,14.69,12,Failed
WELL_005,Delta-E-05,Niger Delta Offshore,1/25/2024,1770,7351,14.71,9,Maintenance
WELL_005,Delta-E-05,Niger Delta Onshore,1/26/2024,2501,10635,14.72,1,Active
WELL_005,Delta-E-05,Niger Delta Onshore,1/27/2024,1721,7430,14.73,4,Maintenance
WELL_005,Delta-E-05,Niger Delta Onshore,1/28/2024,2460,10609,14.78,1,Active
WELL_005,Delta-E-05,Niger Delta Offshore,1/29/2024,2536,10474,14.81,1,Active
WELL_005,Delta-E-05,Niger Delta Offshore,1/30/2024,2454,10533,14.83,1,Active
WELL_005,Delta-E-05,Niger Delta Onshore,1/31/2024,2543,10510,14.86,1,Active
WELL_005,Delta-E-05,Niger Delta Offshore,2/1/2024,2495,10592,14.87,2,Active
WELL_005,Delta-E-05,Niger Delta Offshore,2/2/2024,2546,10550,14.89,0,Active
WELL_005,Delta-E-05,Niger Delta Offshore,2/3/2024,2542,10632,14.91,1,Active
WELL_005,Delta-E-05,Niger Delta Onshore,2/4/2024,2527,10451,14.93,2,Active
WELL_005,Delta-E-05,Niger Delta Offshore,2/5/2024,1737,7380,14.97,9,Maintenance
WELL_005,Delta-E-05,Niger Delta Offshore,2/6/2024,2449,10615,14.98,1,Active
WELL_005,Delta-E-05,Niger Delta Offshore,2/7/2024,2523,10515,15.02,2,Active
WELL_005,Delta-E-05,Niger Delta Offshore,2/8/2024,2486,10462,15.06,0,Active
WELL_005,Delta-E-05,Niger Delta Offshore,2/9/2024,2508,10607,15.07,3,Active
WELL_005,Delta-E-05,Niger Delta Offshore,2/10/2024,2528,10492,15.08,3,Active
WELL_005,Delta-E-05,Niger Delta Onshore,2/11/2024,2501,10634,15.13,0,Active
WELL_005,Delta-E-05,Niger Delta Offshore,2/12/2024,2495,10461,15.14,3,Active
WELL_005,Delta-E-05,Niger Delta Offshore,2/13/2024,502,1868,15.17,16,Failed
WELL_005,Delta-E-05,Niger Delta Onshore,2/14/2024,1693,7406,15.2,4,Maintenance
WELL_005,Delta-E-05,Niger Delta Offshore,2/15/2024,1697,7247,15.25,7,Maintenance
WELL_005,Delta-E-05,Niger Delta Onshore,2/16/2024,36,1365,15.28,14,Failed
WELL_005,Delta-E-05,Niger Delta Onshore,2/17/2024,2513,10470,15.33,3,Active
WELL_005,Delta-E-05,Niger Delta Offshore,2/18/2024,2480,10516,15.36,3,Active
WELL_005,Delta-E-05,Niger Delta Offshore,2/19/2024,1722,7248,15.4,9,Maintenance
WELL_005,Delta-E-05,Niger Delta Onshore,2/20/2024,2462,10505,15.44,0,Active
WELL_005,Delta-E-05,Niger Delta Onshore,2/21/2024,2437,10491,15.47,2,Active
WELL_005,Delta-E-05,Niger Delta Offshore,2/22/2024,2478,10509,15.49,1,Active
WELL_005,Delta-E-05,Niger Delta Onshore,2/23/2024,2519,10445,15.54,1,Active
WELL_005,Delta-E-05,Niger Delta Offshore,2/24/2024,1678,7332,15.56,5,Maintenance
WELL_005,Delta-E-05,Niger Delta Offshore,2/25/2024,2523,10570,15.58,3,Active
WELL_005,Delta-E-05,Niger Delta Offshore,2/26/2024,2437,10597,15.6,2,Active
WELL_005,Delta-E-05,Niger Delta Onshore,2/27/2024,310,2635,15.63,14,Failed
WELL_005,Delta-E-05,Niger Delta Onshore,2/28/2024,2510,10580,15.66,3,Active
WELL_005,Delta-E-05,Niger Delta Offshore,2/29/2024,1676,7354,15.69,8,Maintenance
WELL_005,Delta-E-05,Niger Delta Offshore,3/1/2024,2481,10412,15.74,2,Active
WELL_005,Delta-E-05,Niger Delta Onshore,3/2/2024,2505,10457,15.78,2,Active
WELL_005,Delta-E-05,Niger Delta Onshore,3/3/2024,2512,10489,15.82,3,Active
WELL_005,Delta-E-05,Niger Delta Onshore,3/4/2024,1708,7293,15.86,9,Maintenance
WELL_005,Delta-E-05,Niger Delta Offshore,3/5/2024,2433,10531,15.88,3,Active
WELL_005,Delta-E-05,Niger Delta Onshore,3/6/2024,2471,10568,15.89,1,Active
WELL_005,Delta-E-05,Niger Delta Offshore,3/7/2024,2454,10574,15.9,0,Active
WELL_005,Delta-E-05,Niger Delta Onshore,3/8/2024,172,1462,15.92,17,Failed
WELL_005,Delta-E-05,Niger Delta Offshore,3/9/2024,505,2131,15.94,21,Failed
WELL_005,Delta-E-05,Niger Delta Offshore,3/10/2024,1667,7360,15.97,5,Maintenance
WELL_005,Delta-E-05,Niger Delta Onshore,3/11/2024,2422,10570,16,1,Active
WELL_005,Delta-E-05,Niger Delta Onshore,3/12/2024,1732,7297,16.01,6,Maintenance
WELL_005,Delta-E-05,Niger Delta Offshore,3/13/2024,1743,7325,16.05,4,Maintenance
WELL_005,Delta-E-05,Niger Delta Onshore,3/14/2024,2463,10440,16.09,2,Active
WELL_005,Delta-E-05,Niger Delta Offshore,3/15/2024,2433,10403,16.12,0,Active
WELL_005,Delta-E-05,Niger Delta Onshore,3/16/2024,2420,10504,16.14,0,Active
WELL_005,Delta-E-05,Niger Delta Offshore,3/17/2024,1666,7211,16.15,5,Maintenance
WELL_005,Delta-E-05,Niger Delta Onshore,3/18/2024,2455,10460,16.19,2,Active
WELL_005,Delta-E-05,Niger Delta Onshore,3/19/2024,2461,10426,16.22,0,Active
WELL_005,Delta-E-05,Niger Delta Onshore,3/20/2024,2485,10541,16.23,2,Active
WELL_005,Delta-E-05,Niger Delta Offshore,3/21/2024,2467,10523,16.25,3,Active
WELL_005,Delta-E-05,Niger Delta Offshore,3/22/2024,2487,10390,16.28,0,Active
WELL_005,Delta-E-05,Niger Delta Onshore,3/23/2024,2480,10413,16.29,3,Active
WELL_005,Delta-E-05,Niger Delta Onshore,3/24/2024,2423,10409,16.33,1,Active
WELL_005,Delta-E-05,Niger Delta Offshore,3/25/2024,2475,10537,16.36,2,Active
WELL_005,Delta-E-05,Niger Delta Offshore,3/26/2024,2415,10399,16.41,2,Active
WELL_005,Delta-E-05,Niger Delta Offshore,3/27/2024,2487,10388,16.45,3,Active
WELL_005,Delta-E-05,Niger Delta Onshore,3/28/2024,2465,10351,16.47,1,Active
WELL_005,Delta-E-05,Niger Delta Offshore,3/29/2024,2428,10361,16.51,1,Active
WELL_005,Delta-E-05,Niger Delta Offshore,3/30/2024,2481,10421,16.55,1,Active
WELL_005,Delta-E-05,Niger Delta Offshore,3/31/2024,2431,10346,16.57,3,Active
WELL_005,Delta-E-05,Niger Delta Onshore,4/1/2024,2409,10531,16.6,3,Active
WELL_005,Delta-E-05,Niger Delta Offshore,4/2/2024,2425,10368,16.65,3,Active
WELL_005,Delta-E-05,Niger Delta Onshore,4/3/2024,2452,10500,16.68,1,Active
WELL_005,Delta-E-05,Niger Delta Onshore,4/4/2024,2420,10392,16.71,3,Active
WELL_005,Delta-E-05,Niger Delta Offshore,4/5/2024,703,2523,16.75,14,Failed
WELL_005,Delta-E-05,Niger Delta Onshore,4/6/2024,2409,10434,16.76,1,Active
WELL_005,Delta-E-05,Niger Delta Offshore,4/7/2024,1729,7295,16.78,4,Maintenance
WELL_005,Delta-E-05,Niger Delta Onshore,4/8/2024,2465,10356,16.82,3,Active
WELL_005,Delta-E-05,Niger Delta Onshore,4/9/2024,2406,10407,16.86,0,Active
WELL_005,Delta-E-05,Niger Delta Onshore,4/10/2024,2440,10376,16.9,0,Active
WELL_005,Delta-E-05,Niger Delta Offshore,4/11/2024,2452,10412,16.92,0,Active
WELL_005,Delta-E-05,Niger Delta Offshore,4/12/2024,2412,10368,16.95,1,Active
WELL_005,Delta-E-05,Niger Delta Onshore,4/13/2024,2450,10369,16.96,0,Active
WELL_005,Delta-E-05,Niger Delta Onshore,4/14/2024,2459,10466,16.98,1,Active
WELL_005,Delta-E-05,Niger Delta Onshore,4/15/2024,2469,10310,17.03,1,Active
WELL_005,Delta-E-05,Niger Delta Onshore,4/16/2024,1691,7298,17.06,8,Maintenance
WELL_005,Delta-E-05,Niger Delta Offshore,4/17/2024,2452,10459,17.09,3,Active
WELL_005,Delta-E-05,Niger Delta Offshore,4/18/2024,2394,10357,17.13,2,Active
WELL_005,Delta-E-05,Niger Delta Offshore,4/19/2024,2424,10473,17.18,1,Active
WELL_005,Delta-E-05,Niger Delta Offshore,4/20/2024,367,857,17.22,19,Failed
WELL_005,Delta-E-05,Niger Delta Offshore,4/21/2024,2389,10484,17.25,3,Active
WELL_005,Delta-E-05,Niger Delta Offshore,4/22/2024,2480,10465,17.29,3,Active
WELL_005,Delta-E-05,Niger Delta Offshore,4/23/2024,1643,7210,17.31,6,Maintenance
WELL_005,Delta-E-05,Niger Delta Offshore,4/24/2024,2402,10442,17.35,1,Active
WELL_005,Delta-E-05,Niger Delta Offshore,4/25/2024,2383,10354,17.39,0,Active
WELL_005,Delta-E-05,Niger Delta Offshore,4/26/2024,2400,10383,17.42,1,Active
WELL_005,Delta-E-05,Niger Delta Offshore,4/27/2024,2426,10289,17.45,1,Active
WELL_005,Delta-E-05,Niger Delta Offshore,4/28/2024,2448,10428,17.49,0,Active
WELL_005,Delta-E-05,Niger Delta Onshore,4/29/2024,2476,10373,17.52,3,Active
WELL_005,Delta-E-05,Niger Delta Offshore,4/30/2024,2430,10413,17.54,0,Active
WELL_005,Delta-E-05,Niger Delta Offshore,5/1/2024,2393,10296,17.56,2,Active
WELL_005,Delta-E-05,Niger Delta Onshore,5/2/2024,2383,10415,17.57,3,Active
WELL_005,Delta-E-05,Niger Delta Offshore,5/3/2024,2400,10456,17.61,0,Active
WELL_005,Delta-E-05,Niger Delta Offshore,5/4/2024,580,1868,17.66,22,Failed
WELL_005,Delta-E-05,Niger Delta Offshore,5/5/2024,691,521,17.7,13,Failed
WELL_005,Delta-E-05,Niger Delta Onshore,5/6/2024,2384,10328,17.75,3,Active
WELL_005,Delta-E-05,Niger Delta Offshore,5/7/2024,2466,10407,17.78,1,Active
WELL_005,Delta-E-05,Niger Delta Offshore,5/8/2024,1616,7189,17.79,9,Maintenance
WELL_005,Delta-E-05,Niger Delta Onshore,5/9/2024,2388,10442,17.84,1,Active
WELL_005,Delta-E-05,Niger Delta Offshore,5/10/2024,1662,7104,17.87,6,Maintenance
WELL_005,Delta-E-05,Niger Delta Offshore,5/11/2024,2438,10424,17.91,2,Active
WELL_005,Delta-E-05,Niger Delta Offshore,5/12/2024,2435,10287,17.93,2,Active
WELL_005,Delta-E-05,Niger Delta Offshore,5/13/2024,1652,7078,17.96,6,Maintenance
WELL_005,Delta-E-05,Niger Delta Offshore,5/14/2024,2390,10356,17.98,0,Active
WELL_005,Delta-E-05,Niger Delta Offshore,5/15/2024,471,2666,17.99,12,Failed
WELL_005,Delta-E-05,Niger Delta Offshore,5/16/2024,2391,10267,18.02,3,Active
WELL_005,Delta-E-05,Niger Delta Offshore,5/17/2024,2410,10400,18.05,2,Active
WELL_005,Delta-E-05,Niger Delta Onshore,5/18/2024,2399,10263,18.08,0,Active
WELL_005,Delta-E-05,Niger Delta Onshore,5/19/2024,2384,10351,18.1,3,Active
WELL_005,Delta-E-05,Niger Delta Onshore,5/20/2024,1687,7090,18.12,5,Maintenance
WELL_005,Delta-E-05,Niger Delta Offshore,5/21/2024,2447,10251,18.15,3,Active
WELL_005,Delta-E-05,Niger Delta Offshore,5/22/2024,2376,10362,18.19,3,Active
WELL_005,Delta-E-05,Niger Delta Onshore,5/23/2024,2372,10282,18.21,3,Active
WELL_005,Delta-E-05,Niger Delta Offshore,5/24/2024,1656,7149,18.26,9,Maintenance
WELL_005,Delta-E-05,Niger Delta Offshore,5/25/2024,2393,10298,18.31,2,Active
WELL_005,Delta-E-05,Niger Delta Offshore,5/26/2024,632,3119,18.35,23,Failed
WELL_005,Delta-E-05,Niger Delta Offshore,5/27/2024,2399,10280,18.38,3,Active
WELL_005,Delta-E-05,Niger Delta Onshore,5/28/2024,1643,7197,18.41,8,Maintenance
WELL_005,Delta-E-05,Niger Delta Offshore,5/29/2024,2423,10287,18.46,0,Active
WELL_005,Delta-E-05,Niger Delta Offshore,5/30/2024,2384,10367,18.5,0,Active
WELL_005,Delta-E-05,Niger Delta Offshore,5/31/2024,2448,10344,18.52,1,Active
WELL_005,Delta-E-05,Niger Delta Offshore,6/1/2024,1662,7156,18.55,6,Maintenance
WELL_005,Delta-E-05,Niger Delta Onshore,6/2/2024,2392,10392,18.58,0,Active
WELL_005,Delta-E-05,Niger Delta Offshore,6/3/2024,1600,7211,18.6,4,Maintenance
WELL_005,Delta-E-05,Niger Delta Onshore,6/4/2024,2365,10274,18.65,1,Active
WELL_005,Delta-E-05,Niger Delta Offshore,6/5/2024,2428,10276,18.7,0,Active
WELL_005,Delta-E-05,Niger Delta Onshore,6/6/2024,2426,10315,18.72,3,Active
WELL_005,Delta-E-05,Niger Delta Offshore,6/7/2024,2403,10335,18.76,0,Active
WELL_005,Delta-E-05,Niger Delta Offshore,6/8/2024,69,2669,18.78,11,Failed
WELL_005,Delta-E-05,Niger Delta Onshore,6/9/2024,2354,10329,18.8,0,Active
WELL_005,Delta-E-05,Niger Delta Offshore,6/10/2024,2345,10253,18.83,3,Active
WELL_005,Delta-E-05,Niger Delta Onshore,6/11/2024,2433,10298,18.88,2,Active
WELL_005,Delta-E-05,Niger Delta Offshore,6/12/2024,2400,10265,18.92,0,Active
WELL_005,Delta-E-05,Niger Delta Onshore,6/13/2024,2390,10232,18.95,1,Active
WELL_005,Delta-E-05,Niger Delta Onshore,6/14/2024,2365,10212,18.97,0,Active
WELL_005,Delta-E-05,Niger Delta Offshore,6/15/2024,1597,7053,19.02,5,Maintenance
WELL_005,Delta-E-05,Niger Delta Onshore,6/16/2024,2379,10226,19.03,2,Active
WELL_005,Delta-E-05,Niger Delta Onshore,6/17/2024,1593,7039,19.06,5,Maintenance
WELL_005,Delta-E-05,Niger Delta Onshore,6/18/2024,1643,7043,19.08,7,Maintenance
WELL_005,Delta-E-05,Niger Delta Offshore,6/19/2024,2408,10249,19.13,0,Active
WELL_005,Delta-E-05,Niger Delta Offshore,6/20/2024,1589,7189,19.14,8,Maintenance
WELL_005,Delta-E-05,Niger Delta Onshore,6/21/2024,696,2650,19.17,16,Failed
WELL_005,Delta-E-05,Niger Delta Onshore,6/22/2024,2388,10285,19.19,2,Active
WELL_005,Delta-E-05,Niger Delta Onshore,6/23/2024,2336,10261,19.23,1,Active
WELL_005,Delta-E-05,Niger Delta Onshore,6/24/2024,2382,10262,19.25,1,Active
WELL_005,Delta-E-05,Niger Delta Offshore,6/25/2024,2408,10255,19.29,2,Active
WELL_005,Delta-E-05,Niger Delta Onshore,6/26/2024,1581,7007,19.34,5,Maintenance
WELL_005,Delta-E-05,Niger Delta Onshore,6/27/2024,2424,10264,19.38,3,Active
WELL_005,Delta-E-05,Niger Delta Onshore,6/28/2024,481,894,19.4,16,Failed
WELL_005,Delta-E-05,Niger Delta Offshore,6/29/2024,315,570,19.44,14,Failed
WELL_005,Delta-E-05,Niger Delta Onshore,6/30/2024,2333,10344,19.46,1,Active
WELL_005,Delta-E-05,Niger Delta Onshore,7/1/2024,2408,10266,19.48,1,Active
WELL_005,Delta-E-05,Niger Delta Offshore,7/2/2024,2380,10200,19.51,3,Active
WELL_005,Delta-E-05,Niger Delta Onshore,7/3/2024,2373,10173,19.56,1,Active
WELL_005,Delta-E-05,Niger Delta Offshore,7/4/2024,2357,10302,19.57,0,Active
WELL_005,Delta-E-05,Niger Delta Offshore,7/5/2024,2332,10314,19.59,3,Active
WELL_005,Delta-E-05,Niger Delta Onshore,7/6/2024,2383,10154,19.62,3,Active
WELL_005,Delta-E-05,Niger Delta Offshore,7/7/2024,2353,10291,19.65,0,Active
WELL_005,Delta-E-05,Niger Delta Offshore,7/8/2024,2330,10170,19.69,3,Active
WELL_005,Delta-E-05,Niger Delta Offshore,7/9/2024,2344,10154,19.72,0,Active
WELL_005,Delta-E-05,Niger Delta Offshore,7/10/2024,2380,10243,19.76,0,Active
WELL_005,Delta-E-05,Niger Delta Onshore,7/11/2024,2328,10216,19.78,0,Active
WELL_005,Delta-E-05,Niger Delta Onshore,7/12/2024,2328,10205,19.82,3,Active
WELL_005,Delta-E-05,Niger Delta Onshore,7/13/2024,2398,10329,19.85,2,Active
WELL_005,Delta-E-05,Niger Delta Offshore,7/14/2024,2337,10197,19.86,2,Active
WELL_005,Delta-E-05,Niger Delta Onshore,7/15/2024,2365,10165,19.88,0,Active
WELL_005,Delta-E-05,Niger Delta Offshore,7/16/2024,679,3044,19.9,14,Failed
WELL_005,Delta-E-05,Niger Delta Onshore,7/17/2024,2395,10287,19.94,3,Active
WELL_005,Delta-E-05,Niger Delta Offshore,7/18/2024,2378,10222,19.98,1,Active
WELL_005,Delta-E-05,Niger Delta Onshore,7/19/2024,2361,10200,20.02,0,Active
WELL_005,Delta-E-05,Niger Delta Onshore,7/20/2024,2322,10145,20.05,3,Active
WELL_005,Delta-E-05,Niger Delta Offshore,7/21/2024,2324,10286,20.1,3,Active
WELL_005,Delta-E-05,Niger Delta Offshore,7/22/2024,2400,10204,20.13,0,Active
WELL_005,Delta-E-05,Niger Delta Offshore,7/23/2024,2366,10167,20.17,0,Active
WELL_005,Delta-E-05,Niger Delta Onshore,7/24/2024,668,3106,20.19,22,Failed
WELL_005,Delta-E-05,Niger Delta Onshore,7/25/2024,2386,10115,20.2,0,Active
WELL_005,Delta-E-05,Niger Delta Offshore,7/26/2024,2403,10303,20.23,3,Active
WELL_005,Delta-E-05,Niger Delta Offshore,7/27/2024,2369,10235,20.24,3,Active
WELL_005,Delta-E-05,Niger Delta Onshore,7/28/2024,2345,10119,20.26,3,Active
WELL_005,Delta-E-05,Niger Delta Onshore,7/29/2024,2335,10224,20.29,1,Active
WELL_005,Delta-E-05,Niger Delta Onshore,7/30/2024,2398,10202,20.33,3,Active
WELL_005,Delta-E-05,Niger Delta Offshore,7/31/2024,1554,7067,20.35,7,Maintenance
WELL_005,Delta-E-05,Niger Delta Offshore,8/1/2024,2392,10125,20.38,3,Active
WELL_005,Delta-E-05,Niger Delta Onshore,8/2/2024,2316,10204,20.42,2,Active
WELL_005,Delta-E-05,Niger Delta Offshore,8/3/2024,2345,10104,20.45,2,Active
WELL_005,Delta-E-05,Niger Delta Offshore,8/4/2024,2330,10096,20.46,0,Active
WELL_005,Delta-E-05,Niger Delta Onshore,8/5/2024,2366,10125,20.47,1,Active
WELL_005,Delta-E-05,Niger Delta Offshore,8/6/2024,571,1623,20.5,15,Failed
WELL_005,Delta-E-05,Niger Delta Offshore,8/7/2024,2371,10146,20.52,3,Active
WELL_005,Delta-E-05,Niger Delta Onshore,8/8/2024,2384,10188,20.57,1,Active
WELL_005,Delta-E-05,Niger Delta Onshore,8/9/2024,2309,10152,20.58,3,Active
WELL_005,Delta-E-05,Niger Delta Onshore,8/10/2024,1572,6949,20.6,9,Maintenance
WELL_005,Delta-E-05,Niger Delta Offshore,8/11/2024,1589,7008,20.62,6,Maintenance
WELL_005,Delta-E-05,Niger Delta Onshore,8/12/2024,2321,10189,20.63,3,Active
WELL_005,Delta-E-05,Niger Delta Onshore,8/13/2024,1597,6944,20.68,8,Maintenance
WELL_005,Delta-E-05,Niger Delta Offshore,8/14/2024,276,2653,20.69,21,Failed
WELL_005,Delta-E-05,Niger Delta Offshore,8/15/2024,415,2210,20.73,14,Failed
WELL_005,Delta-E-05,Niger Delta Offshore,8/16/2024,1601,7049,20.78,6,Maintenance
WELL_005,Delta-E-05,Niger Delta Offshore,8/17/2024,2355,10135,20.83,2,Active
WELL_005,Delta-E-05,Niger Delta Offshore,8/18/2024,2327,10228,20.86,2,Active
WELL_005,Delta-E-05,Niger Delta Offshore,8/19/2024,1571,7064,20.87,4,Maintenance
WELL_005,Delta-E-05,Niger Delta Onshore,8/20/2024,2322,10167,20.92,2,Active
WELL_005,Delta-E-05,Niger Delta Offshore,8/21/2024,2383,10188,20.97,2,Active
WELL_005,Delta-E-05,Niger Delta Offshore,8/22/2024,2309,10225,21.02,0,Active
WELL_005,Delta-E-05,Niger Delta Offshore,8/23/2024,517,3092,21.04,12,Failed
WELL_005,Delta-E-05,Niger Delta Onshore,8/24/2024,2372,10216,21.05,0,Active
WELL_005,Delta-E-05,Niger Delta Onshore,8/25/2024,2376,10127,21.08,1,Active
WELL_005,Delta-E-05,Niger Delta Offshore,8/26/2024,2368,10063,21.11,1,Active
WELL_005,Delta-E-05,Niger Delta Onshore,8/27/2024,70,1427,21.13,23,Failed
WELL_005,Delta-E-05,Niger Delta Onshore,8/28/2024,2295,10058,21.15,3,Active
WELL_005,Delta-E-05,Niger Delta Offshore,8/29/2024,2376,10211,21.17,1,Active
WELL_005,Delta-E-05,Niger Delta Offshore,8/30/2024,2293,10229,21.2,2,Active
WELL_005,Delta-E-05,Niger Delta Offshore,8/31/2024,1524,7025,21.22,5,Maintenance
WELL_005,Delta-E-05,Niger Delta Offshore,9/1/2024,2310,10165,21.23,0,Active
WELL_005,Delta-E-05,Niger Delta Offshore,9/2/2024,2291,10114,21.28,2,Active
WELL_005,Delta-E-05,Niger Delta Offshore,9/3/2024,2300,10087,21.3,1,Active
WELL_005,Delta-E-05,Niger Delta Offshore,9/4/2024,1576,6979,21.33,9,Maintenance
WELL_005,Delta-E-05,Niger Delta Offshore,9/5/2024,2345,10122,21.36,3,Active
WELL_005,Delta-E-05,Niger Delta Offshore,9/6/2024,1590,6884,21.4,8,Maintenance
WELL_005,Delta-E-05,Niger Delta Offshore,9/7/2024,2361,10075,21.44,1,Active
WELL_005,Delta-E-05,Niger Delta Offshore,9/8/2024,2347,10019,21.48,3,Active
WELL_005,Delta-E-05,Niger Delta Onshore,9/9/2024,1533,6846,21.52,9,Maintenance
WELL_005,Delta-E-05,Niger Delta Offshore,9/10/2024,2273,10138,21.56,2,Active
WELL_005,Delta-E-05,Niger Delta Offshore,9/11/2024,2364,10090,21.6,3,Active
WELL_005,Delta-E-05,Niger Delta Offshore,9/12/2024,1582,6898,21.62,8,Maintenance
WELL_005,Delta-E-05,Niger Delta Offshore,9/13/2024,2312,10201,21.64,1,Active
WELL_005,Delta-E-05,Niger Delta Onshore,9/14/2024,2268,10021,21.66,1,Active
WELL_005,Delta-E-05,Niger Delta Onshore,9/15/2024,392,1675,21.69,20,Failed
WELL_005,Delta-E-05,Niger Delta Onshore,9/16/2024,1516,6997,21.71,6,Maintenance
WELL_005,Delta-E-05,Niger Delta Offshore,9/17/2024,583,1521,21.75,12,Failed
WELL_005,Delta-E-05,Niger Delta Offshore,9/18/2024,2283,10067,21.78,2,Active
WELL_005,Delta-E-05,Niger Delta Offshore,9/19/2024,2363,10159,21.8,3,Active
WELL_005,Delta-E-05,Niger Delta Offshore,9/20/2024,2354,10042,21.84,0,Active
WELL_005,Delta-E-05,Niger Delta Onshore,9/21/2024,2293,9991,21.85,3,Active
WELL_005,Delta-E-05,Niger Delta Offshore,9/22/2024,1535,6847,21.88,5,Maintenance
WELL_005,Delta-E-05,Niger Delta Onshore,9/23/2024,2265,10049,21.9,0,Active
WELL_005,Delta-E-05,Niger Delta Onshore,9/24/2024,1526,6930,21.93,9,Maintenance
WELL_005,Delta-E-05,Niger Delta Offshore,9/25/2024,2357,10117,21.96,1,Active
WELL_005,Delta-E-05,Niger Delta Offshore,9/26/2024,2293,10122,21.97,0,Active
WELL_005,Delta-E-05,Niger Delta Onshore,9/27/2024,1536,6863,22.01,5,Maintenance
WELL_005,Delta-E-05,Niger Delta Offshore,9/28/2024,2356,10055,22.04,1,Active
WELL_005,Delta-E-05,Niger Delta Onshore,9/29/2024,1514,6935,22.09,9,Maintenance
WELL_005,Delta-E-05,Niger Delta Offshore,9/30/2024,2270,10165,22.13,3,Active
WELL_005,Delta-E-05,Niger Delta Onshore,10/1/2024,2318,9975,22.18,3,Active
WELL_005,Delta-E-05,Niger Delta Offshore,10/2/2024,2318,10112,22.2,0,Active
WELL_005,Delta-E-05,Niger Delta Offshore,10/3/2024,2303,10045,22.25,3,Active
WELL_005,Delta-E-05,Niger Delta Onshore,10/4/2024,1554,6843,22.29,7,Maintenance
WELL_005,Delta-E-05,Niger Delta Offshore,10/5/2024,2307,10033,22.34,2,Active
WELL_005,Delta-E-05,Niger Delta Onshore,10/6/2024,2295,10007,22.39,2,Active
WELL_005,Delta-E-05,Niger Delta Offshore,10/7/2024,2319,10059,22.41,3,Active
WELL_005,Delta-E-05,Niger Delta Onshore,10/8/2024,473,2429,22.45,13,Failed
WELL_005,Delta-E-05,Niger Delta Offshore,10/9/2024,2324,10095,22.47,3,Active
WELL_005,Delta-E-05,Niger Delta Offshore,10/10/2024,2329,10118,22.48,0,Active
WELL_005,Delta-E-05,Niger Delta Offshore,10/11/2024,2270,10136,22.53,2,Active
WELL_005,Delta-E-05,Niger Delta Onshore,10/12/2024,2279,10050,22.55,0,Active
WELL_005,Delta-E-05,Niger Delta Offshore,10/13/2024,2324,10087,22.6,2,Active
WELL_005,Delta-E-05,Niger Delta Offshore,10/14/2024,2330,9992,22.63,3,Active
WELL_005,Delta-E-05,Niger Delta Offshore,10/15/2024,283,465,22.67,20,Failed
WELL_005,Delta-E-05,Niger Delta Offshore,10/16/2024,539,1384,22.69,22,Failed
WELL_005,Delta-E-05,Niger Delta Onshore,10/17/2024,2292,10014,22.72,1,Active
WELL_005,Delta-E-05,Niger Delta Offshore,10/18/2024,2297,9990,22.75,2,Active
WELL_005,Delta-E-05,Niger Delta Offshore,10/19/2024,2262,9951,22.77,3,Active
WELL_005,Delta-E-05,Niger Delta Onshore,10/20/2024,2296,10010,22.78,0,Active
WELL_005,Delta-E-05,Niger Delta Onshore,10/21/2024,2285,10090,22.81,2,Active
WELL_005,Delta-E-05,Niger Delta Offshore,10/22/2024,2294,10114,22.83,0,Active
WELL_005,Delta-E-05,Niger Delta Offshore,10/23/2024,2237,9967,22.88,2,Active
WELL_005,Delta-E-05,Niger Delta Onshore,10/24/2024,1560,6889,22.92,4,Maintenance
WELL_005,Delta-E-05,Niger Delta Offshore,10/25/2024,2323,9967,22.94,1,Active
WELL_005,Delta-E-05,Niger Delta Offshore,10/26/2024,2245,10013,22.95,0,Active
WELL_005,Delta-E-05,Niger Delta Offshore,10/27/2024,2253,9997,22.98,3,Active
WELL_005,Delta-E-05,Niger Delta Offshore,10/28/2024,2282,10046,23.01,3,Active
WELL_005,Delta-E-05,Niger Delta Offshore,10/29/2024,2257,9998,23.05,2,Active
WELL_005,Delta-E-05,Niger Delta Onshore,10/30/2024,2304,10101,23.09,1,Active
WELL_005,Delta-E-05,Niger Delta Offshore,10/31/2024,2311,10087,23.13,0,Active
WELL_005,Delta-E-05,Niger Delta Offshore,11/1/2024,2257,10064,23.17,1,Active
WELL_005,Delta-E-05,Niger Delta Offshore,11/2/2024,2274,9975,23.2,0,Active
WELL_005,Delta-E-05,Niger Delta Onshore,11/3/2024,14,1254,23.24,11,Failed
WELL_005,Delta-E-05,Niger Delta Onshore,11/4/2024,2260,9933,23.27,2,Active
WELL_005,Delta-E-05,Niger Delta Onshore,11/5/2024,2264,9992,23.3,3,Active
WELL_005,Delta-E-05,Niger Delta Offshore,11/6/2024,1499,6887,23.32,6,Maintenance
WELL_005,Delta-E-05,Niger Delta Onshore,11/7/2024,2259,9990,23.37,2,Active
WELL_005,Delta-E-05,Niger Delta Offshore,11/8/2024,1483,6722,23.42,7,Maintenance
WELL_005,Delta-E-05,Niger Delta Offshore,11/9/2024,2261,10075,23.45,0,Active
WELL_005,Delta-E-05,Niger Delta Offshore,11/10/2024,2248,10013,23.5,1,Active
WELL_005,Delta-E-05,Niger Delta Onshore,11/11/2024,2304,9932,23.51,0,Active
WELL_005,Delta-E-05,Niger Delta Offshore,11/12/2024,1544,6900,23.54,7,Maintenance
WELL_005,Delta-E-05,Niger Delta Offshore,11/13/2024,2275,9922,23.57,2,Active
WELL_005,Delta-E-05,Niger Delta Offshore,11/14/2024,2309,10018,23.62,1,Active
WELL_005,Delta-E-05,Niger Delta Offshore,11/15/2024,2233,9985,23.64,1,Active
WELL_005,Delta-E-05,Niger Delta Onshore,11/16/2024,2313,10033,23.68,1,Active
WELL_005,Delta-E-05,Niger Delta Onshore,11/17/2024,219,594,23.73,19,Failed
WELL_005,Delta-E-05,Niger Delta Offshore,11/18/2024,1466,6726,23.78,8,Maintenance
WELL_005,Delta-E-05,Niger Delta Onshore,11/19/2024,2304,9967,23.82,1,Active
WELL_005,Delta-E-05,Niger Delta Offshore,11/20/2024,2248,9909,23.86,0,Active
WELL_005,Delta-E-05,Niger Delta Onshore,11/21/2024,1539,6861,23.9,8,Maintenance
WELL_005,Delta-E-05,Niger Delta Offshore,11/22/2024,2246,9988,23.93,3,Active
WELL_005,Delta-E-05,Niger Delta Offshore,11/23/2024,1471,6811,23.95,6,Maintenance
WELL_005,Delta-E-05,Niger Delta Offshore,11/24/2024,2282,10035,23.99,1,Active
WELL_005,Delta-E-05,Niger Delta Onshore,11/25/2024,1518,6721,24.03,7,Maintenance
WELL_005,Delta-E-05,Niger Delta Onshore,11/26/2024,1457,6686,24.05,9,Maintenance
WELL_005,Delta-E-05,Niger Delta Onshore,11/27/2024,2242,9883,24.09,3,Active
WELL_005,Delta-E-05,Niger Delta Offshore,11/28/2024,335,2456,24.11,19,Failed
WELL_005,Delta-E-05,Niger Delta Offshore,11/29/2024,2260,9986,24.15,1,Active
WELL_005,Delta-E-05,Niger Delta Offshore,11/30/2024,2286,9890,24.17,1,Active
WELL_005,Delta-E-05,Niger Delta Onshore,12/1/2024,2232,9958,24.22,0,Active
WELL_005,Delta-E-05,Niger Delta Onshore,12/2/2024,2253,9927,24.25,0,Active
WELL_005,Delta-E-05,Niger Delta Offshore,12/3/2024,2226,9901,24.27,0,Active
WELL_005,Delta-E-05,Niger Delta Offshore,12/4/2024,2225,9947,24.31,3,Active
WELL_005,Delta-E-05,Niger Delta Onshore,12/5/2024,2246,9987,24.33,0,Active
WELL_005,Delta-E-05,Niger Delta Offshore,12/6/2024,2267,9877,24.37,1,Active
WELL_005,Delta-E-05,Niger Delta Offshore,12/7/2024,2221,10004,24.38,3,Active
WELL_005,Delta-E-05,Niger Delta Onshore,12/8/2024,2285,9890,24.39,2,Active
WELL_005,Delta-E-05,Niger Delta Offshore,12/9/2024,1519,6702,24.42,5,Maintenance
WELL_005,Delta-E-05,Niger Delta Offshore,12/10/2024,2261,10014,24.46,1,Active
WELL_005,Delta-E-05,Niger Delta Offshore,12/11/2024,2201,10013,24.47,3,Active
WELL_005,Delta-E-05,Niger Delta Offshore,12/12/2024,2284,9833,24.48,2,Active
WELL_005,Delta-E-05,Niger Delta Offshore,12/13/2024,171,908,24.52,14,Failed
WELL_005,Delta-E-05,Niger Delta Offshore,12/14/2024,1464,6756,24.56,5,Maintenance
WELL_005,Delta-E-05,Niger Delta Offshore,12/15/2024,2208,9873,24.58,2,Active
WELL_005,Delta-E-05,Niger Delta Offshore,12/16/2024,2278,9962,24.6,3,Active
WELL_005,Delta-E-05,Niger Delta Offshore,12/17/2024,2291,9868,24.64,0,Active
WELL_005,Delta-E-05,Niger Delta Onshore,12/18/2024,2213,9937,24.66,3,Active
WELL_005,Delta-E-05,Niger Delta Onshore,12/19/2024,2256,9876,24.7,0,Active
WELL_005,Delta-E-05,Niger Delta Onshore,12/20/2024,2262,10008,24.73,2,Active
WELL_005,Delta-E-05,Niger Delta Offshore,12/21/2024,2260,9930,24.76,1,Active
WELL_005,Delta-E-05,Niger Delta Offshore,12/22/2024,2227,9914,24.78,2,Active
WELL_005,Delta-E-05,Niger Delta Offshore,12/23/2024,2222,9855,24.79,3,Active
WELL_005,Delta-E-05,Niger Delta Onshore,12/24/2024,2199,9948,24.8,0,Active
WELL_005,Delta-E-05,Niger Delta Onshore,12/25/2024,2233,9885,24.85,3,Active
WELL_005,Delta-E-05,Niger Delta Onshore,12/26/2024,534,2674,24.89,20,Failed
WELL_005,Delta-E-05,Niger Delta Offshore,12/27/2024,2235,9902,24.91,3,Active
WELL_005,Delta-E-05,Niger Delta Offshore,12/28/2024,2263,9974,24.96,2,Active
WELL_005,Delta-E-05,Niger Delta Onshore,12/29/2024,2248,9869,25.01,2,Active
WELL_005,Delta-E-05,Niger Delta Onshore,12/30/2024,2265,9951,25.05,0,Active
WELL_005,Delta-E-05,Niger Delta Onshore,12/31/2024,2274,9961,25.1,2,Active
WELL_005,Delta-E-05,Niger Delta Offshore,1/1/2025,2230,9851,25.12,0,Active
WELL_005,Delta-E-05,Niger Delta Offshore,1/2/2025,2206,9959,25.15,3,Active
WELL_005,Delta-E-05,Niger Delta Onshore,1/3/2025,82,764,25.17,21,Failed
WELL_005,Delta-E-05,Niger Delta Offshore,1/4/2025,2221,9886,25.19,2,Active
WELL_005,Delta-E-05,Niger Delta Offshore,1/5/2025,2183,9931,25.24,2,Active
WELL_005,Delta-E-05,Niger Delta Offshore,1/6/2025,1432,6631,25.25,6,Maintenance
WELL_005,Delta-E-05,Niger Delta Onshore,1/7/2025,2219,9880,25.29,3,Active
WELL_005,Delta-E-05,Niger Delta Onshore,1/8/2025,2204,9794,25.31,3,Active
WELL_005,Delta-E-05,Niger Delta Onshore,1/9/2025,2186,9841,25.34,3,Active
WELL_005,Delta-E-05,Niger Delta Onshore,1/10/2025,147,2402,25.39,15,Failed
WELL_005,Delta-E-05,Niger Delta Onshore,1/11/2025,2184,9956,25.43,1,Active
WELL_005,Delta-E-05,Niger Delta Offshore,1/12/2025,2229,9897,25.46,0,Active
WELL_005,Delta-E-05,Niger Delta Offshore,1/13/2025,2219,9911,25.49,3,Active
WELL_005,Delta-E-05,Niger Delta Offshore,1/14/2025,2248,9943,25.53,1,Active
WELL_005,Delta-E-05,Niger Delta Onshore,1/15/2025,2258,9830,25.56,0,Active
WELL_005,Delta-E-05,Niger Delta Offshore,1/16/2025,309,2646,25.59,23,Failed
WELL_005,Delta-E-05,Niger Delta Offshore,1/17/2025,1476,6621,25.64,7,Maintenance
WELL_005,Delta-E-05,Niger Delta Offshore,1/18/2025,2188,9854,25.68,3,Active
WELL_005,Delta-E-05,Niger Delta Onshore,1/19/2025,1438,6762,25.7,6,Maintenance
WELL_005,Delta-E-05,Niger Delta Onshore,1/20/2025,2216,9920,25.71,1,Active
WELL_005,Delta-E-05,Niger Delta Offshore,1/21/2025,2246,9755,25.75,3,Active
WELL_005,Delta-E-05,Niger Delta Offshore,1/22/2025,2203,9851,25.78,3,Active
WELL_005,Delta-E-05,Niger Delta Onshore,1/23/2025,2195,9765,25.81,2,Active
WELL_005,Delta-E-05,Niger Delta Offshore,1/24/2025,2241,9917,25.85,1,Active
WELL_005,Delta-E-05,Niger Delta Offshore,1/25/2025,2226,9898,25.87,1,Active
WELL_005,Delta-E-05,Niger Delta Offshore,1/26/2025,1463,6672,25.9,9,Maintenance
WELL_005,Delta-E-05,Niger Delta Offshore,1/27/2025,2184,9784,25.95,2,Active
WELL_005,Delta-E-05,Niger Delta Onshore,1/28/2025,2188,9898,25.99,1,Active
WELL_005,Delta-E-05,Niger Delta Offshore,1/29/2025,2193,9794,26.03,1,Active
WELL_005,Delta-E-05,Niger Delta Offshore,1/30/2025,2229,9742,26.06,1,Active
WELL_005,Delta-E-05,Niger Delta Onshore,1/31/2025,2240,9849,26.1,2,Active
WELL_005,Delta-E-05,Niger Delta Offshore,2/1/2025,2224,9826,26.14,2,Active
WELL_005,Delta-E-05,Niger Delta Onshore,2/2/2025,2161,9880,26.19,3,Active
WELL_005,Delta-E-05,Niger Delta Onshore,2/3/2025,1429,6612,26.21,4,Maintenance
WELL_005,Delta-E-05,Niger Delta Offshore,2/4/2025,2191,9862,26.25,3,Active
WELL_005,Delta-E-05,Niger Delta Onshore,2/5/2025,680,2942,26.27,15,Failed
WELL_005,Delta-E-05,Niger Delta Offshore,2/6/2025,2165,9908,26.3,2,Active
WELL_005,Delta-E-05,Niger Delta Offshore,2/7/2025,1410,6561,26.34,5,Maintenance
WELL_005,Delta-E-05,Niger Delta Offshore,2/8/2025,2170,9725,26.36,2,Active
WELL_005,Delta-E-05,Niger Delta Onshore,2/9/2025,2209,9880,26.41,0,Active
WELL_005,Delta-E-05,Niger Delta Offshore,2/10/2025,2166,9855,26.44,0,Active
WELL_005,Delta-E-05,Niger Delta Offshore,2/11/2025,1431,6542,26.47,6,Maintenance
WELL_005,Delta-E-05,Niger Delta Onshore,2/12/2025,2184,9746,26.5,0,Active
WELL_005,Delta-E-05,Niger Delta Offshore,2/13/2025,2220,9795,26.54,1,Active
WELL_005,Delta-E-05,Niger Delta Onshore,2/14/2025,2185,9745,26.59,1,Active
WELL_005,Delta-E-05,Niger Delta Offshore,2/15/2025,1452,6578,26.63,8,Maintenance
WELL_005,Delta-E-05,Niger Delta Onshore,2/16/2025,2169,9717,26.66,3,Active
WELL_005,Delta-E-05,Niger Delta Offshore,2/17/2025,2180,9855,26.7,2,Active
WELL_005,Delta-E-05,Niger Delta Offshore,2/18/2025,2179,9877,26.74,1,Active
WELL_005,Delta-E-05,Niger Delta Onshore,2/19/2025,2241,9811,26.75,3,Active
WELL_005,Delta-E-05,Niger Delta Onshore,2/20/2025,2174,9828,26.79,0,Active
WELL_005,Delta-E-05,Niger Delta Offshore,2/21/2025,2175,9851,26.83,2,Active
WELL_005,Delta-E-05,Niger Delta Onshore,2/22/2025,1479,6552,26.85,9,Maintenance
WELL_005,Delta-E-05,Niger Delta Offshore,2/23/2025,2183,9849,26.87,0,Active
WELL_005,Delta-E-05,Niger Delta Offshore,2/24/2025,2188,9787,26.91,2,Active
WELL_005,Delta-E-05,Niger Delta Onshore,2/25/2025,1456,6544,26.94,5,Maintenance
WELL_005,Delta-E-05,Niger Delta Onshore,2/26/2025,2212,9839,26.97,2,Active
WELL_005,Delta-E-05,Niger Delta Onshore,2/27/2025,2188,9675,26.99,3,Active
WELL_005,Delta-E-05,Niger Delta Offshore,2/28/2025,2204,9689,27.02,3,Active
WELL_005,Delta-E-05,Niger Delta Onshore,3/1/2025,2189,9853,27.04,1,Active
WELL_005,Delta-E-05,Niger Delta Onshore,3/2/2025,2213,9784,27.05,1,Active
WELL_005,Delta-E-05,Niger Delta Onshore,3/3/2025,146,2528,27.09,18,Failed
WELL_005,Delta-E-05,Niger Delta Offshore,3/4/2025,2224,9775,27.13,0,Active
WELL_005,Delta-E-05,Niger Delta Offshore,3/5/2025,1414,6487,27.16,7,Maintenance
WELL_005,Delta-E-05,Niger Delta Offshore,3/6/2025,2213,9802,27.17,0,Active
WELL_005,Delta-E-05,Niger Delta Onshore,3/7/2025,2226,9829,27.2,1,Active
WELL_005,Delta-E-05,Niger Delta Onshore,3/8/2025,2195,9708,27.24,0,Active
WELL_005,Delta-E-05,Niger Delta Onshore,3/9/2025,2214,9707,27.27,0,Active
WELL_005,Delta-E-05,Niger Delta Onshore,3/10/2025,2150,9676,27.29,2,Active
WELL_005,Delta-E-05,Niger Delta Onshore,3/11/2025,2222,9713,27.31,2,Active
WELL_005,Delta-E-05,Niger Delta Onshore,3/12/2025,2169,9672,27.36,3,Active
WELL_005,Delta-E-05,Niger Delta Offshore,3/13/2025,2191,9729,27.39,1,Active
WELL_005,Delta-E-05,Niger Delta Onshore,3/14/2025,1377,6547,27.43,9,Maintenance
WELL_005,Delta-E-05,Niger Delta Offshore,3/15/2025,2159,9744,27.48,3,Active
WELL_005,Delta-E-05,Niger Delta Onshore,3/16/2025,2181,9659,27.51,1,Active
WELL_005,Delta-E-05,Niger Delta Offshore,3/17/2025,420,1189,27.55,16,Failed
WELL_005,Delta-E-05,Niger Delta Onshore,3/18/2025,2192,9763,27.57,3,Active
WELL_005,Delta-E-05,Niger Delta Offshore,3/19/2025,338,1516,27.6,16,Failed
WELL_005,Delta-E-05,Niger Delta Onshore,3/20/2025,2204,9797,27.61,1,Active
WELL_005,Delta-E-05,Niger Delta Offshore,3/21/2025,2150,9720,27.64,1,Active
WELL_005,Delta-E-05,Niger Delta Offshore,3/22/2025,2211,9812,27.69,2,Active
WELL_005,Delta-E-05,Niger Delta Offshore,3/23/2025,2124,9815,27.72,0,Active
WELL_005,Delta-E-05,Niger Delta Offshore,3/24/2025,2180,9764,27.75,3,Active
WELL_005,Delta-E-05,Niger Delta Offshore,3/25/2025,2169,9666,27.77,0,Active
WELL_005,Delta-E-05,Niger Delta Onshore,3/26/2025,83,542,27.8,15,Failed
WELL_005,Delta-E-05,Niger Delta Offshore,3/27/2025,1372,6482,27.83,5,Maintenance
WELL_005,Delta-E-05,Niger Delta Onshore,3/28/2025,2149,9713,27.87,0,Active
WELL_005,Delta-E-05,Niger Delta Onshore,3/29/2025,2161,9713,27.9,3,Active
WELL_005,Delta-E-05,Niger Delta Offshore,3/30/2025,2168,9640,27.93,0,Active
WELL_005,Delta-E-05,Niger Delta Onshore,3/31/2025,2154,9745,27.97,3,Active
WELL_005,Delta-E-05,Niger Delta Offshore,4/1/2025,2206,9649,28.01,3,Active
WELL_005,Delta-E-05,Niger Delta Onshore,4/2/2025,2155,9659,28.04,1,Active
WELL_005,Delta-E-05,Niger Delta Onshore,4/3/2025,2143,9709,28.08,0,Active
WELL_005,Delta-E-05,Niger Delta Onshore,4/4/2025,371,831,28.13,13,Failed
WELL_005,Delta-E-05,Niger Delta Offshore,4/5/2025,2195,9606,28.16,2,Active
WELL_005,Delta-E-05,Niger Delta Offshore,4/6/2025,511,1877,28.19,19,Failed
WELL_005,Delta-E-05,Niger Delta Onshore,4/7/2025,2149,9769,28.23,3,Active
WELL_005,Delta-E-05,Niger Delta Onshore,4/8/2025,2194,9697,28.28,1,Active
WELL_005,Delta-E-05,Niger Delta Offshore,4/9/2025,1409,6454,28.32,6,Maintenance
WELL_005,Delta-E-05,Niger Delta Onshore,4/10/2025,2129,9674,28.34,1,Active
WELL_005,Delta-E-05,Niger Delta Offshore,4/11/2025,2150,9645,28.37,0,Active
WELL_005,Delta-E-05,Niger Delta Offshore,4/12/2025,2106,9685,28.41,1,Active
WELL_005,Delta-E-05,Niger Delta Offshore,4/13/2025,2122,9608,28.45,1,Active
WELL_005,Delta-E-05,Niger Delta Onshore,4/14/2025,2114,9582,28.49,1,Active
WELL_005,Delta-E-05,Niger Delta Onshore,4/15/2025,2171,9696,28.52,3,Active
WELL_005,Delta-E-05,Niger Delta Onshore,4/16/2025,2123,9669,28.54,0,Active
WELL_005,Delta-E-05,Niger Delta Offshore,4/17/2025,2187,9657,28.58,2,Active
WELL_005,Delta-E-05,Niger Delta Onshore,4/18/2025,2164,9597,28.59,2,Active
WELL_005,Delta-E-05,Niger Delta Offshore,4/19/2025,2174,9682,28.61,1,Active
WELL_005,Delta-E-05,Niger Delta Offshore,4/20/2025,2111,9628,28.65,0,Active
WELL_005,Delta-E-05,Niger Delta Onshore,4/21/2025,2106,9614,28.69,2,Active
WELL_005,Delta-E-05,Niger Delta Onshore,4/22/2025,2183,9619,28.73,3,Active
WELL_005,Delta-E-05,Niger Delta Onshore,4/23/2025,2140,9693,28.75,3,Active
WELL_005,Delta-E-05,Niger Delta Offshore,4/24/2025,2158,9707,28.78,1,Active
WELL_005,Delta-E-05,Niger Delta Offshore,4/25/2025,2136,9649,28.82,3,Active
WELL_005,Delta-E-05,Niger Delta Onshore,4/26/2025,1387,6448,28.85,5,Maintenance
WELL_005,Delta-E-05,Niger Delta Offshore,4/27/2025,2166,9586,28.89,2,Active
WELL_005,Delta-E-05,Niger Delta Offshore,4/28/2025,2106,9626,28.92,0,Active
WELL_005,Delta-E-05,Niger Delta Onshore,4/29/2025,2112,9590,28.95,3,Active
WELL_005,Delta-E-05,Niger Delta Onshore,4/30/2025,2101,9681,28.98,0,Active
WELL_005,Delta-E-05,Niger Delta Offshore,5/1/2025,2141,9725,29.01,0,Active
WELL_005,Delta-E-05,Niger Delta Onshore,5/2/2025,2100,9709,29.04,2,Active
WELL_005,Delta-E-05,Niger Delta Offshore,5/3/2025,1421,6364,29.05,5,Maintenance
WELL_005,Delta-E-05,Niger Delta Onshore,5/4/2025,2141,9643,29.07,3,Active
WELL_005,Delta-E-05,Niger Delta Onshore,5/5/2025,2123,9695,29.09,1,Active
WELL_005,Delta-E-05,Niger Delta Offshore,5/6/2025,2099,9589,29.1,0,Active
WELL_005,Delta-E-05,Niger Delta Offshore,5/7/2025,2143,9707,29.12,0,Active
WELL_005,Delta-E-05,Niger Delta Offshore,5/8/2025,2115,9653,29.17,0,Active
WELL_005,Delta-E-05,Niger Delta Onshore,5/9/2025,2082,9567,29.18,0,Active
WELL_005,Delta-E-05,Niger Delta Offshore,5/10/2025,2092,9671,29.22,1,Active
WELL_005,Delta-E-05,Niger Delta Onshore,5/11/2025,1365,6435,29.24,5,Maintenance
WELL_005,Delta-E-05,Niger Delta Offshore,5/12/2025,714,1432,29.28,20,Failed
WELL_005,Delta-E-05,Niger Delta Onshore,5/13/2025,2133,9543,29.32,3,Active
WELL_005,Delta-E-05,Niger Delta Onshore,5/14/2025,1380,6403,29.36,8,Maintenance
WELL_006,Delta-F-06,Niger Delta Offshore,1/1/2024,2638,11849,14.04,2,Active
WELL_006,Delta-F-06,Niger Delta Onshore,1/2/2024,2609,11812,14.09,1,Active
WELL_006,Delta-F-06,Niger Delta Onshore,1/3/2024,2588,11907,14.11,2,Active
WELL_006,Delta-F-06,Niger Delta Offshore,1/4/2024,2586,11822,14.12,0,Active
WELL_006,Delta-F-06,Niger Delta Onshore,1/5/2024,2649,11891,14.17,2,Active
WELL_006,Delta-F-06,Niger Delta Offshore,1/6/2024,2594,11899,14.2,3,Active
WELL_006,Delta-F-06,Niger Delta Onshore,1/7/2024,2582,11871,14.23,3,Active
WELL_006,Delta-F-06,Niger Delta Onshore,1/8/2024,2617,11830,14.25,2,Active
WELL_006,Delta-F-06,Niger Delta Offshore,1/9/2024,2586,11790,14.3,0,Active
WELL_006,Delta-F-06,Niger Delta Onshore,1/10/2024,2579,11792,14.34,1,Active
WELL_006,Delta-F-06,Niger Delta Onshore,1/11/2024,1782,8307,14.39,5,Maintenance
WELL_006,Delta-F-06,Niger Delta Offshore,1/12/2024,2589,11861,14.42,1,Active
WELL_006,Delta-F-06,Niger Delta Onshore,1/13/2024,2582,11810,14.45,2,Active
WELL_006,Delta-F-06,Niger Delta Onshore,1/14/2024,1783,8397,14.47,6,Maintenance
WELL_006,Delta-F-06,Niger Delta Offshore,1/15/2024,2602,11854,14.5,3,Active
WELL_006,Delta-F-06,Niger Delta Offshore,1/16/2024,203,984,14.54,10,Failed
WELL_006,Delta-F-06,Niger Delta Offshore,1/17/2024,2647,11917,14.58,0,Active
WELL_006,Delta-F-06,Niger Delta Onshore,1/18/2024,1833,8215,14.62,5,Maintenance
WELL_006,Delta-F-06,Niger Delta Onshore,1/19/2024,521,2628,14.64,11,Failed
WELL_006,Delta-F-06,Niger Delta Onshore,1/20/2024,1844,8335,14.69,6,Maintenance
WELL_006,Delta-F-06,Niger Delta Offshore,1/21/2024,2614,11801,14.72,2,Active
WELL_006,Delta-F-06,Niger Delta Offshore,1/22/2024,2580,11881,14.74,2,Active
WELL_006,Delta-F-06,Niger Delta Onshore,1/23/2024,2621,11917,14.78,1,Active
WELL_006,Delta-F-06,Niger Delta Offshore,1/24/2024,2592,11862,14.79,3,Active
WELL_006,Delta-F-06,Niger Delta Onshore,1/25/2024,2615,11902,14.82,2,Active
WELL_006,Delta-F-06,Niger Delta Offshore,1/26/2024,2562,11757,14.85,3,Active
WELL_006,Delta-F-06,Niger Delta Onshore,1/27/2024,2618,11826,14.87,0,Active
WELL_006,Delta-F-06,Niger Delta Offshore,1/28/2024,2581,11864,14.88,3,Active
WELL_006,Delta-F-06,Niger Delta Offshore,1/29/2024,2605,11919,14.9,3,Active
WELL_006,Delta-F-06,Niger Delta Onshore,1/30/2024,81,30,14.91,23,Failed
WELL_006,Delta-F-06,Niger Delta Offshore,1/31/2024,2589,11766,14.94,1,Active
WELL_006,Delta-F-06,Niger Delta Offshore,2/1/2024,2614,11796,14.96,3,Active
WELL_006,Delta-F-06,Niger Delta Offshore,2/2/2024,1770,8169,15.01,8,Maintenance
WELL_006,Delta-F-06,Niger Delta Offshore,2/3/2024,1794,8210,15.04,7,Maintenance
WELL_006,Delta-F-06,Niger Delta Onshore,2/4/2024,2625,11912,15.09,2,Active
WELL_006,Delta-F-06,Niger Delta Offshore,2/5/2024,2565,11808,15.11,2,Active
WELL_006,Delta-F-06,Niger Delta Onshore,2/6/2024,1844,8251,15.12,4,Maintenance
WELL_006,Delta-F-06,Niger Delta Offshore,2/7/2024,1828,8199,15.16,6,Maintenance
WELL_006,Delta-F-06,Niger Delta Onshore,2/8/2024,2552,11747,15.2,0,Active
WELL_006,Delta-F-06,Niger Delta Offshore,2/9/2024,1808,8319,15.24,5,Maintenance
WELL_006,Delta-F-06,Niger Delta Offshore,2/10/2024,2568,11894,15.26,0,Active
WELL_006,Delta-F-06,Niger Delta Offshore,2/11/2024,761,1005,15.3,19,Failed
WELL_006,Delta-F-06,Niger Delta Onshore,2/12/2024,2580,11789,15.34,1,Active
WELL_006,Delta-F-06,Niger Delta Offshore,2/13/2024,1848,8240,15.36,8,Maintenance
WELL_006,Delta-F-06,Niger Delta Onshore,2/14/2024,2567,11784,15.4,1,Active
WELL_006,Delta-F-06,Niger Delta Offshore,2/15/2024,2557,11818,15.45,0,Active
WELL_006,Delta-F-06,Niger Delta Onshore,2/16/2024,82,1830,15.48,14,Failed
WELL_006,Delta-F-06,Niger Delta Onshore,2/17/2024,489,1426,15.5,10,Failed
WELL_006,Delta-F-06,Niger Delta Offshore,2/18/2024,2626,11774,15.54,1,Active
WELL_006,Delta-F-06,Niger Delta Onshore,2/19/2024,2596,11798,15.59,3,Active
WELL_006,Delta-F-06,Niger Delta Offshore,2/20/2024,2559,11732,15.63,1,Active
WELL_006,Delta-F-06,Niger Delta Offshore,2/21/2024,2587,11833,15.68,2,Active
WELL_006,Delta-F-06,Niger Delta Onshore,2/22/2024,2538,11767,15.69,0,Active
WELL_006,Delta-F-06,Niger Delta Onshore,2/23/2024,2554,11869,15.72,2,Active
WELL_006,Delta-F-06,Niger Delta Offshore,2/24/2024,2578,11707,15.76,1,Active
WELL_006,Delta-F-06,Niger Delta Offshore,2/25/2024,2578,11859,15.79,1,Active
WELL_006,Delta-F-06,Niger Delta Offshore,2/26/2024,2567,11730,15.83,0,Active
WELL_006,Delta-F-06,Niger Delta Offshore,2/27/2024,2611,11849,15.85,1,Active
WELL_006,Delta-F-06,Niger Delta Onshore,2/28/2024,2564,11692,15.89,3,Active
WELL_006,Delta-F-06,Niger Delta Offshore,2/29/2024,2566,11836,15.91,1,Active
WELL_006,Delta-F-06,Niger Delta Offshore,3/1/2024,2601,11775,15.95,2,Active
WELL_006,Delta-F-06,Niger Delta Offshore,3/2/2024,2554,11734,15.98,2,Active
WELL_006,Delta-F-06,Niger Delta Onshore,3/3/2024,2560,11700,16.02,0,Active
WELL_006,Delta-F-06,Niger Delta Offshore,3/4/2024,781,2574,16.05,11,Failed
WELL_006,Delta-F-06,Niger Delta Offshore,3/5/2024,2556,11752,16.1,2,Active
WELL_006,Delta-F-06,Niger Delta Onshore,3/6/2024,2572,11857,16.13,2,Active
WELL_006,Delta-F-06,Niger Delta Offshore,3/7/2024,2528,11690,16.16,0,Active
WELL_006,Delta-F-06,Niger Delta Onshore,3/8/2024,2600,11811,16.18,2,Active
WELL_006,Delta-F-06,Niger Delta Onshore,3/9/2024,2531,11736,16.22,3,Active
WELL_006,Delta-F-06,Niger Delta Onshore,3/10/2024,407,517,16.25,13,Failed
WELL_006,Delta-F-06,Niger Delta Offshore,3/11/2024,2551,11730,16.28,2,Active
WELL_006,Delta-F-06,Niger Delta Onshore,3/12/2024,2569,11741,16.31,0,Active
WELL_006,Delta-F-06,Niger Delta Offshore,3/13/2024,2532,11844,16.33,0,Active
WELL_006,Delta-F-06,Niger Delta Offshore,3/14/2024,484,3427,16.37,22,Failed
WELL_006,Delta-F-06,Niger Delta Onshore,3/15/2024,2569,11676,16.42,3,Active
WELL_006,Delta-F-06,Niger Delta Onshore,3/16/2024,1805,8267,16.45,4,Maintenance
WELL_006,Delta-F-06,Niger Delta Offshore,3/17/2024,1731,8249,16.49,6,Maintenance
WELL_006,Delta-F-06,Niger Delta Offshore,3/18/2024,2518,11739,16.53,0,Active
WELL_006,Delta-F-06,Niger Delta Offshore,3/19/2024,1749,8188,16.54,9,Maintenance
WELL_006,Delta-F-06,Niger Delta Onshore,3/20/2024,2563,11679,16.56,3,Active
WELL_006,Delta-F-06,Niger Delta Offshore,3/21/2024,1746,8087,16.59,4,Maintenance
WELL_006,Delta-F-06,Niger Delta Onshore,3/22/2024,2561,11838,16.64,2,Active
WELL_006,Delta-F-06,Niger Delta Offshore,3/23/2024,2548,11815,16.68,3,Active
WELL_006,Delta-F-06,Niger Delta Onshore,3/24/2024,1762,8167,16.71,5,Maintenance
WELL_006,Delta-F-06,Niger Delta Offshore,3/25/2024,2589,11821,16.75,2,Active
WELL_006,Delta-F-06,Niger Delta Onshore,3/26/2024,2520,11675,16.78,3,Active
WELL_006,Delta-F-06,Niger Delta Onshore,3/27/2024,2582,11709,16.82,3,Active
WELL_006,Delta-F-06,Niger Delta Onshore,3/28/2024,2598,11637,16.84,2,Active
WELL_006,Delta-F-06,Niger Delta Offshore,3/29/2024,2565,11713,16.88,1,Active
WELL_006,Delta-F-06,Niger Delta Onshore,3/30/2024,2554,11757,16.92,3,Active
WELL_006,Delta-F-06,Niger Delta Onshore,3/31/2024,2606,11628,16.95,2,Active
WELL_006,Delta-F-06,Niger Delta Offshore,4/1/2024,2582,11626,16.98,3,Active
WELL_006,Delta-F-06,Niger Delta Onshore,4/2/2024,30,602,17,14,Failed
WELL_006,Delta-F-06,Niger Delta Offshore,4/3/2024,2557,11798,17.02,3,Active
WELL_006,Delta-F-06,Niger Delta Onshore,4/4/2024,2566,11766,17.04,0,Active
WELL_006,Delta-F-06,Niger Delta Onshore,4/5/2024,2552,11781,17.09,0,Active
WELL_006,Delta-F-06,Niger Delta Offshore,4/6/2024,2591,11698,17.13,1,Active
WELL_006,Delta-F-06,Niger Delta Onshore,4/7/2024,2545,11809,17.18,1,Active
WELL_006,Delta-F-06,Niger Delta Onshore,4/8/2024,2509,11698,17.22,3,Active
WELL_006,Delta-F-06,Niger Delta Onshore,4/9/2024,1777,8084,17.25,8,Maintenance
WELL_006,Delta-F-06,Niger Delta Onshore,4/10/2024,2580,11731,17.27,1,Active
WELL_006,Delta-F-06,Niger Delta Onshore,4/11/2024,2525,11639,17.3,0,Active
WELL_006,Delta-F-06,Niger Delta Onshore,4/12/2024,2566,11765,17.33,1,Active
WELL_006,Delta-F-06,Niger Delta Offshore,4/13/2024,759,3366,17.35,10,Failed
WELL_006,Delta-F-06,Niger Delta Onshore,4/14/2024,2526,11731,17.37,0,Active
WELL_006,Delta-F-06,Niger Delta Offshore,4/15/2024,1764,8204,17.39,6,Maintenance
WELL_006,Delta-F-06,Niger Delta Offshore,4/16/2024,1781,8097,17.43,6,Maintenance
WELL_006,Delta-F-06,Niger Delta Onshore,4/17/2024,2505,11711,17.47,2,Active
WELL_006,Delta-F-06,Niger Delta Onshore,4/18/2024,2518,11632,17.5,2,Active
WELL_006,Delta-F-06,Niger Delta Offshore,4/19/2024,2497,11775,17.51,2,Active
WELL_006,Delta-F-06,Niger Delta Offshore,4/20/2024,2586,11621,17.54,3,Active
WELL_006,Delta-F-06,Niger Delta Offshore,4/21/2024,2509,11663,17.56,2,Active
WELL_006,Delta-F-06,Niger Delta Onshore,4/22/2024,2541,11645,17.59,1,Active
WELL_006,Delta-F-06,Niger Delta Onshore,4/23/2024,1762,8142,17.6,8,Maintenance
WELL_006,Delta-F-06,Niger Delta Offshore,4/24/2024,2490,11653,17.62,1,Active
WELL_006,Delta-F-06,Niger Delta Offshore,4/25/2024,2550,11715,17.63,2,Active
WELL_006,Delta-F-06,Niger Delta Offshore,4/26/2024,190,1965,17.65,21,Failed
WELL_006,Delta-F-06,Niger Delta Offshore,4/27/2024,2500,11609,17.69,0,Active
WELL_006,Delta-F-06,Niger Delta Onshore,4/28/2024,1746,8138,17.71,6,Maintenance
WELL_006,Delta-F-06,Niger Delta Offshore,4/29/2024,368,2289,17.72,11,Failed
WELL_006,Delta-F-06,Niger Delta Onshore,4/30/2024,2580,11597,17.76,0,Active
WELL_006,Delta-F-06,Niger Delta Onshore,5/1/2024,2559,11607,17.8,1,Active
WELL_006,Delta-F-06,Niger Delta Offshore,5/2/2024,2484,11620,17.82,0,Active
WELL_006,Delta-F-06,Niger Delta Onshore,5/3/2024,2513,11616,17.86,3,Active
WELL_006,Delta-F-06,Niger Delta Offshore,5/4/2024,2488,11659,17.89,1,Active
WELL_006,Delta-F-06,Niger Delta Offshore,5/5/2024,1740,8110,17.9,7,Maintenance
WELL_006,Delta-F-06,Niger Delta Offshore,5/6/2024,2538,11605,17.94,0,Active
WELL_006,Delta-F-06,Niger Delta Offshore,5/7/2024,2555,11728,17.98,3,Active
WELL_006,Delta-F-06,Niger Delta Offshore,5/8/2024,2566,11706,18.02,2,Active
WELL_006,Delta-F-06,Niger Delta Offshore,5/9/2024,2556,11677,18.06,2,Active
WELL_006,Delta-F-06,Niger Delta Offshore,5/10/2024,1732,8009,18.09,6,Maintenance
WELL_006,Delta-F-06,Niger Delta Offshore,5/11/2024,2499,11677,18.14,0,Active
WELL_006,Delta-F-06,Niger Delta Offshore,5/12/2024,2498,11679,18.16,0,Active
WELL_006,Delta-F-06,Niger Delta Offshore,5/13/2024,2483,11653,18.2,0,Active
WELL_006,Delta-F-06,Niger Delta Offshore,5/14/2024,2480,11553,18.22,0,Active
WELL_006,Delta-F-06,Niger Delta Offshore,5/15/2024,2531,11692,18.26,3,Active
WELL_006,Delta-F-06,Niger Delta Offshore,5/16/2024,2543,11626,18.31,3,Active
WELL_006,Delta-F-06,Niger Delta Onshore,5/17/2024,1766,8100,18.35,7,Maintenance
WELL_006,Delta-F-06,Niger Delta Offshore,5/18/2024,2507,11648,18.4,0,Active
WELL_006,Delta-F-06,Niger Delta Onshore,5/19/2024,1705,8096,18.44,9,Maintenance
WELL_006,Delta-F-06,Niger Delta Offshore,5/20/2024,2473,11564,18.46,0,Active
WELL_006,Delta-F-06,Niger Delta Onshore,5/21/2024,1700,8027,18.48,9,Maintenance
WELL_006,Delta-F-06,Niger Delta Offshore,5/22/2024,2471,11592,18.5,2,Active
WELL_006,Delta-F-06,Niger Delta Offshore,5/23/2024,2542,11602,18.52,2,Active
WELL_006,Delta-F-06,Niger Delta Onshore,5/24/2024,2464,11544,18.55,1,Active
WELL_006,Delta-F-06,Niger Delta Offshore,5/25/2024,2530,11670,18.57,2,Active
WELL_006,Delta-F-06,Niger Delta Offshore,5/26/2024,2548,11624,18.62,0,Active
WELL_006,Delta-F-06,Niger Delta Offshore,5/27/2024,1719,8085,18.66,5,Maintenance
WELL_006,Delta-F-06,Niger Delta Onshore,5/28/2024,2464,11541,18.71,2,Active
WELL_006,Delta-F-06,Niger Delta Offshore,5/29/2024,2461,11614,18.74,3,Active
WELL_006,Delta-F-06,Niger Delta Onshore,5/30/2024,2508,11532,18.76,0,Active
WELL_006,Delta-F-06,Niger Delta Offshore,5/31/2024,2471,11569,18.78,0,Active
WELL_006,Delta-F-06,Niger Delta Offshore,6/1/2024,2533,11615,18.82,1,Active
WELL_006,Delta-F-06,Niger Delta Onshore,6/2/2024,2483,11592,18.83,0,Active
WELL_006,Delta-F-06,Niger Delta Offshore,6/3/2024,2534,11629,18.87,1,Active
WELL_006,Delta-F-06,Niger Delta Offshore,6/4/2024,1706,8000,18.9,7,Maintenance
WELL_006,Delta-F-06,Niger Delta Onshore,6/5/2024,2534,11562,18.94,0,Active
WELL_006,Delta-F-06,Niger Delta Onshore,6/6/2024,1755,7932,18.98,7,Maintenance
WELL_006,Delta-F-06,Niger Delta Offshore,6/7/2024,2550,11539,19,3,Active
WELL_006,Delta-F-06,Niger Delta Offshore,6/8/2024,1715,8070,19.02,8,Maintenance
WELL_006,Delta-F-06,Niger Delta Onshore,6/9/2024,1671,7987,19.07,6,Maintenance
WELL_006,Delta-F-06,Niger Delta Onshore,6/10/2024,2471,11545,19.11,1,Active
WELL_006,Delta-F-06,Niger Delta Offshore,6/11/2024,1674,7943,19.15,7,Maintenance
WELL_006,Delta-F-06,Niger Delta Onshore,6/12/2024,1712,8066,19.18,9,Maintenance
WELL_006,Delta-F-06,Niger Delta Onshore,6/13/2024,2501,11477,19.23,2,Active
WELL_006,Delta-F-06,Niger Delta Onshore,6/14/2024,2513,11544,19.24,3,Active
WELL_006,Delta-F-06,Niger Delta Offshore,6/15/2024,227,1494,19.25,19,Failed
WELL_006,Delta-F-06,Niger Delta Onshore,6/16/2024,1720,8019,19.28,5,Maintenance
WELL_006,Delta-F-06,Niger Delta Offshore,6/17/2024,1735,8067,19.29,4,Maintenance
WELL_006,Delta-F-06,Niger Delta Offshore,6/18/2024,735,2738,19.33,11,Failed
WELL_006,Delta-F-06,Niger Delta Offshore,6/19/2024,2526,11487,19.37,2,Active
WELL_006,Delta-F-06,Niger Delta Onshore,6/20/2024,2515,11647,19.4,2,Active
WELL_006,Delta-F-06,Niger Delta Offshore,6/21/2024,2520,11592,19.45,0,Active
WELL_006,Delta-F-06,Niger Delta Onshore,6/22/2024,1695,7899,19.49,4,Maintenance
WELL_006,Delta-F-06,Niger Delta Onshore,6/23/2024,2522,11527,19.51,1,Active
WELL_006,Delta-F-06,Niger Delta Offshore,6/24/2024,2531,11511,19.53,2,Active
WELL_006,Delta-F-06,Niger Delta Onshore,6/25/2024,1690,7882,19.56,8,Maintenance
WELL_006,Delta-F-06,Niger Delta Onshore,6/26/2024,2482,11507,19.59,0,Active
WELL_006,Delta-F-06,Niger Delta Onshore,6/27/2024,2438,11605,19.61,2,Active
WELL_006,Delta-F-06,Niger Delta Offshore,6/28/2024,51,373,19.65,23,Failed
WELL_006,Delta-F-06,Niger Delta Onshore,6/29/2024,2441,11610,19.69,1,Active
WELL_006,Delta-F-06,Niger Delta Offshore,6/30/2024,2485,11583,19.7,2,Active
WELL_006,Delta-F-06,Niger Delta Offshore,7/1/2024,2461,11492,19.75,3,Active
WELL_006,Delta-F-06,Niger Delta Offshore,7/2/2024,2495,11441,19.77,0,Active
WELL_006,Delta-F-06,Niger Delta Onshore,7/3/2024,2500,11618,19.81,2,Active
WELL_006,Delta-F-06,Niger Delta Onshore,7/4/2024,1675,7888,19.84,6,Maintenance
WELL_006,Delta-F-06,Niger Delta Onshore,7/5/2024,2515,11462,19.85,2,Active
WELL_006,Delta-F-06,Niger Delta Onshore,7/6/2024,1671,8027,19.87,7,Maintenance
WELL_006,Delta-F-06,Niger Delta Offshore,7/7/2024,2515,11594,19.89,1,Active
WELL_006,Delta-F-06,Niger Delta Onshore,7/8/2024,2457,11512,19.92,3,Active
WELL_006,Delta-F-06,Niger Delta Onshore,7/9/2024,2521,11609,19.94,3,Active
WELL_006,Delta-F-06,Niger Delta Offshore,7/10/2024,2457,11518,19.96,1,Active
WELL_006,Delta-F-06,Niger Delta Offshore,7/11/2024,2504,11494,20,3,Active
WELL_006,Delta-F-06,Niger Delta Onshore,7/12/2024,2461,11462,20.04,3,Active
WELL_006,Delta-F-06,Niger Delta Offshore,7/13/2024,183,190,20.08,15,Failed
WELL_006,Delta-F-06,Niger Delta Offshore,7/14/2024,2496,11577,20.12,2,Active
WELL_006,Delta-F-06,Niger Delta Offshore,7/15/2024,1715,8012,20.13,5,Maintenance
WELL_006,Delta-F-06,Niger Delta Offshore,7/16/2024,1681,7866,20.18,8,Maintenance
WELL_006,Delta-F-06,Niger Delta Onshore,7/17/2024,2434,11467,20.22,0,Active
WELL_006,Delta-F-06,Niger Delta Offshore,7/18/2024,1671,8007,20.27,5,Maintenance
WELL_006,Delta-F-06,Niger Delta Offshore,7/19/2024,2470,11454,20.28,3,Active
WELL_006,Delta-F-06,Niger Delta Offshore,7/20/2024,2508,11402,20.33,0,Active
WELL_006,Delta-F-06,Niger Delta Offshore,7/21/2024,2475,11480,20.36,1,Active
WELL_006,Delta-F-06,Niger Delta Offshore,7/22/2024,2449,11492,20.39,1,Active
WELL_006,Delta-F-06,Niger Delta Onshore,7/23/2024,2439,11497,20.4,2,Active
WELL_006,Delta-F-06,Niger Delta Onshore,7/24/2024,2440,11450,20.42,1,Active
WELL_006,Delta-F-06,Niger Delta Onshore,7/25/2024,1644,7956,20.43,5,Maintenance
WELL_006,Delta-F-06,Niger Delta Offshore,7/26/2024,2499,11416,20.45,3,Active
WELL_006,Delta-F-06,Niger Delta Onshore,7/27/2024,2433,11461,20.47,2,Active
WELL_006,Delta-F-06,Niger Delta Offshore,7/28/2024,2414,11441,20.5,0,Active
WELL_006,Delta-F-06,Niger Delta Offshore,7/29/2024,2427,11539,20.53,2,Active
WELL_006,Delta-F-06,Niger Delta Offshore,7/30/2024,2506,11502,20.55,0,Active
WELL_006,Delta-F-06,Niger Delta Offshore,7/31/2024,2476,11405,20.59,0,Active
WELL_006,Delta-F-06,Niger Delta Onshore,8/1/2024,2459,11395,20.64,1,Active
WELL_006,Delta-F-06,Niger Delta Onshore,8/2/2024,2497,11481,20.66,2,Active
WELL_006,Delta-F-06,Niger Delta Offshore,8/3/2024,2469,11554,20.69,3,Active
WELL_006,Delta-F-06,Niger Delta Offshore,8/4/2024,2482,11487,20.73,3,Active
WELL_006,Delta-F-06,Niger Delta Onshore,8/5/2024,722,1840,20.75,20,Failed
WELL_006,Delta-F-06,Niger Delta Offshore,8/6/2024,532,2062,20.76,17,Failed
WELL_006,Delta-F-06,Niger Delta Offshore,8/7/2024,1682,7901,20.81,4,Maintenance
WELL_006,Delta-F-06,Niger Delta Offshore,8/8/2024,1684,7984,20.85,4,Maintenance
WELL_006,Delta-F-06,Niger Delta Onshore,8/9/2024,1678,7926,20.88,9,Maintenance
WELL_006,Delta-F-06,Niger Delta Onshore,8/10/2024,2443,11410,20.92,0,Active
WELL_006,Delta-F-06,Niger Delta Onshore,8/11/2024,2417,11512,20.93,0,Active
WELL_006,Delta-F-06,Niger Delta Offshore,8/12/2024,2413,11397,20.95,3,Active
WELL_006,Delta-F-06,Niger Delta Onshore,8/13/2024,2408,11358,20.96,2,Active
WELL_006,Delta-F-06,Niger Delta Onshore,8/14/2024,1631,7841,20.98,7,Maintenance
WELL_006,Delta-F-06,Niger Delta Offshore,8/15/2024,2453,11501,21.02,3,Active
WELL_006,Delta-F-06,Niger Delta Onshore,8/16/2024,2425,11455,21.05,3,Active
WELL_006,Delta-F-06,Niger Delta Onshore,8/17/2024,2413,11416,21.08,1,Active
WELL_006,Delta-F-06,Niger Delta Onshore,8/18/2024,1607,7896,21.11,6,Maintenance
WELL_006,Delta-F-06,Niger Delta Offshore,8/19/2024,2480,11515,21.16,3,Active
WELL_006,Delta-F-06,Niger Delta Offshore,8/20/2024,2411,11430,21.17,0,Active
WELL_006,Delta-F-06,Niger Delta Offshore,8/21/2024,2414,11383,21.19,1,Active
WELL_006,Delta-F-06,Niger Delta Onshore,8/22/2024,2456,11503,21.21,2,Active
WELL_006,Delta-F-06,Niger Delta Onshore,8/23/2024,1662,7873,21.24,7,Maintenance
WELL_006,Delta-F-06,Niger Delta Onshore,8/24/2024,2444,11416,21.28,2,Active
WELL_006,Delta-F-06,Niger Delta Offshore,8/25/2024,2410,11496,21.3,2,Active
WELL_006,Delta-F-06,Niger Delta Offshore,8/26/2024,1616,7829,21.33,5,Maintenance
WELL_006,Delta-F-06,Niger Delta Onshore,8/27/2024,1663,7799,21.34,8,Maintenance
WELL_006,Delta-F-06,Niger Delta Onshore,8/28/2024,2418,11468,21.39,1,Active
WELL_006,Delta-F-06,Niger Delta Offshore,8/29/2024,2425,11405,21.4,2,Active
WELL_006,Delta-F-06,Niger Delta Offshore,8/30/2024,2392,11447,21.45,2,Active
WELL_006,Delta-F-06,Niger Delta Offshore,8/31/2024,462,1617,21.46,13,Failed
WELL_006,Delta-F-06,Niger Delta Onshore,9/1/2024,2452,11377,21.5,2,Active
WELL_006,Delta-F-06,Niger Delta Offshore,9/2/2024,1625,7882,21.53,5,Maintenance
WELL_006,Delta-F-06,Niger Delta Onshore,9/3/2024,2469,11334,21.57,3,Active
WELL_006,Delta-F-06,Niger Delta Offshore,9/4/2024,2396,11376,21.6,3,Active
WELL_006,Delta-F-06,Niger Delta Onshore,9/5/2024,2402,11494,21.64,0,Active
WELL_006,Delta-F-06,Niger Delta Offshore,9/6/2024,2459,11485,21.67,1,Active
WELL_006,Delta-F-06,Niger Delta Onshore,9/7/2024,2385,11349,21.71,3,Active
WELL_006,Delta-F-06,Niger Delta Onshore,9/8/2024,501,3177,21.74,13,Failed
WELL_006,Delta-F-06,Niger Delta Onshore,9/9/2024,2440,11452,21.77,2,Active
WELL_006,Delta-F-06,Niger Delta Offshore,9/10/2024,2378,11493,21.81,0,Active
WELL_006,Delta-F-06,Niger Delta Onshore,9/11/2024,1610,7733,21.85,6,Maintenance
WELL_006,Delta-F-06,Niger Delta Offshore,9/12/2024,2393,11472,21.9,2,Active
WELL_006,Delta-F-06,Niger Delta Onshore,9/13/2024,2403,11337,21.94,0,Active
WELL_006,Delta-F-06,Niger Delta Offshore,9/14/2024,2420,11351,21.99,0,Active
WELL_006,Delta-F-06,Niger Delta Offshore,9/15/2024,2419,11350,22.01,0,Active
WELL_006,Delta-F-06,Niger Delta Offshore,9/16/2024,2457,11466,22.02,1,Active
WELL_006,Delta-F-06,Niger Delta Onshore,9/17/2024,2412,11332,22.05,0,Active
WELL_006,Delta-F-06,Niger Delta Offshore,9/18/2024,2387,11316,22.09,3,Active
WELL_006,Delta-F-06,Niger Delta Onshore,9/19/2024,2381,11405,22.11,2,Active
WELL_006,Delta-F-06,Niger Delta Offshore,9/20/2024,1609,7815,22.16,5,Maintenance
WELL_006,Delta-F-06,Niger Delta Offshore,9/21/2024,2418,11423,22.2,0,Active
WELL_006,Delta-F-06,Niger Delta Offshore,9/22/2024,2410,11377,22.24,1,Active
WELL_006,Delta-F-06,Niger Delta Offshore,9/23/2024,2381,11381,22.28,2,Active
WELL_006,Delta-F-06,Niger Delta Offshore,9/24/2024,1580,7835,22.33,9,Maintenance
WELL_006,Delta-F-06,Niger Delta Onshore,9/25/2024,2454,11336,22.37,3,Active
WELL_006,Delta-F-06,Niger Delta Offshore,9/26/2024,2426,11353,22.4,2,Active
WELL_006,Delta-F-06,Niger Delta Offshore,9/27/2024,2415,11337,22.42,0,Active
WELL_006,Delta-F-06,Niger Delta Onshore,9/28/2024,2386,11393,22.46,2,Active
WELL_006,Delta-F-06,Niger Delta Onshore,9/29/2024,1644,7756,22.5,9,Maintenance
WELL_006,Delta-F-06,Niger Delta Offshore,9/30/2024,2431,11277,22.54,0,Active
WELL_006,Delta-F-06,Niger Delta Onshore,10/1/2024,2445,11453,22.57,3,Active
WELL_006,Delta-F-06,Niger Delta Offshore,10/2/2024,1574,7820,22.59,7,Maintenance
WELL_006,Delta-F-06,Niger Delta Offshore,10/3/2024,2364,11355,22.64,1,Active
WELL_006,Delta-F-06,Niger Delta Offshore,10/4/2024,2378,11402,22.67,1,Active
WELL_006,Delta-F-06,Niger Delta Offshore,10/5/2024,2420,11390,22.68,0,Active
WELL_006,Delta-F-06,Niger Delta Onshore,10/6/2024,481,1267,22.71,19,Failed
WELL_006,Delta-F-06,Niger Delta Offshore,10/7/2024,2376,11305,22.76,0,Active
WELL_006,Delta-F-06,Niger Delta Offshore,10/8/2024,1573,7820,22.8,4,Maintenance
WELL_006,Delta-F-06,Niger Delta Onshore,10/9/2024,551,1470,22.83,15,Failed
WELL_006,Delta-F-06,Niger Delta Offshore,10/10/2024,1637,7799,22.85,7,Maintenance
WELL_006,Delta-F-06,Niger Delta Onshore,10/11/2024,2425,11321,22.87,2,Active
WELL_006,Delta-F-06,Niger Delta Offshore,10/12/2024,526,1572,22.91,17,Failed
WELL_006,Delta-F-06,Niger Delta Offshore,10/13/2024,2416,11261,22.95,3,Active
WELL_006,Delta-F-06,Niger Delta Offshore,10/14/2024,2387,11325,22.99,3,Active
WELL_006,Delta-F-06,Niger Delta Onshore,10/15/2024,2390,11308,23.04,3,Active
WELL_006,Delta-F-06,Niger Delta Offshore,10/16/2024,2386,11243,23.07,2,Active
WELL_006,Delta-F-06,Niger Delta Offshore,10/17/2024,1603,7706,23.09,4,Maintenance
WELL_006,Delta-F-06,Niger Delta Offshore,10/18/2024,2372,11387,23.13,1,Active
WELL_006,Delta-F-06,Niger Delta Onshore,10/19/2024,1654,7720,23.15,5,Maintenance
WELL_006,Delta-F-06,Niger Delta Onshore,10/20/2024,2346,11337,23.19,3,Active
WELL_006,Delta-F-06,Niger Delta Onshore,10/21/2024,626,2726,23.24,22,Failed
WELL_006,Delta-F-06,Niger Delta Onshore,10/22/2024,599,1853,23.27,13,Failed
WELL_006,Delta-F-06,Niger Delta Offshore,10/23/2024,2422,11346,23.3,1,Active
WELL_006,Delta-F-06,Niger Delta Onshore,10/24/2024,2439,11301,23.34,1,Active
WELL_006,Delta-F-06,Niger Delta Offshore,10/25/2024,2385,11252,23.36,0,Active
WELL_006,Delta-F-06,Niger Delta Onshore,10/26/2024,1585,7715,23.4,5,Maintenance
WELL_006,Delta-F-06,Niger Delta Offshore,10/27/2024,2355,11239,23.41,1,Active
WELL_006,Delta-F-06,Niger Delta Offshore,10/28/2024,2355,11202,23.43,3,Active
WELL_006,Delta-F-06,Niger Delta Onshore,10/29/2024,2370,11235,23.47,3,Active
WELL_006,Delta-F-06,Niger Delta Onshore,10/30/2024,2431,11251,23.51,0,Active
WELL_006,Delta-F-06,Niger Delta Offshore,10/31/2024,2384,11240,23.54,1,Active
WELL_006,Delta-F-06,Niger Delta Onshore,11/1/2024,1591,7744,23.58,9,Maintenance
WELL_006,Delta-F-06,Niger Delta Offshore,11/2/2024,2430,11338,23.6,1,Active
WELL_006,Delta-F-06,Niger Delta Offshore,11/3/2024,362,3044,23.64,23,Failed
WELL_006,Delta-F-06,Niger Delta Offshore,11/4/2024,2353,11255,23.66,1,Active
WELL_006,Delta-F-06,Niger Delta Offshore,11/5/2024,2368,11308,23.7,2,Active
WELL_006,Delta-F-06,Niger Delta Offshore,11/6/2024,1608,7748,23.73,5,Maintenance
WELL_006,Delta-F-06,Niger Delta Onshore,11/7/2024,2350,11330,23.76,1,Active
WELL_006,Delta-F-06,Niger Delta Offshore,11/8/2024,2377,11251,23.78,3,Active
WELL_006,Delta-F-06,Niger Delta Onshore,11/9/2024,2348,11312,23.79,3,Active
WELL_006,Delta-F-06,Niger Delta Offshore,11/10/2024,1566,7797,23.81,4,Maintenance
WELL_006,Delta-F-06,Niger Delta Offshore,11/11/2024,1570,7736,23.84,5,Maintenance
WELL_006,Delta-F-06,Niger Delta Onshore,11/12/2024,1549,7615,23.88,7,Maintenance
WELL_006,Delta-F-06,Niger Delta Onshore,11/13/2024,2374,11207,23.9,1,Active
WELL_006,Delta-F-06,Niger Delta Onshore,11/14/2024,2413,11226,23.93,3,Active
WELL_006,Delta-F-06,Niger Delta Offshore,11/15/2024,2377,11294,23.95,2,Active
WELL_006,Delta-F-06,Niger Delta Onshore,11/16/2024,1586,7649,23.98,9,Maintenance
WELL_006,Delta-F-06,Niger Delta Onshore,11/17/2024,2408,11194,24.02,0,Active
WELL_006,Delta-F-06,Niger Delta Onshore,11/18/2024,2377,11293,24.07,2,Active
WELL_006,Delta-F-06,Niger Delta Onshore,11/19/2024,164,2974,24.1,13,Failed
WELL_006,Delta-F-06,Niger Delta Onshore,11/20/2024,2358,11248,24.13,3,Active
WELL_006,Delta-F-06,Niger Delta Offshore,11/21/2024,2405,11290,24.17,2,Active
WELL_006,Delta-F-06,Niger Delta Onshore,11/22/2024,1559,7586,24.2,4,Maintenance
WELL_006,Delta-F-06,Niger Delta Offshore,11/23/2024,2389,11159,24.22,3,Active
WELL_006,Delta-F-06,Niger Delta Onshore,11/24/2024,2316,11332,24.25,1,Active
WELL_006,Delta-F-06,Niger Delta Onshore,11/25/2024,2379,11335,24.27,1,Active
WELL_006,Delta-F-06,Niger Delta Offshore,11/26/2024,2374,11183,24.3,3,Active
WELL_006,Delta-F-06,Niger Delta Offshore,11/27/2024,2402,11256,24.32,0,Active
WELL_006,Delta-F-06,Niger Delta Offshore,11/28/2024,2372,11207,24.36,2,Active
WELL_006,Delta-F-06,Niger Delta Offshore,11/29/2024,2383,11173,24.37,1,Active
WELL_006,Delta-F-06,Niger Delta Onshore,11/30/2024,2335,11240,24.38,3,Active
WELL_006,Delta-F-06,Niger Delta Onshore,12/1/2024,2349,11262,24.4,0,Active
WELL_006,Delta-F-06,Niger Delta Offshore,12/2/2024,2374,11234,24.42,0,Active
WELL_006,Delta-F-06,Niger Delta Onshore,12/3/2024,1613,7739,24.45,9,Maintenance
WELL_006,Delta-F-06,Niger Delta Offshore,12/4/2024,2319,11201,24.48,0,Active
WELL_006,Delta-F-06,Niger Delta Onshore,12/5/2024,1583,7618,24.5,7,Maintenance
WELL_006,Delta-F-06,Niger Delta Onshore,12/6/2024,2328,11209,24.51,3,Active
WELL_006,Delta-F-06,Niger Delta Onshore,12/7/2024,106,1413,24.54,13,Failed
WELL_006,Delta-F-06,Niger Delta Onshore,12/8/2024,1590,7667,24.56,4,Maintenance
WELL_006,Delta-F-06,Niger Delta Offshore,12/9/2024,2339,11235,24.61,2,Active
WELL_006,Delta-F-06,Niger Delta Offshore,12/10/2024,1520,7728,24.64,5,Maintenance
WELL_006,Delta-F-06,Niger Delta Offshore,12/11/2024,2376,11235,24.67,2,Active
WELL_006,Delta-F-06,Niger Delta Offshore,12/12/2024,2391,11126,24.7,2,Active
WELL_006,Delta-F-06,Niger Delta Offshore,12/13/2024,2388,11306,24.75,3,Active
WELL_006,Delta-F-06,Niger Delta Offshore,12/14/2024,2343,11205,24.8,2,Active
WELL_006,Delta-F-06,Niger Delta Offshore,12/15/2024,772,1332,24.81,13,Failed
WELL_006,Delta-F-06,Niger Delta Offshore,12/16/2024,2344,11133,24.83,1,Active
WELL_006,Delta-F-06,Niger Delta Onshore,12/17/2024,2320,11290,24.86,2,Active
WELL_006,Delta-F-06,Niger Delta Offshore,12/18/2024,775,3038,24.91,18,Failed
WELL_006,Delta-F-06,Niger Delta Onshore,12/19/2024,2367,11165,24.93,3,Active
WELL_006,Delta-F-06,Niger Delta Onshore,12/20/2024,2347,11182,24.94,1,Active
WELL_006,Delta-F-06,Niger Delta Onshore,12/21/2024,1602,7656,24.98,7,Maintenance
WELL_006,Delta-F-06,Niger Delta Onshore,12/22/2024,2391,11258,25,2,Active
WELL_006,Delta-F-06,Niger Delta Onshore,12/23/2024,2379,11282,25.03,0,Active
WELL_006,Delta-F-06,Niger Delta Onshore,12/24/2024,2323,11274,25.07,0,Active
WELL_006,Delta-F-06,Niger Delta Onshore,12/25/2024,2301,11182,25.09,1,Active
WELL_006,Delta-F-06,Niger Delta Offshore,12/26/2024,2321,11263,25.12,2,Active
WELL_006,Delta-F-06,Niger Delta Offshore,12/27/2024,1508,7584,25.14,4,Maintenance
WELL_006,Delta-F-06,Niger Delta Onshore,12/28/2024,2360,11094,25.16,0,Active
WELL_006,Delta-F-06,Niger Delta Onshore,12/29/2024,2350,11098,25.2,0,Active
WELL_006,Delta-F-06,Niger Delta Offshore,12/30/2024,2334,11155,25.25,0,Active
WELL_006,Delta-F-06,Niger Delta Onshore,12/31/2024,2356,11170,25.28,2,Active
WELL_006,Delta-F-06,Niger Delta Offshore,1/1/2025,2300,11077,25.32,1,Active
WELL_006,Delta-F-06,Niger Delta Offshore,1/2/2025,2349,11097,25.36,0,Active
WELL_006,Delta-F-06,Niger Delta Offshore,1/3/2025,2334,11238,25.38,1,Active
WELL_006,Delta-F-06,Niger Delta Onshore,1/4/2025,1506,7597,25.39,8,Maintenance
WELL_006,Delta-F-06,Niger Delta Onshore,1/5/2025,2343,11098,25.43,3,Active
WELL_006,Delta-F-06,Niger Delta Onshore,1/6/2025,2360,11208,25.44,3,Active
WELL_006,Delta-F-06,Niger Delta Onshore,1/7/2025,2349,11239,25.48,2,Active
WELL_006,Delta-F-06,Niger Delta Onshore,1/8/2025,2342,11133,25.49,1,Active
WELL_006,Delta-F-06,Niger Delta Onshore,1/9/2025,2375,11104,25.53,1,Active
WELL_006,Delta-F-06,Niger Delta Offshore,1/10/2025,516,3032,25.57,22,Failed
WELL_006,Delta-F-06,Niger Delta Onshore,1/11/2025,2287,11216,25.6,0,Active
WELL_006,Delta-F-06,Niger Delta Onshore,1/12/2025,2300,11137,25.62,2,Active
WELL_006,Delta-F-06,Niger Delta Onshore,1/13/2025,1575,7650,25.64,5,Maintenance
WELL_006,Delta-F-06,Niger Delta Offshore,1/14/2025,2336,11179,25.66,3,Active
WELL_006,Delta-F-06,Niger Delta Offshore,1/15/2025,2287,11202,25.67,2,Active
WELL_006,Delta-F-06,Niger Delta Offshore,1/16/2025,2285,11160,25.7,2,Active
WELL_006,Delta-F-06,Niger Delta Offshore,1/17/2025,1505,7575,25.74,9,Maintenance
WELL_006,Delta-F-06,Niger Delta Offshore,1/18/2025,2368,11180,25.78,3,Active
WELL_006,Delta-F-06,Niger Delta Onshore,1/19/2025,2361,11168,25.82,2,Active
WELL_006,Delta-F-06,Niger Delta Onshore,1/20/2025,1552,7659,25.86,9,Maintenance
WELL_006,Delta-F-06,Niger Delta Onshore,1/21/2025,2345,11118,25.9,3,Active
WELL_006,Delta-F-06,Niger Delta Offshore,1/22/2025,2286,11070,25.93,2,Active
WELL_006,Delta-F-06,Niger Delta Onshore,1/23/2025,2282,11209,25.95,2,Active
WELL_006,Delta-F-06,Niger Delta Offshore,1/24/2025,1496,7533,25.97,9,Maintenance
WELL_006,Delta-F-06,Niger Delta Offshore,1/25/2025,2296,11078,26,3,Active
WELL_006,Delta-F-06,Niger Delta Offshore,1/26/2025,2267,11077,26.01,0,Active
WELL_006,Delta-F-06,Niger Delta Offshore,1/27/2025,2319,11039,26.06,3,Active
WELL_006,Delta-F-06,Niger Delta Onshore,1/28/2025,2323,11128,26.11,1,Active
WELL_006,Delta-F-06,Niger Delta Offshore,1/29/2025,2331,11206,26.15,3,Active
WELL_006,Delta-F-06,Niger Delta Offshore,1/30/2025,677,2941,26.19,20,Failed
WELL_006,Delta-F-06,Niger Delta Offshore,1/31/2025,2314,11202,26.23,0,Active
WELL_006,Delta-F-06,Niger Delta Onshore,2/1/2025,1556,7620,26.27,5,Maintenance
WELL_006,Delta-F-06,Niger Delta Offshore,2/2/2025,2337,11090,26.31,2,Active
WELL_006,Delta-F-06,Niger Delta Onshore,2/3/2025,2302,11036,26.36,1,Active
WELL_006,Delta-F-06,Niger Delta Offshore,2/4/2025,2326,11200,26.4,2,Active
WELL_006,Delta-F-06,Niger Delta Offshore,2/5/2025,2334,11086,26.42,1,Active
WELL_006,Delta-F-06,Niger Delta Onshore,2/6/2025,2340,11083,26.46,2,Active
WELL_006,Delta-F-06,Niger Delta Onshore,2/7/2025,2287,11003,26.48,1,Active
WELL_006,Delta-F-06,Niger Delta Offshore,2/8/2025,1491,7564,26.52,8,Maintenance
WELL_006,Delta-F-06,Niger Delta Onshore,2/9/2025,2327,11142,26.54,3,Active
WELL_006,Delta-F-06,Niger Delta Onshore,2/10/2025,565,394,26.57,19,Failed
WELL_006,Delta-F-06,Niger Delta Onshore,2/11/2025,1546,7451,26.6,9,Maintenance
WELL_006,Delta-F-06,Niger Delta Offshore,2/12/2025,2318,11143,26.63,2,Active
WELL_006,Delta-F-06,Niger Delta Onshore,2/13/2025,2265,11151,26.65,0,Active
WELL_006,Delta-F-06,Niger Delta Onshore,2/14/2025,2322,11130,26.68,3,Active
WELL_006,Delta-F-06,Niger Delta Offshore,2/15/2025,2262,11136,26.71,0,Active
WELL_006,Delta-F-06,Niger Delta Onshore,2/16/2025,2257,11159,26.76,0,Active
WELL_006,Delta-F-06,Niger Delta Onshore,2/17/2025,2261,11097,26.79,3,Active
WELL_006,Delta-F-06,Niger Delta Onshore,2/18/2025,2297,11145,26.82,3,Active
WELL_006,Delta-F-06,Niger Delta Offshore,2/19/2025,2328,11030,26.84,1,Active
WELL_006,Delta-F-06,Niger Delta Offshore,2/20/2025,2305,11004,26.86,2,Active
WELL_006,Delta-F-06,Niger Delta Offshore,2/21/2025,2344,10973,26.9,3,Active
WELL_006,Delta-F-06,Niger Delta Offshore,2/22/2025,2340,10987,26.95,0,Active
WELL_006,Delta-F-06,Niger Delta Onshore,2/23/2025,2330,11059,26.97,2,Active
WELL_006,Delta-F-06,Niger Delta Offshore,2/24/2025,2271,11131,26.98,0,Active
WELL_006,Delta-F-06,Niger Delta Offshore,2/25/2025,2314,11149,27.02,3,Active
WELL_006,Delta-F-06,Niger Delta Offshore,2/26/2025,2339,10995,27.04,3,Active
WELL_006,Delta-F-06,Niger Delta Offshore,2/27/2025,2240,11026,27.07,1,Active
WELL_006,Delta-F-06,Niger Delta Onshore,2/28/2025,2334,11096,27.1,1,Active
WELL_006,Delta-F-06,Niger Delta Onshore,3/1/2025,2312,10978,27.14,1,Active
WELL_006,Delta-F-06,Niger Delta Offshore,3/2/2025,2279,10993,27.17,0,Active
WELL_006,Delta-F-06,Niger Delta Offshore,3/3/2025,2313,10970,27.19,1,Active
WELL_006,Delta-F-06,Niger Delta Onshore,3/4/2025,2261,11107,27.2,3,Active
WELL_006,Delta-F-06,Niger Delta Offshore,3/5/2025,2286,11040,27.25,0,Active
WELL_006,Delta-F-06,Niger Delta Offshore,3/6/2025,2329,10953,27.27,0,Active
WELL_006,Delta-F-06,Niger Delta Onshore,3/7/2025,2272,11077,27.3,1,Active
WELL_006,Delta-F-06,Niger Delta Onshore,3/8/2025,2302,11128,27.34,3,Active
WELL_006,Delta-F-06,Niger Delta Onshore,3/9/2025,2262,11118,27.37,0,Active
WELL_006,Delta-F-06,Niger Delta Offshore,3/10/2025,2234,11065,27.41,0,Active
WELL_006,Delta-F-06,Niger Delta Offshore,3/11/2025,2251,11043,27.45,3,Active
WELL_006,Delta-F-06,Niger Delta Onshore,3/12/2025,2235,10999,27.5,2,Active
WELL_006,Delta-F-06,Niger Delta Offshore,3/13/2025,2243,11053,27.54,1,Active
WELL_006,Delta-F-06,Niger Delta Onshore,3/14/2025,2236,10961,27.55,1,Active
WELL_006,Delta-F-06,Niger Delta Onshore,3/15/2025,2298,10983,27.57,3,Active
WELL_006,Delta-F-06,Niger Delta Offshore,3/16/2025,2234,11084,27.61,2,Active
WELL_006,Delta-F-06,Niger Delta Onshore,3/17/2025,1486,7352,27.65,6,Maintenance
WELL_006,Delta-F-06,Niger Delta Offshore,3/18/2025,2294,10966,27.67,3,Active
WELL_006,Delta-F-06,Niger Delta Offshore,3/19/2025,2304,10968,27.68,0,Active
WELL_006,Delta-F-06,Niger Delta Onshore,3/20/2025,2298,10940,27.72,1,Active
WELL_006,Delta-F-06,Niger Delta Onshore,3/21/2025,440,1054,27.76,18,Failed
WELL_006,Delta-F-06,Niger Delta Offshore,3/22/2025,2281,10977,27.78,0,Active
WELL_006,Delta-F-06,Niger Delta Offshore,3/23/2025,2307,11014,27.8,3,Active
WELL_006,Delta-F-06,Niger Delta Onshore,3/24/2025,2304,11070,27.82,2,Active
WELL_006,Delta-F-06,Niger Delta Offshore,3/25/2025,2251,10963,27.84,1,Active
WELL_006,Delta-F-06,Niger Delta Offshore,3/26/2025,2258,11077,27.86,3,Active
WELL_006,Delta-F-06,Niger Delta Onshore,3/27/2025,2306,11012,27.91,2,Active
WELL_006,Delta-F-06,Niger Delta Offshore,3/28/2025,2316,11044,27.94,0,Active
WELL_006,Delta-F-06,Niger Delta Onshore,3/29/2025,1427,7354,27.98,5,Maintenance
WELL_006,Delta-F-06,Niger Delta Onshore,3/30/2025,2310,11019,28,0,Active
WELL_006,Delta-F-06,Niger Delta Onshore,3/31/2025,2221,11038,28.02,0,Active
WELL_006,Delta-F-06,Niger Delta Offshore,4/1/2025,2216,10920,28.06,2,Active
WELL_006,Delta-F-06,Niger Delta Onshore,4/2/2025,2262,10958,28.1,1,Active
WELL_006,Delta-F-06,Niger Delta Offshore,4/3/2025,2258,11036,28.11,1,Active
WELL_006,Delta-F-06,Niger Delta Offshore,4/4/2025,2225,10902,28.12,0,Active
WELL_006,Delta-F-06,Niger Delta Offshore,4/5/2025,2244,10889,28.17,1,Active
WELL_006,Delta-F-06,Niger Delta Offshore,4/6/2025,1427,7406,28.19,8,Maintenance
WELL_006,Delta-F-06,Niger Delta Offshore,4/7/2025,1446,7506,28.22,6,Maintenance
WELL_006,Delta-F-06,Niger Delta Offshore,4/8/2025,2224,11050,28.26,3,Active
WELL_006,Delta-F-06,Niger Delta Offshore,4/9/2025,1506,7332,28.28,6,Maintenance
WELL_006,Delta-F-06,Niger Delta Offshore,4/10/2025,2251,10987,28.29,0,Active
WELL_006,Delta-F-06,Niger Delta Offshore,4/11/2025,2272,10907,28.31,0,Active
WELL_006,Delta-F-06,Niger Delta Offshore,4/12/2025,5,378,28.34,10,Failed
WELL_006,Delta-F-06,Niger Delta Offshore,4/13/2025,2287,10911,28.38,0,Active
WELL_006,Delta-F-06,Niger Delta Onshore,4/14/2025,2252,10917,28.41,1,Active
WELL_006,Delta-F-06,Niger Delta Offshore,4/15/2025,2285,10981,28.44,3,Active
WELL_006,Delta-F-06,Niger Delta Onshore,4/16/2025,2229,10928,28.48,2,Active
WELL_006,Delta-F-06,Niger Delta Onshore,4/17/2025,2274,10908,28.51,3,Active
WELL_006,Delta-F-06,Niger Delta Onshore,4/18/2025,47,1095,28.54,12,Failed
WELL_006,Delta-F-06,Niger Delta Onshore,4/19/2025,2216,10867,28.57,2,Active
WELL_006,Delta-F-06,Niger Delta Onshore,4/20/2025,1412,7388,28.59,7,Maintenance
WELL_006,Delta-F-06,Niger Delta Offshore,4/21/2025,2240,10942,28.63,2,Active
WELL_006,Delta-F-06,Niger Delta Onshore,4/22/2025,2257,10902,28.67,3,Active
WELL_006,Delta-F-06,Niger Delta Onshore,4/23/2025,2203,10868,28.71,3,Active
WELL_006,Delta-F-06,Niger Delta Onshore,4/24/2025,2221,10872,28.75,2,Active
WELL_006,Delta-F-06,Niger Delta Onshore,4/25/2025,2238,10886,28.78,3,Active
WELL_006,Delta-F-06,Niger Delta Offshore,4/26/2025,654,3105,28.8,10,Failed
WELL_006,Delta-F-06,Niger Delta Onshore,4/27/2025,2281,10867,28.85,1,Active
WELL_006,Delta-F-06,Niger Delta Offshore,4/28/2025,2200,10868,28.89,1,Active
WELL_006,Delta-F-06,Niger Delta Offshore,4/29/2025,1476,7318,28.92,6,Maintenance
WELL_006,Delta-F-06,Niger Delta Onshore,4/30/2025,2240,10898,28.97,1,Active
WELL_006,Delta-F-06,Niger Delta Onshore,5/1/2025,2226,10846,28.99,0,Active
WELL_006,Delta-F-06,Niger Delta Offshore,5/2/2025,2232,10868,29.02,0,Active
WELL_006,Delta-F-06,Niger Delta Onshore,5/3/2025,1462,7455,29.07,5,Maintenance
WELL_006,Delta-F-06,Niger Delta Offshore,5/4/2025,2196,10835,29.11,0,Active
WELL_006,Delta-F-06,Niger Delta Offshore,5/5/2025,2281,10970,29.14,3,Active
WELL_006,Delta-F-06,Niger Delta Offshore,5/6/2025,2230,10954,29.17,2,Active
WELL_006,Delta-F-06,Niger Delta Offshore,5/7/2025,2236,10865,29.2,3,Active
WELL_006,Delta-F-06,Niger Delta Offshore,5/8/2025,2207,10962,29.22,3,Active
WELL_006,Delta-F-06,Niger Delta Offshore,5/9/2025,1444,7307,29.25,7,Maintenance
WELL_006,Delta-F-06,Niger Delta Offshore,5/10/2025,2226,10983,29.28,1,Active
WELL_006,Delta-F-06,Niger Delta Offshore,5/11/2025,2257,10932,29.31,2,Active
WELL_006,Delta-F-06,Niger Delta Onshore,5/12/2025,2231,10862,29.35,0,Active
WELL_006,Delta-F-06,Niger Delta Onshore,5/13/2025,1467,7305,29.4,6,Maintenance
WELL_006,Delta-F-06,Niger Delta Onshore,5/14/2025,2185,10895,29.41,0,Active
WELL_007,Delta-G-07,Niger Delta Onshore,1/1/2024,2823,8409,8.01,2,Active
WELL_007,Delta-G-07,Niger Delta Onshore,1/2/2024,2771,8422,8.05,1,Active
WELL_007,Delta-G-07,Niger Delta Onshore,1/3/2024,2817,8302,8.06,0,Active
WELL_007,Delta-G-07,Niger Delta Offshore,1/4/2024,2006,5950,8.1,7,Maintenance
WELL_007,Delta-G-07,Niger Delta Onshore,1/5/2024,2770,8428,8.12,0,Active
WELL_007,Delta-G-07,Niger Delta Offshore,1/6/2024,2853,8349,8.15,3,Active
WELL_007,Delta-G-07,Niger Delta Onshore,1/7/2024,2788,8473,8.19,1,Active
WELL_007,Delta-G-07,Niger Delta Offshore,1/8/2024,2799,8305,8.23,3,Active
WELL_007,Delta-G-07,Niger Delta Offshore,1/9/2024,2815,8290,8.27,0,Active
WELL_007,Delta-G-07,Niger Delta Onshore,1/10/2024,2839,8345,8.28,3,Active
WELL_007,Delta-G-07,Niger Delta Offshore,1/11/2024,2782,8405,8.29,2,Active
WELL_007,Delta-G-07,Niger Delta Onshore,1/12/2024,1989,5937,8.31,6,Maintenance
WELL_007,Delta-G-07,Niger Delta Onshore,1/13/2024,2764,8311,8.33,2,Active
WELL_007,Delta-G-07,Niger Delta Offshore,1/14/2024,2778,8327,8.35,1,Active
WELL_007,Delta-G-07,Niger Delta Offshore,1/15/2024,30,2154,8.38,23,Failed
WELL_007,Delta-G-07,Niger Delta Offshore,1/16/2024,2802,8357,8.4,1,Active
WELL_007,Delta-G-07,Niger Delta Offshore,1/17/2024,2831,8390,8.43,2,Active
WELL_007,Delta-G-07,Niger Delta Offshore,1/18/2024,2851,8470,8.46,0,Active
WELL_007,Delta-G-07,Niger Delta Onshore,1/19/2024,2818,8302,8.49,1,Active
WELL_007,Delta-G-07,Niger Delta Offshore,1/20/2024,2784,8403,8.51,3,Active
WELL_007,Delta-G-07,Niger Delta Offshore,1/21/2024,2843,8431,8.56,2,Active
WELL_007,Delta-G-07,Niger Delta Onshore,1/22/2024,2820,8445,8.58,0,Active
WELL_007,Delta-G-07,Niger Delta Onshore,1/23/2024,2812,8300,8.6,2,Active
WELL_007,Delta-G-07,Niger Delta Offshore,1/24/2024,2777,8450,8.61,3,Active
WELL_007,Delta-G-07,Niger Delta Onshore,1/25/2024,404,270,8.65,19,Failed
WELL_007,Delta-G-07,Niger Delta Onshore,1/26/2024,2779,8404,8.67,3,Active
WELL_007,Delta-G-07,Niger Delta Onshore,1/27/2024,1962,5909,8.72,5,Maintenance
WELL_007,Delta-G-07,Niger Delta Offshore,1/28/2024,361,1218,8.77,11,Failed
WELL_007,Delta-G-07,Niger Delta Onshore,1/29/2024,2766,8339,8.79,1,Active
WELL_007,Delta-G-07,Niger Delta Offshore,1/30/2024,2760,8378,8.81,0,Active
WELL_007,Delta-G-07,Niger Delta Onshore,1/31/2024,2769,8323,8.83,0,Active
WELL_007,Delta-G-07,Niger Delta Onshore,2/1/2024,1943,5910,8.88,6,Maintenance
WELL_007,Delta-G-07,Niger Delta Offshore,2/2/2024,2768,8398,8.91,3,Active
WELL_007,Delta-G-07,Niger Delta Offshore,2/3/2024,2797,8420,8.95,3,Active
WELL_007,Delta-G-07,Niger Delta Onshore,2/4/2024,2805,8339,9,0,Active
WELL_007,Delta-G-07,Niger Delta Onshore,2/5/2024,832,525,9.03,10,Failed
WELL_007,Delta-G-07,Niger Delta Onshore,2/6/2024,2789,8371,9.06,0,Active
WELL_007,Delta-G-07,Niger Delta Onshore,2/7/2024,2780,8382,9.08,1,Active
WELL_007,Delta-G-07,Niger Delta Onshore,2/8/2024,2805,8308,9.11,2,Active
WELL_007,Delta-G-07,Niger Delta Offshore,2/9/2024,2756,8373,9.14,3,Active
WELL_007,Delta-G-07,Niger Delta Offshore,2/10/2024,2802,8297,9.17,1,Active
WELL_007,Delta-G-07,Niger Delta Onshore,2/11/2024,2805,8421,9.2,0,Active
WELL_007,Delta-G-07,Niger Delta Offshore,2/12/2024,1962,5802,9.22,8,Maintenance
WELL_007,Delta-G-07,Niger Delta Offshore,2/13/2024,2762,8298,9.26,1,Active
WELL_007,Delta-G-07,Niger Delta Onshore,2/14/2024,598,752,9.3,18,Failed
WELL_007,Delta-G-07,Niger Delta Offshore,2/15/2024,2751,8253,9.32,0,Active
WELL_007,Delta-G-07,Niger Delta Onshore,2/16/2024,2739,8265,9.36,1,Active
WELL_007,Delta-G-07,Niger Delta Onshore,2/17/2024,2739,8262,9.37,3,Active
WELL_007,Delta-G-07,Niger Delta Offshore,2/18/2024,1943,5718,9.38,5,Maintenance
WELL_007,Delta-G-07,Niger Delta Offshore,2/19/2024,2805,8348,9.41,1,Active
WELL_007,Delta-G-07,Niger Delta Onshore,2/20/2024,1939,5737,9.45,8,Maintenance
WELL_007,Delta-G-07,Niger Delta Onshore,2/21/2024,2773,8241,9.47,0,Active
WELL_007,Delta-G-07,Niger Delta Onshore,2/22/2024,2733,8255,9.49,1,Active
WELL_007,Delta-G-07,Niger Delta Onshore,2/23/2024,2774,8341,9.54,1,Active
WELL_007,Delta-G-07,Niger Delta Onshore,2/24/2024,2770,8322,9.57,2,Active
WELL_007,Delta-G-07,Niger Delta Onshore,2/25/2024,2824,8326,9.61,2,Active
WELL_007,Delta-G-07,Niger Delta Offshore,2/26/2024,2763,8384,9.65,0,Active
WELL_007,Delta-G-07,Niger Delta Onshore,2/27/2024,2776,8309,9.7,2,Active
WELL_007,Delta-G-07,Niger Delta Onshore,2/28/2024,601,1562,9.71,13,Failed
WELL_007,Delta-G-07,Niger Delta Onshore,2/29/2024,2728,8349,9.73,1,Active
WELL_007,Delta-G-07,Niger Delta Onshore,3/1/2024,2737,8330,9.77,1,Active
WELL_007,Delta-G-07,Niger Delta Onshore,3/2/2024,753,712,9.8,19,Failed
WELL_007,Delta-G-07,Niger Delta Onshore,3/3/2024,2787,8223,9.81,3,Active
WELL_007,Delta-G-07,Niger Delta Onshore,3/4/2024,1971,5699,9.85,8,Maintenance
WELL_007,Delta-G-07,Niger Delta Onshore,3/5/2024,2758,8265,9.87,1,Active
WELL_007,Delta-G-07,Niger Delta Onshore,3/6/2024,2813,8352,9.89,3,Active
WELL_007,Delta-G-07,Niger Delta Onshore,3/7/2024,2734,8239,9.93,1,Active
WELL_007,Delta-G-07,Niger Delta Onshore,3/8/2024,2732,8252,9.95,0,Active
WELL_007,Delta-G-07,Niger Delta Offshore,3/9/2024,2802,8265,9.98,3,Active
WELL_007,Delta-G-07,Niger Delta Offshore,3/10/2024,2729,8345,9.99,3,Active
WELL_007,Delta-G-07,Niger Delta Onshore,3/11/2024,2733,8216,10.03,1,Active
WELL_007,Delta-G-07,Niger Delta Onshore,3/12/2024,2716,8262,10.04,1,Active
WELL_007,Delta-G-07,Niger Delta Offshore,3/13/2024,2742,8255,10.06,1,Active
WELL_007,Delta-G-07,Niger Delta Onshore,3/14/2024,62,921,10.1,17,Failed
WELL_007,Delta-G-07,Niger Delta Onshore,3/15/2024,2723,8283,10.14,3,Active
WELL_007,Delta-G-07,Niger Delta Onshore,3/16/2024,2800,8288,10.19,0,Active
WELL_007,Delta-G-07,Niger Delta Offshore,3/17/2024,791,78,10.21,22,Failed
WELL_007,Delta-G-07,Niger Delta Offshore,3/18/2024,2711,8279,10.24,2,Active
WELL_007,Delta-G-07,Niger Delta Offshore,3/19/2024,2779,8262,10.27,0,Active
WELL_007,Delta-G-07,Niger Delta Offshore,3/20/2024,2716,8204,10.3,0,Active
WELL_007,Delta-G-07,Niger Delta Offshore,3/21/2024,2753,8199,10.34,0,Active
WELL_007,Delta-G-07,Niger Delta Onshore,3/22/2024,2748,8205,10.37,0,Active
WELL_007,Delta-G-07,Niger Delta Offshore,3/23/2024,2789,8145,10.39,0,Active
WELL_007,Delta-G-07,Niger Delta Offshore,3/24/2024,2712,8324,10.43,1,Active
WELL_007,Delta-G-07,Niger Delta Offshore,3/25/2024,2743,8226,10.48,1,Active
WELL_007,Delta-G-07,Niger Delta Onshore,3/26/2024,2740,8202,10.5,2,Active
WELL_007,Delta-G-07,Niger Delta Onshore,3/27/2024,2773,8212,10.54,1,Active
WELL_007,Delta-G-07,Niger Delta Offshore,3/28/2024,2765,8253,10.59,0,Active
WELL_007,Delta-G-07,Niger Delta Onshore,3/29/2024,2705,8326,10.61,1,Active
WELL_007,Delta-G-07,Niger Delta Offshore,3/30/2024,2707,8135,10.66,0,Active
WELL_007,Delta-G-07,Niger Delta Offshore,3/31/2024,2796,8221,10.67,2,Active
WELL_007,Delta-G-07,Niger Delta Offshore,4/1/2024,2763,8214,10.72,1,Active
WELL_007,Delta-G-07,Niger Delta Offshore,4/2/2024,2716,8126,10.77,2,Active
WELL_007,Delta-G-07,Niger Delta Offshore,4/3/2024,2786,8220,10.79,1,Active
WELL_007,Delta-G-07,Niger Delta Offshore,4/4/2024,2771,8141,10.81,3,Active
WELL_007,Delta-G-07,Niger Delta Offshore,4/5/2024,2739,8234,10.85,3,Active
WELL_007,Delta-G-07,Niger Delta Onshore,4/6/2024,1864,5768,10.88,4,Maintenance
WELL_007,Delta-G-07,Niger Delta Onshore,4/7/2024,1916,5682,10.93,5,Maintenance
WELL_007,Delta-G-07,Niger Delta Onshore,4/8/2024,2755,8215,10.94,1,Active
WELL_007,Delta-G-07,Niger Delta Offshore,4/9/2024,2703,8159,10.99,2,Active
WELL_007,Delta-G-07,Niger Delta Onshore,4/10/2024,2756,8139,11.01,0,Active
WELL_007,Delta-G-07,Niger Delta Offshore,4/11/2024,2701,8179,11.03,0,Active
WELL_007,Delta-G-07,Niger Delta Onshore,4/12/2024,1852,5591,11.08,4,Maintenance
WELL_007,Delta-G-07,Niger Delta Onshore,4/13/2024,2752,8197,11.12,3,Active
WELL_007,Delta-G-07,Niger Delta Offshore,4/14/2024,1937,5699,11.13,6,Maintenance
WELL_007,Delta-G-07,Niger Delta Offshore,4/15/2024,1840,5626,11.18,4,Maintenance
WELL_007,Delta-G-07,Niger Delta Onshore,4/16/2024,2754,8262,11.22,2,Active
WELL_007,Delta-G-07,Niger Delta Onshore,4/17/2024,2750,8150,11.26,0,Active
WELL_007,Delta-G-07,Niger Delta Offshore,4/18/2024,2696,8219,11.27,1,Active
WELL_007,Delta-G-07,Niger Delta Onshore,4/19/2024,2771,8164,11.29,1,Active
WELL_007,Delta-G-07,Niger Delta Offshore,4/20/2024,2727,8176,11.32,0,Active
WELL_007,Delta-G-07,Niger Delta Onshore,4/21/2024,1879,5596,11.36,4,Maintenance
WELL_007,Delta-G-07,Niger Delta Onshore,4/22/2024,31,647,11.41,15,Failed
WELL_007,Delta-G-07,Niger Delta Onshore,4/23/2024,1859,5738,11.44,5,Maintenance
WELL_007,Delta-G-07,Niger Delta Onshore,4/24/2024,2710,8154,11.47,2,Active
WELL_007,Delta-G-07,Niger Delta Offshore,4/25/2024,2710,8223,11.49,2,Active
WELL_007,Delta-G-07,Niger Delta Onshore,4/26/2024,238,2196,11.53,14,Failed
WELL_007,Delta-G-07,Niger Delta Offshore,4/27/2024,2692,8075,11.55,3,Active
WELL_007,Delta-G-07,Niger Delta Onshore,4/28/2024,2752,8228,11.57,2,Active
WELL_007,Delta-G-07,Niger Delta Offshore,4/29/2024,2699,8223,11.61,0,Active
WELL_007,Delta-G-07,Niger Delta Offshore,4/30/2024,2746,8160,11.62,1,Active
WELL_007,Delta-G-07,Niger Delta Onshore,5/1/2024,1874,5606,11.67,6,Maintenance
WELL_007,Delta-G-07,Niger Delta Onshore,5/2/2024,2736,8134,11.71,2,Active
WELL_007,Delta-G-07,Niger Delta Onshore,5/3/2024,2678,8196,11.72,0,Active
WELL_007,Delta-G-07,Niger Delta Offshore,5/4/2024,532,1151,11.76,11,Failed
WELL_007,Delta-G-07,Niger Delta Onshore,5/5/2024,2738,8215,11.78,3,Active
WELL_007,Delta-G-07,Niger Delta Offshore,5/6/2024,2696,8113,11.8,1,Active
WELL_007,Delta-G-07,Niger Delta Onshore,5/7/2024,2687,8142,11.84,3,Active
WELL_007,Delta-G-07,Niger Delta Onshore,5/8/2024,2762,8204,11.87,0,Active
WELL_007,Delta-G-07,Niger Delta Onshore,5/9/2024,575,1347,11.89,21,Failed
WELL_007,Delta-G-07,Niger Delta Onshore,5/10/2024,748,1480,11.93,19,Failed
WELL_007,Delta-G-07,Niger Delta Offshore,5/11/2024,1882,5645,11.95,6,Maintenance
WELL_007,Delta-G-07,Niger Delta Onshore,5/12/2024,88,1627,12,13,Failed
WELL_007,Delta-G-07,Niger Delta Onshore,5/13/2024,2744,8185,12.03,0,Active
WELL_007,Delta-G-07,Niger Delta Onshore,5/14/2024,1822,5565,12.04,5,Maintenance
WELL_007,Delta-G-07,Niger Delta Offshore,5/15/2024,1873,5620,12.08,9,Maintenance
WELL_007,Delta-G-07,Niger Delta Onshore,5/16/2024,2707,8228,12.1,2,Active
WELL_007,Delta-G-07,Niger Delta Onshore,5/17/2024,2757,8110,12.15,1,Active
WELL_007,Delta-G-07,Niger Delta Offshore,5/18/2024,2719,8138,12.18,3,Active
WELL_007,Delta-G-07,Niger Delta Onshore,5/19/2024,2683,8112,12.22,3,Active
WELL_007,Delta-G-07,Niger Delta Offshore,5/20/2024,2729,8170,12.24,2,Active
WELL_007,Delta-G-07,Niger Delta Onshore,5/21/2024,2732,8081,12.28,1,Active
WELL_007,Delta-G-07,Niger Delta Offshore,5/22/2024,655,634,12.32,20,Failed
WELL_007,Delta-G-07,Niger Delta Onshore,5/23/2024,2703,8199,12.33,3,Active
WELL_007,Delta-G-07,Niger Delta Onshore,5/24/2024,2736,8095,12.35,3,Active
WELL_007,Delta-G-07,Niger Delta Onshore,5/25/2024,2695,8038,12.4,0,Active
WELL_007,Delta-G-07,Niger Delta Offshore,5/26/2024,2748,8100,12.42,1,Active
WELL_007,Delta-G-07,Niger Delta Offshore,5/27/2024,2751,8143,12.44,2,Active
WELL_007,Delta-G-07,Niger Delta Offshore,5/28/2024,640,999,12.45,15,Failed
WELL_007,Delta-G-07,Niger Delta Onshore,5/29/2024,2683,8150,12.5,2,Active
WELL_007,Delta-G-07,Niger Delta Offshore,5/30/2024,2685,8174,12.55,1,Active
WELL_007,Delta-G-07,Niger Delta Offshore,5/31/2024,1852,5493,12.57,6,Maintenance
WELL_007,Delta-G-07,Niger Delta Onshore,6/1/2024,1823,5539,12.6,4,Maintenance
WELL_007,Delta-G-07,Niger Delta Onshore,6/2/2024,2711,8099,12.63,2,Active
WELL_007,Delta-G-07,Niger Delta Offshore,6/3/2024,1890,5563,12.64,9,Maintenance
WELL_007,Delta-G-07,Niger Delta Onshore,6/4/2024,1808,5476,12.65,9,Maintenance
WELL_007,Delta-G-07,Niger Delta Onshore,6/5/2024,2713,8184,12.69,3,Active
WELL_007,Delta-G-07,Niger Delta Offshore,6/6/2024,2655,8148,12.7,0,Active
WELL_007,Delta-G-07,Niger Delta Offshore,6/7/2024,2727,8023,12.72,2,Active
WELL_007,Delta-G-07,Niger Delta Offshore,6/8/2024,2661,8036,12.76,3,Active
WELL_007,Delta-G-07,Niger Delta Onshore,6/9/2024,2716,8162,12.79,0,Active
WELL_007,Delta-G-07,Niger Delta Offshore,6/10/2024,2670,8171,12.82,3,Active
WELL_007,Delta-G-07,Niger Delta Offshore,6/11/2024,2647,8030,12.83,2,Active
WELL_007,Delta-G-07,Niger Delta Offshore,6/12/2024,2713,8166,12.87,1,Active
WELL_007,Delta-G-07,Niger Delta Onshore,6/13/2024,2646,8030,12.88,0,Active
WELL_007,Delta-G-07,Niger Delta Offshore,6/14/2024,497,1195,12.92,23,Failed
WELL_007,Delta-G-07,Niger Delta Offshore,6/15/2024,2651,7982,12.96,0,Active
WELL_007,Delta-G-07,Niger Delta Onshore,6/16/2024,658,294,12.99,11,Failed
WELL_007,Delta-G-07,Niger Delta Offshore,6/17/2024,2723,8126,13.02,1,Active
WELL_007,Delta-G-07,Niger Delta Onshore,6/18/2024,1789,5601,13.05,4,Maintenance
WELL_007,Delta-G-07,Niger Delta Offshore,6/19/2024,2732,8152,13.08,1,Active
WELL_007,Delta-G-07,Niger Delta Onshore,6/20/2024,2670,8042,13.12,2,Active
WELL_007,Delta-G-07,Niger Delta Offshore,6/21/2024,2643,8004,13.15,0,Active
WELL_007,Delta-G-07,Niger Delta Onshore,6/22/2024,2710,8046,13.2,2,Active
WELL_007,Delta-G-07,Niger Delta Onshore,6/23/2024,1831,5551,13.22,6,Maintenance
WELL_007,Delta-G-07,Niger Delta Offshore,6/24/2024,2694,8091,13.24,1,Active
WELL_007,Delta-G-07,Niger Delta Onshore,6/25/2024,2725,8011,13.26,1,Active
WELL_007,Delta-G-07,Niger Delta Offshore,6/26/2024,2728,8051,13.29,1,Active
WELL_007,Delta-G-07,Niger Delta Offshore,6/27/2024,637,87,13.33,23,Failed
WELL_007,Delta-G-07,Niger Delta Offshore,6/28/2024,592,1005,13.35,12,Failed
WELL_007,Delta-G-07,Niger Delta Onshore,6/29/2024,407,1217,13.38,23,Failed
WELL_007,Delta-G-07,Niger Delta Offshore,6/30/2024,2638,8142,13.4,0,Active
WELL_007,Delta-G-07,Niger Delta Offshore,7/1/2024,2688,8082,13.44,3,Active
WELL_007,Delta-G-07,Niger Delta Offshore,7/2/2024,2721,7940,13.46,1,Active
WELL_007,Delta-G-07,Niger Delta Offshore,7/3/2024,2682,8066,13.47,1,Active
WELL_007,Delta-G-07,Niger Delta Offshore,7/4/2024,2655,8022,13.52,0,Active
WELL_007,Delta-G-07,Niger Delta Offshore,7/5/2024,517,1732,13.55,17,Failed
WELL_007,Delta-G-07,Niger Delta Onshore,7/6/2024,1787,5413,13.6,8,Maintenance
WELL_007,Delta-G-07,Niger Delta Offshore,7/7/2024,1823,5424,13.61,6,Maintenance
WELL_007,Delta-G-07,Niger Delta Offshore,7/8/2024,1807,5557,13.64,5,Maintenance
WELL_007,Delta-G-07,Niger Delta Onshore,7/9/2024,1858,5492,13.65,4,Maintenance
WELL_007,Delta-G-07,Niger Delta Offshore,7/10/2024,1780,5554,13.68,4,Maintenance
WELL_007,Delta-G-07,Niger Delta Offshore,7/11/2024,2644,7934,13.73,2,Active
WELL_007,Delta-G-07,Niger Delta Onshore,7/12/2024,2681,7953,13.78,1,Active
WELL_007,Delta-G-07,Niger Delta Offshore,7/13/2024,2693,7929,13.82,2,Active
WELL_007,Delta-G-07,Niger Delta Offshore,7/14/2024,1820,5505,13.84,8,Maintenance
WELL_007,Delta-G-07,Niger Delta Offshore,7/15/2024,2680,7979,13.86,3,Active
WELL_007,Delta-G-07,Niger Delta Onshore,7/16/2024,1824,5417,13.88,9,Maintenance
WELL_007,Delta-G-07,Niger Delta Offshore,7/17/2024,2643,8067,13.9,2,Active
WELL_007,Delta-G-07,Niger Delta Offshore,7/18/2024,660,449,13.93,21,Failed
WELL_007,Delta-G-07,Niger Delta Onshore,7/19/2024,2665,8005,13.96,3,Active
WELL_007,Delta-G-07,Niger Delta Offshore,7/20/2024,2690,7949,13.99,0,Active
WELL_007,Delta-G-07,Niger Delta Onshore,7/21/2024,2697,8061,14.01,2,Active
WELL_007,Delta-G-07,Niger Delta Offshore,7/22/2024,2706,7978,14.04,3,Active
WELL_007,Delta-G-07,Niger Delta Offshore,7/23/2024,2675,7955,14.05,2,Active
WELL_007,Delta-G-07,Niger Delta Offshore,7/24/2024,2677,8060,14.08,0,Active
WELL_007,Delta-G-07,Niger Delta Offshore,7/25/2024,2646,7990,14.1,2,Active
WELL_007,Delta-G-07,Niger Delta Onshore,7/26/2024,1858,5388,14.12,9,Maintenance
WELL_007,Delta-G-07,Niger Delta Onshore,7/27/2024,119,1270,14.15,19,Failed
WELL_007,Delta-G-07,Niger Delta Offshore,7/28/2024,1815,5493,14.18,5,Maintenance
WELL_007,Delta-G-07,Niger Delta Onshore,7/29/2024,2603,7923,14.21,0,Active
WELL_007,Delta-G-07,Niger Delta Offshore,7/30/2024,2612,7941,14.23,0,Active
WELL_007,Delta-G-07,Niger Delta Onshore,7/31/2024,754,517,14.26,21,Failed
WELL_007,Delta-G-07,Niger Delta Offshore,8/1/2024,1807,5469,14.3,5,Maintenance
WELL_007,Delta-G-07,Niger Delta Onshore,8/2/2024,2676,7891,14.34,3,Active
WELL_007,Delta-G-07,Niger Delta Onshore,8/3/2024,2678,8039,14.37,0,Active
WELL_007,Delta-G-07,Niger Delta Onshore,8/4/2024,2655,8065,14.4,2,Active
WELL_007,Delta-G-07,Niger Delta Onshore,8/5/2024,2646,8068,14.44,2,Active
WELL_007,Delta-G-07,Niger Delta Onshore,8/6/2024,2662,7871,14.47,3,Active
WELL_007,Delta-G-07,Niger Delta Onshore,8/7/2024,1813,5535,14.5,6,Maintenance
WELL_007,Delta-G-07,Niger Delta Onshore,8/8/2024,2643,7934,14.54,3,Active
WELL_007,Delta-G-07,Niger Delta Offshore,8/9/2024,2646,7975,14.56,0,Active
WELL_007,Delta-G-07,Niger Delta Offshore,8/10/2024,2607,7975,14.6,0,Active
WELL_007,Delta-G-07,Niger Delta Onshore,8/11/2024,2622,7896,14.61,3,Active
WELL_007,Delta-G-07,Niger Delta Offshore,8/12/2024,2677,7873,14.63,1,Active
WELL_007,Delta-G-07,Niger Delta Offshore,8/13/2024,39,2282,14.66,16,Failed
WELL_007,Delta-G-07,Niger Delta Offshore,8/14/2024,2666,7912,14.68,1,Active
WELL_007,Delta-G-07,Niger Delta Onshore,8/15/2024,2618,8048,14.72,0,Active
WELL_007,Delta-G-07,Niger Delta Offshore,8/16/2024,2637,8048,14.74,3,Active
WELL_007,Delta-G-07,Niger Delta Onshore,8/17/2024,666,571,14.75,12,Failed
WELL_007,Delta-G-07,Niger Delta Onshore,8/18/2024,637,40,14.79,10,Failed
WELL_007,Delta-G-07,Niger Delta Offshore,8/19/2024,2608,7876,14.83,1,Active
WELL_007,Delta-G-07,Niger Delta Onshore,8/20/2024,2616,8002,14.85,3,Active
WELL_007,Delta-G-07,Niger Delta Onshore,8/21/2024,708,580,14.86,20,Failed
WELL_007,Delta-G-07,Niger Delta Onshore,8/22/2024,2645,8033,14.9,1,Active
WELL_007,Delta-G-07,Niger Delta Onshore,8/23/2024,2679,7896,14.91,1,Active
WELL_007,Delta-G-07,Niger Delta Onshore,8/24/2024,2669,7881,14.96,2,Active
WELL_007,Delta-G-07,Niger Delta Offshore,8/25/2024,134,1106,15,18,Failed
WELL_007,Delta-G-07,Niger Delta Offshore,8/26/2024,2656,7832,15.01,0,Active
WELL_007,Delta-G-07,Niger Delta Offshore,8/27/2024,2645,8019,15.02,3,Active
WELL_007,Delta-G-07,Niger Delta Offshore,8/28/2024,2586,7837,15.07,1,Active
WELL_007,Delta-G-07,Niger Delta Onshore,8/29/2024,2627,7974,15.09,2,Active
WELL_007,Delta-G-07,Niger Delta Offshore,8/30/2024,86,990,15.13,15,Failed
WELL_007,Delta-G-07,Niger Delta Offshore,8/31/2024,110,2025,15.15,14,Failed
WELL_007,Delta-G-07,Niger Delta Onshore,9/1/2024,2583,7840,15.2,2,Active
WELL_007,Delta-G-07,Niger Delta Onshore,9/2/2024,797,1185,15.24,19,Failed
WELL_007,Delta-G-07,Niger Delta Offshore,9/3/2024,2611,7969,15.27,2,Active
WELL_007,Delta-G-07,Niger Delta Offshore,9/4/2024,2602,7878,15.3,0,Active
WELL_007,Delta-G-07,Niger Delta Onshore,9/5/2024,2654,7979,15.32,0,Active
WELL_007,Delta-G-07,Niger Delta Offshore,9/6/2024,2643,7995,15.36,1,Active
WELL_007,Delta-G-07,Niger Delta Offshore,9/7/2024,2667,7958,15.39,0,Active
WELL_007,Delta-G-07,Niger Delta Onshore,9/8/2024,2642,7998,15.42,2,Active
WELL_007,Delta-G-07,Niger Delta Offshore,9/9/2024,2591,7966,15.43,0,Active
WELL_007,Delta-G-07,Niger Delta Onshore,9/10/2024,2612,7896,15.46,3,Active
WELL_007,Delta-G-07,Niger Delta Onshore,9/11/2024,2581,7818,15.5,1,Active
WELL_007,Delta-G-07,Niger Delta Offshore,9/12/2024,2616,7855,15.53,2,Active
WELL_007,Delta-G-07,Niger Delta Onshore,9/13/2024,2624,7881,15.55,0,Active
WELL_007,Delta-G-07,Niger Delta Onshore,9/14/2024,1814,5437,15.57,9,Maintenance
WELL_007,Delta-G-07,Niger Delta Offshore,9/15/2024,2651,7839,15.61,0,Active
WELL_007,Delta-G-07,Niger Delta Offshore,9/16/2024,2582,7933,15.65,2,Active
WELL_007,Delta-G-07,Niger Delta Offshore,9/17/2024,2609,7875,15.66,3,Active
WELL_007,Delta-G-07,Niger Delta Onshore,9/18/2024,2629,7892,15.67,0,Active
WELL_007,Delta-G-07,Niger Delta Offshore,9/19/2024,2648,7831,15.7,3,Active
WELL_007,Delta-G-07,Niger Delta Offshore,9/20/2024,2570,7791,15.74,2,Active
WELL_007,Delta-G-07,Niger Delta Offshore,9/21/2024,2560,7855,15.76,3,Active
WELL_007,Delta-G-07,Niger Delta Onshore,9/22/2024,2632,7906,15.8,3,Active
WELL_007,Delta-G-07,Niger Delta Onshore,9/23/2024,2567,7944,15.82,2,Active
WELL_007,Delta-G-07,Niger Delta Offshore,9/24/2024,1731,5413,15.83,7,Maintenance
WELL_007,Delta-G-07,Niger Delta Onshore,9/25/2024,2600,7843,15.84,2,Active
WELL_007,Delta-G-07,Niger Delta Onshore,9/26/2024,2597,7926,15.87,0,Active
WELL_007,Delta-G-07,Niger Delta Offshore,9/27/2024,2577,7929,15.91,3,Active
WELL_007,Delta-G-07,Niger Delta Offshore,9/28/2024,2590,7895,15.95,2,Active
WELL_007,Delta-G-07,Niger Delta Onshore,9/29/2024,2569,7833,15.99,1,Active
WELL_007,Delta-G-07,Niger Delta Offshore,9/30/2024,2645,7839,16.01,3,Active
WELL_007,Delta-G-07,Niger Delta Onshore,10/1/2024,2618,7891,16.04,1,Active
WELL_007,Delta-G-07,Niger Delta Onshore,10/2/2024,2630,7838,16.05,1,Active
WELL_007,Delta-G-07,Niger Delta Onshore,10/3/2024,2605,7784,16.06,0,Active
WELL_007,Delta-G-07,Niger Delta Onshore,10/4/2024,2635,7883,16.09,0,Active
WELL_007,Delta-G-07,Niger Delta Onshore,10/5/2024,1799,5290,16.1,6,Maintenance
WELL_007,Delta-G-07,Niger Delta Offshore,10/6/2024,2580,7892,16.14,0,Active
WELL_007,Delta-G-07,Niger Delta Offshore,10/7/2024,2603,7883,16.17,2,Active
WELL_007,Delta-G-07,Niger Delta Offshore,10/8/2024,2621,7907,16.21,2,Active
WELL_007,Delta-G-07,Niger Delta Onshore,10/9/2024,1788,5234,16.23,7,Maintenance
WELL_007,Delta-G-07,Niger Delta Offshore,10/10/2024,2550,7924,16.28,3,Active
WELL_007,Delta-G-07,Niger Delta Onshore,10/11/2024,2572,7875,16.31,1,Active
WELL_007,Delta-G-07,Niger Delta Onshore,10/12/2024,1715,5262,16.32,7,Maintenance
WELL_007,Delta-G-07,Niger Delta Onshore,10/13/2024,2577,7904,16.36,1,Active
WELL_007,Delta-G-07,Niger Delta Onshore,10/14/2024,2640,7828,16.4,0,Active
WELL_007,Delta-G-07,Niger Delta Onshore,10/15/2024,2556,7869,16.44,2,Active
WELL_007,Delta-G-07,Niger Delta Offshore,10/16/2024,2550,7841,16.47,1,Active
WELL_007,Delta-G-07,Niger Delta Offshore,10/17/2024,2595,7780,16.52,0,Active
WELL_007,Delta-G-07,Niger Delta Offshore,10/18/2024,2556,7897,16.55,3,Active
WELL_007,Delta-G-07,Niger Delta Offshore,10/19/2024,2556,7746,16.59,2,Active
WELL_007,Delta-G-07,Niger Delta Onshore,10/20/2024,2590,7882,16.63,3,Active
WELL_007,Delta-G-07,Niger Delta Offshore,10/21/2024,2568,7830,16.64,2,Active
WELL_007,Delta-G-07,Niger Delta Offshore,10/22/2024,2575,7746,16.66,0,Active
WELL_007,Delta-G-07,Niger Delta Offshore,10/23/2024,2616,7883,16.7,0,Active
WELL_007,Delta-G-07,Niger Delta Offshore,10/24/2024,1725,5324,16.72,9,Maintenance
WELL_007,Delta-G-07,Niger Delta Offshore,10/25/2024,1758,5350,16.74,7,Maintenance
WELL_007,Delta-G-07,Niger Delta Offshore,10/26/2024,2592,7778,16.77,2,Active
WELL_007,Delta-G-07,Niger Delta Offshore,10/27/2024,2588,7858,16.8,2,Active
WELL_007,Delta-G-07,Niger Delta Onshore,10/28/2024,1752,5319,16.81,7,Maintenance
WELL_007,Delta-G-07,Niger Delta Onshore,10/29/2024,2615,7840,16.84,3,Active
WELL_007,Delta-G-07,Niger Delta Offshore,10/30/2024,2534,7776,16.89,2,Active
WELL_007,Delta-G-07,Niger Delta Onshore,10/31/2024,2548,7838,16.91,3,Active
WELL_007,Delta-G-07,Niger Delta Offshore,11/1/2024,2540,7806,16.94,3,Active
WELL_007,Delta-G-07,Niger Delta Onshore,11/2/2024,2593,7808,16.95,0,Active
WELL_007,Delta-G-07,Niger Delta Onshore,11/3/2024,2622,7779,16.98,1,Active
WELL_007,Delta-G-07,Niger Delta Onshore,11/4/2024,1740,5266,16.99,4,Maintenance
WELL_007,Delta-G-07,Niger Delta Offshore,11/5/2024,2523,7829,17,1,Active
WELL_007,Delta-G-07,Niger Delta Onshore,11/6/2024,1742,5340,17.05,8,Maintenance
WELL_007,Delta-G-07,Niger Delta Offshore,11/7/2024,2578,7769,17.07,1,Active
WELL_007,Delta-G-07,Niger Delta Offshore,11/8/2024,2600,7881,17.11,0,Active
WELL_007,Delta-G-07,Niger Delta Offshore,11/9/2024,2550,7816,17.14,0,Active
WELL_007,Delta-G-07,Niger Delta Onshore,11/10/2024,2605,7688,17.18,3,Active
WELL_007,Delta-G-07,Niger Delta Offshore,11/11/2024,2592,7699,17.2,1,Active
WELL_007,Delta-G-07,Niger Delta Offshore,11/12/2024,2546,7837,17.25,1,Active
WELL_007,Delta-G-07,Niger Delta Offshore,11/13/2024,1694,5331,17.28,8,Maintenance
WELL_007,Delta-G-07,Niger Delta Onshore,11/14/2024,2516,7864,17.33,0,Active
WELL_007,Delta-G-07,Niger Delta Onshore,11/15/2024,2522,7745,17.35,3,Active
WELL_007,Delta-G-07,Niger Delta Offshore,11/16/2024,2570,7753,17.38,2,Active
WELL_007,Delta-G-07,Niger Delta Onshore,11/17/2024,2574,7807,17.4,2,Active
WELL_007,Delta-G-07,Niger Delta Onshore,11/18/2024,1749,5307,17.44,6,Maintenance
WELL_007,Delta-G-07,Niger Delta Onshore,11/19/2024,203,1593,17.45,21,Failed
WELL_007,Delta-G-07,Niger Delta Offshore,11/20/2024,1718,5182,17.48,7,Maintenance
WELL_007,Delta-G-07,Niger Delta Offshore,11/21/2024,1716,5293,17.52,7,Maintenance
WELL_007,Delta-G-07,Niger Delta Onshore,11/22/2024,2547,7811,17.55,0,Active
WELL_007,Delta-G-07,Niger Delta Offshore,11/23/2024,1721,5277,17.58,6,Maintenance
WELL_007,Delta-G-07,Niger Delta Offshore,11/24/2024,679,2310,17.59,16,Failed
WELL_007,Delta-G-07,Niger Delta Offshore,11/25/2024,1667,5136,17.64,4,Maintenance
WELL_007,Delta-G-07,Niger Delta Offshore,11/26/2024,2546,7696,17.68,1,Active
WELL_007,Delta-G-07,Niger Delta Offshore,11/27/2024,2525,7732,17.7,2,Active
WELL_007,Delta-G-07,Niger Delta Onshore,11/28/2024,51,2159,17.72,22,Failed
WELL_007,Delta-G-07,Niger Delta Offshore,11/29/2024,2565,7641,17.76,0,Active
WELL_007,Delta-G-07,Niger Delta Offshore,11/30/2024,2584,7677,17.79,2,Active
WELL_007,Delta-G-07,Niger Delta Onshore,12/1/2024,2566,7775,17.81,2,Active
WELL_007,Delta-G-07,Niger Delta Offshore,12/2/2024,2552,7745,17.85,3,Active
WELL_007,Delta-G-07,Niger Delta Offshore,12/3/2024,1664,5244,17.89,6,Maintenance
WELL_007,Delta-G-07,Niger Delta Onshore,12/4/2024,2545,7719,17.92,1,Active
WELL_007,Delta-G-07,Niger Delta Onshore,12/5/2024,2549,7793,17.95,0,Active
WELL_007,Delta-G-07,Niger Delta Onshore,12/6/2024,2552,7792,17.96,1,Active
WELL_007,Delta-G-07,Niger Delta Onshore,12/7/2024,2545,7654,17.99,0,Active
WELL_007,Delta-G-07,Niger Delta Offshore,12/8/2024,2547,7634,18.01,1,Active
WELL_007,Delta-G-07,Niger Delta Offshore,12/9/2024,1703,5198,18.06,8,Maintenance
WELL_007,Delta-G-07,Niger Delta Onshore,12/10/2024,2513,7791,18.07,2,Active
WELL_007,Delta-G-07,Niger Delta Offshore,12/11/2024,2521,7766,18.12,1,Active
WELL_007,Delta-G-07,Niger Delta Offshore,12/12/2024,2498,7750,18.15,1,Active
WELL_007,Delta-G-07,Niger Delta Offshore,12/13/2024,1718,5187,18.16,9,Maintenance
WELL_007,Delta-G-07,Niger Delta Onshore,12/14/2024,2507,7742,18.19,2,Active
WELL_007,Delta-G-07,Niger Delta Onshore,12/15/2024,21,973,18.23,23,Failed
WELL_007,Delta-G-07,Niger Delta Offshore,12/16/2024,2560,7793,18.26,3,Active
WELL_007,Delta-G-07,Niger Delta Offshore,12/17/2024,2504,7768,18.28,1,Active
WELL_007,Delta-G-07,Niger Delta Onshore,12/18/2024,1740,5190,18.3,4,Maintenance
WELL_007,Delta-G-07,Niger Delta Offshore,12/19/2024,740,1848,18.35,18,Failed
WELL_007,Delta-G-07,Niger Delta Offshore,12/20/2024,2532,7785,18.39,0,Active
WELL_007,Delta-G-07,Niger Delta Offshore,12/21/2024,2495,7664,18.41,2,Active
WELL_007,Delta-G-07,Niger Delta Onshore,12/22/2024,303,623,18.44,13,Failed
WELL_007,Delta-G-07,Niger Delta Onshore,12/23/2024,2515,7720,18.47,0,Active
WELL_007,Delta-G-07,Niger Delta Onshore,12/24/2024,2545,7724,18.5,0,Active
WELL_007,Delta-G-07,Niger Delta Offshore,12/25/2024,688,2021,18.51,18,Failed
WELL_007,Delta-G-07,Niger Delta Onshore,12/26/2024,2574,7660,18.54,3,Active
WELL_007,Delta-G-07,Niger Delta Onshore,12/27/2024,661,1802,18.57,14,Failed
WELL_007,Delta-G-07,Niger Delta Offshore,12/28/2024,2541,7648,18.59,1,Active
WELL_007,Delta-G-07,Niger Delta Offshore,12/29/2024,2564,7714,18.61,0,Active
WELL_007,Delta-G-07,Niger Delta Onshore,12/30/2024,2553,7770,18.64,0,Active
WELL_007,Delta-G-07,Niger Delta Offshore,12/31/2024,2519,7748,18.66,1,Active
WELL_007,Delta-G-07,Niger Delta Onshore,1/1/2025,2525,7707,18.69,1,Active
WELL_007,Delta-G-07,Niger Delta Onshore,1/2/2025,2535,7641,18.7,1,Active
WELL_007,Delta-G-07,Niger Delta Offshore,1/3/2025,2509,7678,18.74,0,Active
WELL_007,Delta-G-07,Niger Delta Onshore,1/4/2025,2518,7685,18.77,1,Active
WELL_007,Delta-G-07,Niger Delta Onshore,1/5/2025,2498,7660,18.8,0,Active
WELL_007,Delta-G-07,Niger Delta Onshore,1/6/2025,2571,7703,18.84,3,Active
WELL_007,Delta-G-07,Niger Delta Offshore,1/7/2025,1691,5149,18.88,9,Maintenance
WELL_007,Delta-G-07,Niger Delta Onshore,1/8/2025,2563,7709,18.89,1,Active
WELL_007,Delta-G-07,Niger Delta Offshore,1/9/2025,2497,7703,18.91,0,Active
WELL_007,Delta-G-07,Niger Delta Offshore,1/10/2025,2556,7572,18.92,2,Active
WELL_007,Delta-G-07,Niger Delta Onshore,1/11/2025,2475,7667,18.97,0,Active
WELL_007,Delta-G-07,Niger Delta Onshore,1/12/2025,374,1627,19,19,Failed
WELL_007,Delta-G-07,Niger Delta Offshore,1/13/2025,1680,5176,19.03,5,Maintenance
WELL_007,Delta-G-07,Niger Delta Onshore,1/14/2025,224,851,19.08,12,Failed
WELL_007,Delta-G-07,Niger Delta Onshore,1/15/2025,2497,7609,19.11,2,Active
WELL_007,Delta-G-07,Niger Delta Offshore,1/16/2025,2472,7655,19.13,2,Active
WELL_007,Delta-G-07,Niger Delta Onshore,1/17/2025,2524,7593,19.18,3,Active
WELL_007,Delta-G-07,Niger Delta Onshore,1/18/2025,327,463,19.21,22,Failed
WELL_007,Delta-G-07,Niger Delta Onshore,1/19/2025,2493,7614,19.25,0,Active
WELL_007,Delta-G-07,Niger Delta Onshore,1/20/2025,2524,7656,19.26,3,Active
WELL_007,Delta-G-07,Niger Delta Offshore,1/21/2025,2499,7625,19.3,3,Active
WELL_007,Delta-G-07,Niger Delta Onshore,1/22/2025,2536,7659,19.32,1,Active
WELL_007,Delta-G-07,Niger Delta Onshore,1/23/2025,2551,7671,19.36,2,Active
WELL_007,Delta-G-07,Niger Delta Offshore,1/24/2025,1663,5117,19.41,5,Maintenance
WELL_007,Delta-G-07,Niger Delta Offshore,1/25/2025,2465,7615,19.44,0,Active
WELL_007,Delta-G-07,Niger Delta Offshore,1/26/2025,2473,7673,19.46,3,Active
WELL_007,Delta-G-07,Niger Delta Onshore,1/27/2025,2534,7537,19.48,0,Active
WELL_007,Delta-G-07,Niger Delta Offshore,1/28/2025,2499,7656,19.52,3,Active
WELL_007,Delta-G-07,Niger Delta Offshore,1/29/2025,2524,7629,19.53,2,Active
WELL_007,Delta-G-07,Niger Delta Offshore,1/30/2025,542,321,19.56,12,Failed
WELL_007,Delta-G-07,Niger Delta Offshore,1/31/2025,2518,7627,19.57,0,Active
WELL_007,Delta-G-07,Niger Delta Offshore,2/1/2025,2488,7640,19.62,3,Active
WELL_007,Delta-G-07,Niger Delta Offshore,2/2/2025,2452,7584,19.63,1,Active
WELL_007,Delta-G-07,Niger Delta Onshore,2/3/2025,170,2453,19.67,16,Failed
WELL_007,Delta-G-07,Niger Delta Onshore,2/4/2025,1622,5045,19.72,6,Maintenance
WELL_007,Delta-G-07,Niger Delta Onshore,2/5/2025,1674,5059,19.73,8,Maintenance
WELL_007,Delta-G-07,Niger Delta Offshore,2/6/2025,2544,7573,19.78,1,Active
WELL_007,Delta-G-07,Niger Delta Onshore,2/7/2025,2541,7568,19.82,0,Active
WELL_007,Delta-G-07,Niger Delta Offshore,2/8/2025,2521,7651,19.86,0,Active
WELL_007,Delta-G-07,Niger Delta Offshore,2/9/2025,2491,7506,19.89,0,Active
WELL_007,Delta-G-07,Niger Delta Offshore,2/10/2025,2526,7525,19.94,1,Active
WELL_007,Delta-G-07,Niger Delta Offshore,2/11/2025,2473,7539,19.96,2,Active
WELL_007,Delta-G-07,Niger Delta Onshore,2/12/2025,2515,7518,20,0,Active
WELL_007,Delta-G-07,Niger Delta Offshore,2/13/2025,2509,7581,20.03,1,Active
WELL_007,Delta-G-07,Niger Delta Onshore,2/14/2025,2451,7679,20.05,0,Active
WELL_007,Delta-G-07,Niger Delta Offshore,2/15/2025,2537,7602,20.07,3,Active
WELL_007,Delta-G-07,Niger Delta Offshore,2/16/2025,2456,7502,20.11,0,Active
WELL_007,Delta-G-07,Niger Delta Offshore,2/17/2025,2494,7498,20.13,3,Active
WELL_007,Delta-G-07,Niger Delta Offshore,2/18/2025,2468,7533,20.16,0,Active
WELL_007,Delta-G-07,Niger Delta Offshore,2/19/2025,2508,7603,20.19,3,Active
WELL_007,Delta-G-07,Niger Delta Onshore,2/20/2025,1613,5028,20.22,8,Maintenance
WELL_007,Delta-G-07,Niger Delta Onshore,2/21/2025,2488,7493,20.27,2,Active
WELL_007,Delta-G-07,Niger Delta Offshore,2/22/2025,2530,7578,20.3,1,Active
WELL_007,Delta-G-07,Niger Delta Offshore,2/23/2025,1661,5008,20.33,9,Maintenance
WELL_007,Delta-G-07,Niger Delta Onshore,2/24/2025,539,1537,20.34,18,Failed
WELL_007,Delta-G-07,Niger Delta Onshore,2/25/2025,370,1640,20.37,22,Failed
WELL_007,Delta-G-07,Niger Delta Onshore,2/26/2025,2518,7599,20.41,3,Active
WELL_007,Delta-G-07,Niger Delta Offshore,2/27/2025,264,332,20.44,20,Failed
WELL_007,Delta-G-07,Niger Delta Onshore,2/28/2025,2498,7478,20.47,2,Active
WELL_007,Delta-G-07,Niger Delta Offshore,3/1/2025,2517,7486,20.51,1,Active
WELL_007,Delta-G-07,Niger Delta Onshore,3/2/2025,2457,7599,20.53,2,Active
WELL_007,Delta-G-07,Niger Delta Offshore,3/3/2025,2524,7624,20.56,0,Active
WELL_007,Delta-G-07,Niger Delta Offshore,3/4/2025,2438,7536,20.58,1,Active
WELL_007,Delta-G-07,Niger Delta Onshore,3/5/2025,2454,7615,20.6,3,Active
WELL_007,Delta-G-07,Niger Delta Offshore,3/6/2025,2518,7566,20.61,3,Active
WELL_007,Delta-G-07,Niger Delta Offshore,3/7/2025,1614,4983,20.63,4,Maintenance
WELL_007,Delta-G-07,Niger Delta Offshore,3/8/2025,2497,7510,20.67,1,Active
WELL_007,Delta-G-07,Niger Delta Onshore,3/9/2025,2430,7587,20.7,2,Active
WELL_007,Delta-G-07,Niger Delta Offshore,3/10/2025,186,1473,20.72,12,Failed
WELL_007,Delta-G-07,Niger Delta Offshore,3/11/2025,2474,7442,20.76,3,Active
WELL_007,Delta-G-07,Niger Delta Onshore,3/12/2025,2437,7628,20.79,0,Active
WELL_007,Delta-G-07,Niger Delta Offshore,3/13/2025,2484,7481,20.82,0,Active
WELL_007,Delta-G-07,Niger Delta Onshore,3/14/2025,2424,7574,20.83,1,Active
WELL_007,Delta-G-07,Niger Delta Onshore,3/15/2025,2499,7590,20.86,2,Active
WELL_007,Delta-G-07,Niger Delta Offshore,3/16/2025,2428,7571,20.88,0,Active
WELL_007,Delta-G-07,Niger Delta Onshore,3/17/2025,2447,7442,20.92,2,Active
WELL_007,Delta-G-07,Niger Delta Onshore,3/18/2025,2442,7449,20.96,0,Active
WELL_007,Delta-G-07,Niger Delta Offshore,3/19/2025,2435,7439,21.01,0,Active
WELL_007,Delta-G-07,Niger Delta Offshore,3/20/2025,2439,7570,21.03,0,Active
WELL_007,Delta-G-07,Niger Delta Onshore,3/21/2025,2440,7494,21.04,3,Active
WELL_007,Delta-G-07,Niger Delta Offshore,3/22/2025,2465,7540,21.06,2,Active
WELL_007,Delta-G-07,Niger Delta Offshore,3/23/2025,2456,7507,21.08,3,Active
WELL_007,Delta-G-07,Niger Delta Offshore,3/24/2025,2429,7550,21.09,1,Active
WELL_007,Delta-G-07,Niger Delta Onshore,3/25/2025,2503,7507,21.1,3,Active
WELL_007,Delta-G-07,Niger Delta Offshore,3/26/2025,2444,7581,21.14,1,Active
WELL_007,Delta-G-07,Niger Delta Onshore,3/27/2025,2493,7493,21.17,3,Active
WELL_007,Delta-G-07,Niger Delta Offshore,3/28/2025,417,608,21.21,16,Failed
WELL_007,Delta-G-07,Niger Delta Onshore,3/29/2025,2484,7507,21.25,0,Active
WELL_007,Delta-G-07,Niger Delta Onshore,3/30/2025,2414,7475,21.28,2,Active
WELL_007,Delta-G-07,Niger Delta Onshore,3/31/2025,605,477,21.3,15,Failed
WELL_007,Delta-G-07,Niger Delta Offshore,4/1/2025,2463,7535,21.33,0,Active
WELL_007,Delta-G-07,Niger Delta Onshore,4/2/2025,2422,7445,21.37,1,Active
WELL_007,Delta-G-07,Niger Delta Onshore,4/3/2025,2407,7444,21.39,3,Active
WELL_007,Delta-G-07,Niger Delta Offshore,4/4/2025,19,1312,21.4,15,Failed
WELL_007,Delta-G-07,Niger Delta Offshore,4/5/2025,2479,7549,21.41,2,Active
WELL_007,Delta-G-07,Niger Delta Onshore,4/6/2025,1560,4885,21.43,8,Maintenance
WELL_007,Delta-G-07,Niger Delta Offshore,4/7/2025,1630,4937,21.45,9,Maintenance
WELL_007,Delta-G-07,Niger Delta Onshore,4/8/2025,1645,5025,21.48,6,Maintenance
WELL_007,Delta-G-07,Niger Delta Offshore,4/9/2025,2431,7548,21.52,2,Active
WELL_007,Delta-G-07,Niger Delta Offshore,4/10/2025,220,1927,21.54,10,Failed
WELL_007,Delta-G-07,Niger Delta Onshore,4/11/2025,1563,4864,21.58,5,Maintenance
WELL_007,Delta-G-07,Niger Delta Onshore,4/12/2025,2417,7553,21.63,1,Active
WELL_007,Delta-G-07,Niger Delta Onshore,4/13/2025,2471,7442,21.67,2,Active
WELL_007,Delta-G-07,Niger Delta Offshore,4/14/2025,1637,4974,21.7,4,Maintenance
WELL_007,Delta-G-07,Niger Delta Offshore,4/15/2025,2395,7531,21.75,1,Active
WELL_007,Delta-G-07,Niger Delta Onshore,4/16/2025,2467,7417,21.77,3,Active
WELL_007,Delta-G-07,Niger Delta Offshore,4/17/2025,2408,7374,21.82,0,Active
WELL_007,Delta-G-07,Niger Delta Offshore,4/18/2025,2423,7426,21.84,1,Active
WELL_007,Delta-G-07,Niger Delta Offshore,4/19/2025,2439,7390,21.87,0,Active
WELL_007,Delta-G-07,Niger Delta Onshore,4/20/2025,142,1888,21.91,21,Failed
WELL_007,Delta-G-07,Niger Delta Offshore,4/21/2025,2422,7394,21.95,2,Active
WELL_007,Delta-G-07,Niger Delta Offshore,4/22/2025,1640,4975,21.97,4,Maintenance
WELL_007,Delta-G-07,Niger Delta Onshore,4/23/2025,1635,5023,21.99,5,Maintenance
WELL_007,Delta-G-07,Niger Delta Offshore,4/24/2025,444,2186,22.01,14,Failed
WELL_007,Delta-G-07,Niger Delta Onshore,4/25/2025,2394,7522,22.04,0,Active
WELL_007,Delta-G-07,Niger Delta Onshore,4/26/2025,1540,4876,22.05,6,Maintenance
WELL_007,Delta-G-07,Niger Delta Onshore,4/27/2025,2470,7376,22.08,2,Active
WELL_007,Delta-G-07,Niger Delta Onshore,4/28/2025,2403,7510,22.11,2,Active
WELL_007,Delta-G-07,Niger Delta Offshore,4/29/2025,2403,7388,22.15,3,Active
WELL_007,Delta-G-07,Niger Delta Offshore,4/30/2025,2398,7402,22.2,3,Active
WELL_007,Delta-G-07,Niger Delta Offshore,5/1/2025,2388,7421,22.23,0,Active
WELL_007,Delta-G-07,Niger Delta Onshore,5/2/2025,2412,7504,22.27,1,Active
WELL_007,Delta-G-07,Niger Delta Onshore,5/3/2025,2450,7525,22.3,0,Active
WELL_007,Delta-G-07,Niger Delta Offshore,5/4/2025,2433,7465,22.33,3,Active
WELL_007,Delta-G-07,Niger Delta Onshore,5/5/2025,2394,7490,22.38,1,Active
WELL_007,Delta-G-07,Niger Delta Offshore,5/6/2025,2461,7435,22.42,3,Active
WELL_007,Delta-G-07,Niger Delta Onshore,5/7/2025,2476,7519,22.45,3,Active
WELL_007,Delta-G-07,Niger Delta Offshore,5/8/2025,2398,7354,22.47,3,Active
WELL_007,Delta-G-07,Niger Delta Offshore,5/9/2025,2462,7332,22.51,0,Active
WELL_007,Delta-G-07,Niger Delta Onshore,5/10/2025,2445,7401,22.54,3,Active
WELL_007,Delta-G-07,Niger Delta Onshore,5/11/2025,2399,7336,22.59,2,Active
WELL_007,Delta-G-07,Niger Delta Onshore,5/12/2025,2400,7475,22.62,3,Active
WELL_007,Delta-G-07,Niger Delta Offshore,5/13/2025,1606,4854,22.65,5,Maintenance
WELL_007,Delta-G-07,Niger Delta Offshore,5/14/2025,2424,7400,22.69,3,Active
WELL_008,Delta-H-08,Niger Delta Offshore,1/1/2024,2408,12455,9.03,1,Active
WELL_008,Delta-H-08,Niger Delta Onshore,1/2/2024,2384,12419,9.08,0,Active
WELL_008,Delta-H-08,Niger Delta Offshore,1/3/2024,1624,8721,9.12,4,Maintenance
WELL_008,Delta-H-08,Niger Delta Offshore,1/4/2024,2407,12307,9.13,2,Active
WELL_008,Delta-H-08,Niger Delta Offshore,1/5/2024,2404,12253,9.17,1,Active
WELL_008,Delta-H-08,Niger Delta Offshore,1/6/2024,2418,12297,9.21,1,Active
WELL_008,Delta-H-08,Niger Delta Onshore,1/7/2024,2366,12393,9.23,3,Active
WELL_008,Delta-H-08,Niger Delta Onshore,1/8/2024,2369,12335,9.27,2,Active
WELL_008,Delta-H-08,Niger Delta Offshore,1/9/2024,2343,12426,9.29,0,Active
WELL_008,Delta-H-08,Niger Delta Offshore,1/10/2024,2333,12399,9.32,1,Active
WELL_008,Delta-H-08,Niger Delta Offshore,1/11/2024,2370,12386,9.33,2,Active
WELL_008,Delta-H-08,Niger Delta Offshore,1/12/2024,1647,8650,9.38,4,Maintenance
WELL_008,Delta-H-08,Niger Delta Offshore,1/13/2024,2330,12357,9.42,2,Active
WELL_008,Delta-H-08,Niger Delta Onshore,1/14/2024,2409,12269,9.46,0,Active
WELL_008,Delta-H-08,Niger Delta Offshore,1/15/2024,2328,12417,9.47,2,Active
WELL_008,Delta-H-08,Niger Delta Onshore,1/16/2024,2339,12332,9.5,2,Active
WELL_008,Delta-H-08,Niger Delta Onshore,1/17/2024,123,3338,9.52,23,Failed
WELL_008,Delta-H-08,Niger Delta Onshore,1/18/2024,1634,8645,9.55,6,Maintenance
WELL_008,Delta-H-08,Niger Delta Onshore,1/19/2024,2372,12291,9.56,3,Active
WELL_008,Delta-H-08,Niger Delta Onshore,1/20/2024,2353,12326,9.6,2,Active
WELL_008,Delta-H-08,Niger Delta Offshore,1/21/2024,2406,12295,9.65,0,Active
WELL_008,Delta-H-08,Niger Delta Offshore,1/22/2024,2342,12270,9.69,0,Active
WELL_008,Delta-H-08,Niger Delta Offshore,1/23/2024,1610,8533,9.73,7,Maintenance
WELL_008,Delta-H-08,Niger Delta Offshore,1/24/2024,70,2649,9.74,18,Failed
WELL_008,Delta-H-08,Niger Delta Onshore,1/25/2024,2399,12227,9.79,1,Active
WELL_008,Delta-H-08,Niger Delta Onshore,1/26/2024,2409,12328,9.83,2,Active
WELL_008,Delta-H-08,Niger Delta Onshore,1/27/2024,633,482,9.86,17,Failed
WELL_008,Delta-H-08,Niger Delta Offshore,1/28/2024,1649,8670,9.88,8,Maintenance
WELL_008,Delta-H-08,Niger Delta Onshore,1/29/2024,2325,12217,9.91,2,Active
WELL_008,Delta-H-08,Niger Delta Offshore,1/30/2024,1675,8600,9.93,5,Maintenance
WELL_008,Delta-H-08,Niger Delta Onshore,1/31/2024,2396,12276,9.97,0,Active
WELL_008,Delta-H-08,Niger Delta Offshore,2/1/2024,218,1338,10.02,11,Failed
WELL_008,Delta-H-08,Niger Delta Onshore,2/2/2024,2312,12257,10.06,2,Active
WELL_008,Delta-H-08,Niger Delta Offshore,2/3/2024,2331,12237,10.07,2,Active
WELL_008,Delta-H-08,Niger Delta Offshore,2/4/2024,2399,12210,10.1,3,Active
WELL_008,Delta-H-08,Niger Delta Offshore,2/5/2024,2316,12371,10.12,2,Active
WELL_008,Delta-H-08,Niger Delta Onshore,2/6/2024,2354,12370,10.14,3,Active
WELL_008,Delta-H-08,Niger Delta Offshore,2/7/2024,106,1450,10.16,22,Failed
WELL_008,Delta-H-08,Niger Delta Onshore,2/8/2024,2303,12332,10.21,1,Active
WELL_008,Delta-H-08,Niger Delta Offshore,2/9/2024,256,3348,10.25,17,Failed
WELL_008,Delta-H-08,Niger Delta Onshore,2/10/2024,1648,8614,10.29,5,Maintenance
WELL_008,Delta-H-08,Niger Delta Onshore,2/11/2024,2329,12288,10.32,0,Active
WELL_008,Delta-H-08,Niger Delta Onshore,2/12/2024,2388,12216,10.34,3,Active
WELL_008,Delta-H-08,Niger Delta Offshore,2/13/2024,2391,12359,10.39,3,Active
WELL_008,Delta-H-08,Niger Delta Onshore,2/14/2024,2313,12334,10.41,0,Active
WELL_008,Delta-H-08,Niger Delta Offshore,2/15/2024,2365,12348,10.42,3,Active
WELL_008,Delta-H-08,Niger Delta Offshore,2/16/2024,1609,8466,10.45,4,Maintenance
WELL_008,Delta-H-08,Niger Delta Offshore,2/17/2024,2378,12183,10.5,2,Active
WELL_008,Delta-H-08,Niger Delta Onshore,2/18/2024,2306,12332,10.52,0,Active
WELL_008,Delta-H-08,Niger Delta Offshore,2/19/2024,2346,12194,10.57,0,Active
WELL_008,Delta-H-08,Niger Delta Offshore,2/20/2024,2302,12226,10.58,1,Active
WELL_008,Delta-H-08,Niger Delta Onshore,2/21/2024,2347,12325,10.6,3,Active
WELL_008,Delta-H-08,Niger Delta Offshore,2/22/2024,2305,12330,10.63,2,Active
WELL_008,Delta-H-08,Niger Delta Offshore,2/23/2024,65,2990,10.64,12,Failed
WELL_008,Delta-H-08,Niger Delta Offshore,2/24/2024,2333,12303,10.67,1,Active
WELL_008,Delta-H-08,Niger Delta Onshore,2/25/2024,2312,12223,10.7,3,Active
WELL_008,Delta-H-08,Niger Delta Offshore,2/26/2024,1630,8568,10.74,7,Maintenance
WELL_008,Delta-H-08,Niger Delta Onshore,2/27/2024,2357,12214,10.75,2,Active
WELL_008,Delta-H-08,Niger Delta Onshore,2/28/2024,2368,12191,10.77,2,Active
WELL_008,Delta-H-08,Niger Delta Offshore,2/29/2024,2382,12279,10.8,0,Active
WELL_008,Delta-H-08,Niger Delta Onshore,3/1/2024,1644,8592,10.82,7,Maintenance
WELL_008,Delta-H-08,Niger Delta Onshore,3/2/2024,2359,12271,10.86,0,Active
WELL_008,Delta-H-08,Niger Delta Offshore,3/3/2024,2331,12284,10.87,1,Active
WELL_008,Delta-H-08,Niger Delta Onshore,3/4/2024,2356,12151,10.92,3,Active
WELL_008,Delta-H-08,Niger Delta Offshore,3/5/2024,2377,12236,10.95,1,Active
WELL_008,Delta-H-08,Niger Delta Offshore,3/6/2024,2314,12131,10.99,2,Active
WELL_008,Delta-H-08,Niger Delta Offshore,3/7/2024,2313,12313,11.03,3,Active
WELL_008,Delta-H-08,Niger Delta Onshore,3/8/2024,2306,12260,11.07,1,Active
WELL_008,Delta-H-08,Niger Delta Onshore,3/9/2024,2286,12206,11.09,1,Active
WELL_008,Delta-H-08,Niger Delta Offshore,3/10/2024,2319,12171,11.11,0,Active
WELL_008,Delta-H-08,Niger Delta Offshore,3/11/2024,2307,12158,11.16,1,Active
WELL_008,Delta-H-08,Niger Delta Offshore,3/12/2024,2364,12249,11.21,3,Active
WELL_008,Delta-H-08,Niger Delta Onshore,3/13/2024,2342,12192,11.25,0,Active
WELL_008,Delta-H-08,Niger Delta Offshore,3/14/2024,2290,12141,11.29,3,Active
WELL_008,Delta-H-08,Niger Delta Offshore,3/15/2024,2319,12277,11.33,3,Active
WELL_008,Delta-H-08,Niger Delta Offshore,3/16/2024,2332,12202,11.38,1,Active
WELL_008,Delta-H-08,Niger Delta Offshore,3/17/2024,2328,12117,11.41,3,Active
WELL_008,Delta-H-08,Niger Delta Onshore,3/18/2024,2310,12123,11.45,1,Active
WELL_008,Delta-H-08,Niger Delta Onshore,3/19/2024,2274,12123,11.47,0,Active
WELL_008,Delta-H-08,Niger Delta Offshore,3/20/2024,2292,12286,11.51,3,Active
WELL_008,Delta-H-08,Niger Delta Onshore,3/21/2024,192,2512,11.56,11,Failed
WELL_008,Delta-H-08,Niger Delta Offshore,3/22/2024,2306,12141,11.57,1,Active
WELL_008,Delta-H-08,Niger Delta Onshore,3/23/2024,2319,12293,11.6,2,Active
WELL_008,Delta-H-08,Niger Delta Onshore,3/24/2024,2316,12150,11.63,3,Active
WELL_008,Delta-H-08,Niger Delta Offshore,3/25/2024,2273,12197,11.64,1,Active
WELL_008,Delta-H-08,Niger Delta Onshore,3/26/2024,2337,12220,11.67,2,Active
WELL_008,Delta-H-08,Niger Delta Onshore,3/27/2024,2326,12206,11.7,3,Active
WELL_008,Delta-H-08,Niger Delta Onshore,3/28/2024,2308,12138,11.73,2,Active
WELL_008,Delta-H-08,Niger Delta Offshore,3/29/2024,402,3138,11.78,18,Failed
WELL_008,Delta-H-08,Niger Delta Offshore,3/30/2024,2279,12221,11.8,3,Active
WELL_008,Delta-H-08,Niger Delta Onshore,3/31/2024,1601,8459,11.84,9,Maintenance
WELL_008,Delta-H-08,Niger Delta Offshore,4/1/2024,2271,12190,11.86,3,Active
WELL_008,Delta-H-08,Niger Delta Onshore,4/2/2024,2295,12200,11.89,2,Active
WELL_008,Delta-H-08,Niger Delta Onshore,4/3/2024,1596,8447,11.94,6,Maintenance
WELL_008,Delta-H-08,Niger Delta Offshore,4/4/2024,2320,12214,11.97,3,Active
WELL_008,Delta-H-08,Niger Delta Offshore,4/5/2024,1589,8381,11.98,7,Maintenance
WELL_008,Delta-H-08,Niger Delta Offshore,4/6/2024,2292,12200,12.02,3,Active
WELL_008,Delta-H-08,Niger Delta Offshore,4/7/2024,45,1191,12.04,19,Failed
WELL_008,Delta-H-08,Niger Delta Onshore,4/8/2024,2289,12192,12.08,2,Active
WELL_008,Delta-H-08,Niger Delta Onshore,4/9/2024,2319,12247,12.11,2,Active
WELL_008,Delta-H-08,Niger Delta Onshore,4/10/2024,1611,8416,12.15,4,Maintenance
WELL_008,Delta-H-08,Niger Delta Onshore,4/11/2024,182,2438,12.19,13,Failed
WELL_008,Delta-H-08,Niger Delta Offshore,4/12/2024,2258,12229,12.24,1,Active
WELL_008,Delta-H-08,Niger Delta Offshore,4/13/2024,2317,12206,12.29,3,Active
WELL_008,Delta-H-08,Niger Delta Onshore,4/14/2024,2272,12162,12.33,3,Active
WELL_008,Delta-H-08,Niger Delta Onshore,4/15/2024,2337,12242,12.35,1,Active
WELL_008,Delta-H-08,Niger Delta Offshore,4/16/2024,2339,12193,12.4,1,Active
WELL_008,Delta-H-08,Niger Delta Offshore,4/17/2024,2336,12122,12.41,1,Active
WELL_008,Delta-H-08,Niger Delta Onshore,4/18/2024,2302,12143,12.43,1,Active
WELL_008,Delta-H-08,Niger Delta Onshore,4/19/2024,2344,12183,12.46,1,Active
WELL_008,Delta-H-08,Niger Delta Offshore,4/20/2024,2325,12128,12.51,2,Active
WELL_008,Delta-H-08,Niger Delta Offshore,4/21/2024,2338,12216,12.56,1,Active
WELL_008,Delta-H-08,Niger Delta Onshore,4/22/2024,2299,12235,12.6,3,Active
WELL_008,Delta-H-08,Niger Delta Onshore,4/23/2024,2281,12182,12.64,2,Active
WELL_008,Delta-H-08,Niger Delta Offshore,4/24/2024,2334,12101,12.69,0,Active
WELL_008,Delta-H-08,Niger Delta Offshore,4/25/2024,2312,12208,12.72,0,Active
WELL_008,Delta-H-08,Niger Delta Onshore,4/26/2024,1624,8484,12.75,5,Maintenance
WELL_008,Delta-H-08,Niger Delta Onshore,4/27/2024,2258,12117,12.78,0,Active
WELL_008,Delta-H-08,Niger Delta Onshore,4/28/2024,2292,12060,12.8,0,Active
WELL_008,Delta-H-08,Niger Delta Offshore,4/29/2024,2337,12193,12.82,3,Active
WELL_008,Delta-H-08,Niger Delta Onshore,4/30/2024,2301,12047,12.85,2,Active
WELL_008,Delta-H-08,Niger Delta Onshore,5/1/2024,2297,12066,12.89,2,Active
WELL_008,Delta-H-08,Niger Delta Onshore,5/2/2024,2318,12068,12.91,1,Active
WELL_008,Delta-H-08,Niger Delta Offshore,5/3/2024,2242,12052,12.93,0,Active
WELL_008,Delta-H-08,Niger Delta Onshore,5/4/2024,2238,12015,12.97,0,Active
WELL_008,Delta-H-08,Niger Delta Offshore,5/5/2024,2298,12012,13.01,0,Active
WELL_008,Delta-H-08,Niger Delta Offshore,5/6/2024,2316,12166,13.04,3,Active
WELL_008,Delta-H-08,Niger Delta Onshore,5/7/2024,2290,12056,13.06,2,Active
WELL_008,Delta-H-08,Niger Delta Onshore,5/8/2024,2239,12012,13.09,0,Active
WELL_008,Delta-H-08,Niger Delta Offshore,5/9/2024,2295,12011,13.11,0,Active
WELL_008,Delta-H-08,Niger Delta Offshore,5/10/2024,2260,12138,13.15,2,Active
WELL_008,Delta-H-08,Niger Delta Onshore,5/11/2024,2287,12064,13.17,0,Active
WELL_008,Delta-H-08,Niger Delta Offshore,5/12/2024,2308,12190,13.19,1,Active
WELL_008,Delta-H-08,Niger Delta Onshore,5/13/2024,2253,12041,13.23,2,Active
WELL_008,Delta-H-08,Niger Delta Offshore,5/14/2024,2246,12178,13.27,3,Active
WELL_008,Delta-H-08,Niger Delta Offshore,5/15/2024,2273,12043,13.32,2,Active
WELL_008,Delta-H-08,Niger Delta Offshore,5/16/2024,2310,12102,13.34,2,Active
WELL_008,Delta-H-08,Niger Delta Offshore,5/17/2024,2270,12070,13.39,0,Active
WELL_008,Delta-H-08,Niger Delta Offshore,5/18/2024,2283,12000,13.43,3,Active
WELL_008,Delta-H-08,Niger Delta Onshore,5/19/2024,521,3165,13.44,20,Failed
WELL_008,Delta-H-08,Niger Delta Onshore,5/20/2024,1568,8378,13.45,9,Maintenance
WELL_008,Delta-H-08,Niger Delta Offshore,5/21/2024,1551,8433,13.49,6,Maintenance
WELL_008,Delta-H-08,Niger Delta Onshore,5/22/2024,2310,12113,13.52,2,Active
WELL_008,Delta-H-08,Niger Delta Onshore,5/23/2024,2268,12037,13.55,0,Active
WELL_008,Delta-H-08,Niger Delta Onshore,5/24/2024,2291,12071,13.58,1,Active
WELL_008,Delta-H-08,Niger Delta Onshore,5/25/2024,2244,12054,13.63,0,Active
WELL_008,Delta-H-08,Niger Delta Onshore,5/26/2024,2265,12024,13.65,3,Active
WELL_008,Delta-H-08,Niger Delta Onshore,5/27/2024,2234,12070,13.7,2,Active
WELL_008,Delta-H-08,Niger Delta Offshore,5/28/2024,2265,12089,13.71,2,Active
WELL_008,Delta-H-08,Niger Delta Offshore,5/29/2024,2237,12106,13.72,1,Active
WELL_008,Delta-H-08,Niger Delta Onshore,5/30/2024,1508,8263,13.75,9,Maintenance
WELL_008,Delta-H-08,Niger Delta Onshore,5/31/2024,2267,12143,13.77,1,Active
WELL_008,Delta-H-08,Niger Delta Offshore,6/1/2024,2235,12086,13.82,1,Active
WELL_008,Delta-H-08,Niger Delta Offshore,6/2/2024,2258,11982,13.83,1,Active
WELL_008,Delta-H-08,Niger Delta Offshore,6/3/2024,2298,11978,13.87,2,Active
WELL_008,Delta-H-08,Niger Delta Onshore,6/4/2024,2289,12103,13.89,2,Active
WELL_008,Delta-H-08,Niger Delta Offshore,6/5/2024,1545,8425,13.93,4,Maintenance
WELL_008,Delta-H-08,Niger Delta Onshore,6/6/2024,2266,11947,13.97,3,Active
WELL_008,Delta-H-08,Niger Delta Offshore,6/7/2024,2235,12088,13.99,3,Active
WELL_008,Delta-H-08,Niger Delta Offshore,6/8/2024,2303,11972,14.01,2,Active
WELL_008,Delta-H-08,Niger Delta Offshore,6/9/2024,90,599,14.02,18,Failed
WELL_008,Delta-H-08,Niger Delta Offshore,6/10/2024,2272,12077,14.05,3,Active
WELL_008,Delta-H-08,Niger Delta Offshore,6/11/2024,2300,11962,14.07,1,Active
WELL_008,Delta-H-08,Niger Delta Onshore,6/12/2024,2290,12121,14.1,1,Active
WELL_008,Delta-H-08,Niger Delta Offshore,6/13/2024,1540,8387,14.14,7,Maintenance
WELL_008,Delta-H-08,Niger Delta Onshore,6/14/2024,2205,12003,14.17,0,Active
WELL_008,Delta-H-08,Niger Delta Onshore,6/15/2024,2267,12038,14.21,0,Active
WELL_008,Delta-H-08,Niger Delta Offshore,6/16/2024,2246,12080,14.22,0,Active
WELL_008,Delta-H-08,Niger Delta Onshore,6/17/2024,407,374,14.24,21,Failed
WELL_008,Delta-H-08,Niger Delta Onshore,6/18/2024,2262,11970,14.27,1,Active
WELL_008,Delta-H-08,Niger Delta Onshore,6/19/2024,2263,12022,14.29,1,Active
WELL_008,Delta-H-08,Niger Delta Offshore,6/20/2024,2233,11941,14.34,2,Active
WELL_008,Delta-H-08,Niger Delta Offshore,6/21/2024,2246,11957,14.37,1,Active
WELL_008,Delta-H-08,Niger Delta Onshore,6/22/2024,2198,12021,14.41,3,Active
WELL_008,Delta-H-08,Niger Delta Offshore,6/23/2024,2199,11925,14.46,3,Active
WELL_008,Delta-H-08,Niger Delta Offshore,6/24/2024,2247,11999,14.48,2,Active
WELL_008,Delta-H-08,Niger Delta Onshore,6/25/2024,2200,11952,14.5,1,Active
WELL_008,Delta-H-08,Niger Delta Offshore,6/26/2024,1541,8320,14.52,7,Maintenance
WELL_008,Delta-H-08,Niger Delta Onshore,6/27/2024,2288,11966,14.55,0,Active
WELL_008,Delta-H-08,Niger Delta Onshore,6/28/2024,2235,11925,14.6,2,Active
WELL_008,Delta-H-08,Niger Delta Offshore,6/29/2024,2277,11997,14.63,0,Active
WELL_008,Delta-H-08,Niger Delta Offshore,6/30/2024,2261,12053,14.68,3,Active
WELL_008,Delta-H-08,Niger Delta Onshore,7/1/2024,2271,11953,14.7,1,Active
WELL_008,Delta-H-08,Niger Delta Offshore,7/2/2024,576,3035,14.72,11,Failed
WELL_008,Delta-H-08,Niger Delta Offshore,7/3/2024,2221,11993,14.74,0,Active
WELL_008,Delta-H-08,Niger Delta Offshore,7/4/2024,2246,11989,14.78,2,Active
WELL_008,Delta-H-08,Niger Delta Onshore,7/5/2024,2284,11989,14.81,2,Active
WELL_008,Delta-H-08,Niger Delta Onshore,7/6/2024,1478,8212,14.84,4,Maintenance
WELL_008,Delta-H-08,Niger Delta Onshore,7/7/2024,2194,11887,14.88,2,Active
WELL_008,Delta-H-08,Niger Delta Offshore,7/8/2024,2246,11963,14.91,0,Active
WELL_008,Delta-H-08,Niger Delta Onshore,7/9/2024,2209,11895,14.93,1,Active
WELL_008,Delta-H-08,Niger Delta Offshore,7/10/2024,2218,12075,14.95,3,Active
WELL_008,Delta-H-08,Niger Delta Offshore,7/11/2024,244,1894,14.97,22,Failed
WELL_008,Delta-H-08,Niger Delta Offshore,7/12/2024,2206,11994,15.02,0,Active
WELL_008,Delta-H-08,Niger Delta Onshore,7/13/2024,1530,8277,15.06,5,Maintenance
WELL_008,Delta-H-08,Niger Delta Onshore,7/14/2024,2179,11911,15.08,2,Active
WELL_008,Delta-H-08,Niger Delta Offshore,7/15/2024,2220,11991,15.1,0,Active
WELL_008,Delta-H-08,Niger Delta Offshore,7/16/2024,2191,12013,15.13,1,Active
WELL_008,Delta-H-08,Niger Delta Onshore,7/17/2024,2216,11900,15.15,2,Active
WELL_008,Delta-H-08,Niger Delta Onshore,7/18/2024,1490,8298,15.19,9,Maintenance
WELL_008,Delta-H-08,Niger Delta Onshore,7/19/2024,2222,11920,15.22,0,Active
WELL_008,Delta-H-08,Niger Delta Offshore,7/20/2024,2194,11942,15.26,2,Active
WELL_008,Delta-H-08,Niger Delta Offshore,7/21/2024,2218,11940,15.31,0,Active
WELL_008,Delta-H-08,Niger Delta Onshore,7/22/2024,514,1152,15.35,19,Failed
WELL_008,Delta-H-08,Niger Delta Onshore,7/23/2024,1503,8210,15.36,7,Maintenance
WELL_008,Delta-H-08,Niger Delta Offshore,7/24/2024,2233,11880,15.38,0,Active
WELL_008,Delta-H-08,Niger Delta Offshore,7/25/2024,2190,11941,15.39,2,Active
WELL_008,Delta-H-08,Niger Delta Onshore,7/26/2024,2228,11891,15.41,2,Active
WELL_008,Delta-H-08,Niger Delta Offshore,7/27/2024,525,1324,15.43,10,Failed
WELL_008,Delta-H-08,Niger Delta Offshore,7/28/2024,2261,11899,15.46,3,Active
WELL_008,Delta-H-08,Niger Delta Onshore,7/29/2024,1499,8249,15.49,5,Maintenance
WELL_008,Delta-H-08,Niger Delta Offshore,7/30/2024,2188,11891,15.54,0,Active
WELL_008,Delta-H-08,Niger Delta Offshore,7/31/2024,1540,8175,15.57,7,Maintenance
WELL_008,Delta-H-08,Niger Delta Offshore,8/1/2024,581,369,15.6,11,Failed
WELL_008,Delta-H-08,Niger Delta Onshore,8/2/2024,2229,11973,15.64,0,Active
WELL_008,Delta-H-08,Niger Delta Onshore,8/3/2024,2244,12016,15.66,2,Active
WELL_008,Delta-H-08,Niger Delta Offshore,8/4/2024,1503,8157,15.68,9,Maintenance
WELL_008,Delta-H-08,Niger Delta Onshore,8/5/2024,1445,8242,15.7,4,Maintenance
WELL_008,Delta-H-08,Niger Delta Offshore,8/6/2024,2250,11855,15.72,3,Active
WELL_008,Delta-H-08,Niger Delta Onshore,8/7/2024,60,552,15.75,11,Failed
WELL_008,Delta-H-08,Niger Delta Onshore,8/8/2024,693,3442,15.77,16,Failed
WELL_008,Delta-H-08,Niger Delta Onshore,8/9/2024,2158,11956,15.82,3,Active
WELL_008,Delta-H-08,Niger Delta Offshore,8/10/2024,2193,11968,15.86,3,Active
WELL_008,Delta-H-08,Niger Delta Onshore,8/11/2024,2164,12000,15.88,3,Active
WELL_008,Delta-H-08,Niger Delta Offshore,8/12/2024,484,1308,15.91,14,Failed
WELL_008,Delta-H-08,Niger Delta Offshore,8/13/2024,2195,11856,15.94,3,Active
WELL_008,Delta-H-08,Niger Delta Onshore,8/14/2024,2244,11962,15.99,1,Active
WELL_008,Delta-H-08,Niger Delta Offshore,8/15/2024,2171,11936,16.04,1,Active
WELL_008,Delta-H-08,Niger Delta Onshore,8/16/2024,2190,11922,16.05,1,Active
WELL_008,Delta-H-08,Niger Delta Offshore,8/17/2024,2181,11939,16.06,1,Active
WELL_008,Delta-H-08,Niger Delta Offshore,8/18/2024,2204,11962,16.08,1,Active
WELL_008,Delta-H-08,Niger Delta Onshore,8/19/2024,2209,11859,16.13,3,Active
WELL_008,Delta-H-08,Niger Delta Onshore,8/20/2024,2211,11983,16.17,0,Active
WELL_008,Delta-H-08,Niger Delta Offshore,8/21/2024,2198,11977,16.21,3,Active
WELL_008,Delta-H-08,Niger Delta Offshore,8/22/2024,1431,8173,16.24,9,Maintenance
WELL_008,Delta-H-08,Niger Delta Offshore,8/23/2024,2169,11802,16.25,0,Active
WELL_008,Delta-H-08,Niger Delta Offshore,8/24/2024,2154,11946,16.29,2,Active
WELL_008,Delta-H-08,Niger Delta Onshore,8/25/2024,2177,11930,16.31,2,Active
WELL_008,Delta-H-08,Niger Delta Offshore,8/26/2024,351,2853,16.35,17,Failed
WELL_008,Delta-H-08,Niger Delta Onshore,8/27/2024,2152,11943,16.4,3,Active
WELL_008,Delta-H-08,Niger Delta Onshore,8/28/2024,2223,11791,16.44,0,Active
WELL_008,Delta-H-08,Niger Delta Onshore,8/29/2024,2146,11864,16.48,0,Active
WELL_008,Delta-H-08,Niger Delta Offshore,8/30/2024,2235,11819,16.5,3,Active
WELL_008,Delta-H-08,Niger Delta Offshore,8/31/2024,1489,8220,16.53,6,Maintenance
WELL_008,Delta-H-08,Niger Delta Offshore,9/1/2024,2158,11792,16.55,0,Active
WELL_008,Delta-H-08,Niger Delta Offshore,9/2/2024,219,3077,16.59,18,Failed
WELL_008,Delta-H-08,Niger Delta Onshore,9/3/2024,2153,11840,16.61,1,Active
WELL_008,Delta-H-08,Niger Delta Offshore,9/4/2024,501,69,16.65,21,Failed
WELL_008,Delta-H-08,Niger Delta Onshore,9/5/2024,2232,11771,16.68,2,Active
WELL_008,Delta-H-08,Niger Delta Onshore,9/6/2024,2142,11775,16.72,2,Active
WELL_008,Delta-H-08,Niger Delta Onshore,9/7/2024,2230,11760,16.74,1,Active
WELL_008,Delta-H-08,Niger Delta Offshore,9/8/2024,2139,11823,16.76,2,Active
WELL_008,Delta-H-08,Niger Delta Onshore,9/9/2024,2221,11795,16.8,2,Active
WELL_008,Delta-H-08,Niger Delta Offshore,9/10/2024,2171,11838,16.83,1,Active
WELL_008,Delta-H-08,Niger Delta Offshore,9/11/2024,2137,11814,16.87,3,Active
WELL_008,Delta-H-08,Niger Delta Offshore,9/12/2024,2216,11754,16.91,1,Active
WELL_008,Delta-H-08,Niger Delta Offshore,9/13/2024,2152,11833,16.94,0,Active
WELL_008,Delta-H-08,Niger Delta Offshore,9/14/2024,2153,11748,16.98,2,Active
WELL_008,Delta-H-08,Niger Delta Offshore,9/15/2024,496,3621,17,13,Failed
WELL_008,Delta-H-08,Niger Delta Offshore,9/16/2024,2156,11895,17.04,3,Active
WELL_008,Delta-H-08,Niger Delta Onshore,9/17/2024,2143,11754,17.05,1,Active
WELL_008,Delta-H-08,Niger Delta Onshore,9/18/2024,2210,11887,17.07,3,Active
WELL_008,Delta-H-08,Niger Delta Offshore,9/19/2024,1471,8149,17.1,8,Maintenance
WELL_008,Delta-H-08,Niger Delta Offshore,9/20/2024,2191,11815,17.11,0,Active
WELL_008,Delta-H-08,Niger Delta Onshore,9/21/2024,2161,11899,17.12,0,Active
WELL_008,Delta-H-08,Niger Delta Onshore,9/22/2024,2216,11889,17.17,2,Active
WELL_008,Delta-H-08,Niger Delta Onshore,9/23/2024,2206,11762,17.22,1,Active
WELL_008,Delta-H-08,Niger Delta Offshore,9/24/2024,2209,11847,17.24,0,Active
WELL_008,Delta-H-08,Niger Delta Offshore,9/25/2024,2131,11786,17.28,2,Active
WELL_008,Delta-H-08,Niger Delta Onshore,9/26/2024,2192,11732,17.3,0,Active
WELL_008,Delta-H-08,Niger Delta Offshore,9/27/2024,2161,11788,17.33,2,Active
WELL_008,Delta-H-08,Niger Delta Onshore,9/28/2024,2214,11792,17.34,0,Active
WELL_008,Delta-H-08,Niger Delta Offshore,9/29/2024,2173,11826,17.39,1,Active
WELL_008,Delta-H-08,Niger Delta Onshore,9/30/2024,2195,11845,17.41,3,Active
WELL_008,Delta-H-08,Niger Delta Onshore,10/1/2024,2211,11890,17.44,0,Active
WELL_008,Delta-H-08,Niger Delta Onshore,10/2/2024,2154,11753,17.49,2,Active
WELL_008,Delta-H-08,Niger Delta Onshore,10/3/2024,2199,11765,17.52,3,Active
WELL_008,Delta-H-08,Niger Delta Offshore,10/4/2024,1479,8110,17.55,9,Maintenance
WELL_008,Delta-H-08,Niger Delta Onshore,10/5/2024,2136,11882,17.58,0,Active
WELL_008,Delta-H-08,Niger Delta Offshore,10/6/2024,2135,11734,17.59,3,Active
WELL_008,Delta-H-08,Niger Delta Onshore,10/7/2024,1486,8014,17.64,5,Maintenance
WELL_008,Delta-H-08,Niger Delta Onshore,10/8/2024,2129,11847,17.65,1,Active
WELL_008,Delta-H-08,Niger Delta Onshore,10/9/2024,2207,11803,17.66,0,Active
WELL_008,Delta-H-08,Niger Delta Offshore,10/10/2024,655,1999,17.69,11,Failed
WELL_008,Delta-H-08,Niger Delta Onshore,10/11/2024,2170,11755,17.72,2,Active
WELL_008,Delta-H-08,Niger Delta Offshore,10/12/2024,2176,11803,17.76,0,Active
WELL_008,Delta-H-08,Niger Delta Offshore,10/13/2024,2169,11817,17.8,2,Active
WELL_008,Delta-H-08,Niger Delta Offshore,10/14/2024,2179,11837,17.82,0,Active
WELL_008,Delta-H-08,Niger Delta Onshore,10/15/2024,2152,11785,17.84,2,Active
WELL_008,Delta-H-08,Niger Delta Offshore,10/16/2024,2196,11763,17.85,0,Active
WELL_008,Delta-H-08,Niger Delta Offshore,10/17/2024,2199,11759,17.88,2,Active
WELL_008,Delta-H-08,Niger Delta Offshore,10/18/2024,2172,11856,17.91,3,Active
WELL_008,Delta-H-08,Niger Delta Onshore,10/19/2024,2129,11770,17.92,0,Active
WELL_008,Delta-H-08,Niger Delta Offshore,10/20/2024,396,3281,17.94,11,Failed
WELL_008,Delta-H-08,Niger Delta Offshore,10/21/2024,2153,11851,17.96,2,Active
WELL_008,Delta-H-08,Niger Delta Onshore,10/22/2024,2170,11675,17.98,2,Active
WELL_008,Delta-H-08,Niger Delta Offshore,10/23/2024,1414,8116,18,9,Maintenance
WELL_008,Delta-H-08,Niger Delta Offshore,10/24/2024,660,1791,18.01,23,Failed
WELL_008,Delta-H-08,Niger Delta Offshore,10/25/2024,2178,11685,18.04,1,Active
WELL_008,Delta-H-08,Niger Delta Offshore,10/26/2024,2124,11738,18.06,2,Active
WELL_008,Delta-H-08,Niger Delta Offshore,10/27/2024,2125,11802,18.1,0,Active
WELL_008,Delta-H-08,Niger Delta Onshore,10/28/2024,2189,11835,18.12,0,Active
WELL_008,Delta-H-08,Niger Delta Onshore,10/29/2024,159,2984,18.16,13,Failed
WELL_008,Delta-H-08,Niger Delta Onshore,10/30/2024,2142,11803,18.19,0,Active
WELL_008,Delta-H-08,Niger Delta Onshore,10/31/2024,2180,11822,18.24,0,Active
WELL_008,Delta-H-08,Niger Delta Offshore,11/1/2024,2098,11822,18.26,2,Active
WELL_008,Delta-H-08,Niger Delta Offshore,11/2/2024,2130,11797,18.29,1,Active
WELL_008,Delta-H-08,Niger Delta Offshore,11/3/2024,2126,11729,18.32,0,Active
WELL_008,Delta-H-08,Niger Delta Offshore,11/4/2024,2114,11786,18.37,3,Active
WELL_008,Delta-H-08,Niger Delta Offshore,11/5/2024,2181,11716,18.41,2,Active
WELL_008,Delta-H-08,Niger Delta Offshore,11/6/2024,2185,11708,18.42,3,Active
WELL_008,Delta-H-08,Niger Delta Onshore,11/7/2024,151,2377,18.44,13,Failed
WELL_008,Delta-H-08,Niger Delta Offshore,11/8/2024,2086,11739,18.46,0,Active
WELL_008,Delta-H-08,Niger Delta Offshore,11/9/2024,2093,11833,18.49,2,Active
WELL_008,Delta-H-08,Niger Delta Onshore,11/10/2024,2127,11659,18.52,3,Active
WELL_008,Delta-H-08,Niger Delta Onshore,11/11/2024,2087,11815,18.53,3,Active
WELL_008,Delta-H-08,Niger Delta Offshore,11/12/2024,2131,11814,18.56,1,Active
WELL_008,Delta-H-08,Niger Delta Offshore,11/13/2024,2117,11764,18.58,2,Active
WELL_008,Delta-H-08,Niger Delta Onshore,11/14/2024,2169,11737,18.59,3,Active
WELL_008,Delta-H-08,Niger Delta Offshore,11/15/2024,278,2388,18.63,20,Failed
WELL_008,Delta-H-08,Niger Delta Offshore,11/16/2024,2102,11636,18.68,2,Active
WELL_008,Delta-H-08,Niger Delta Offshore,11/17/2024,2148,11631,18.71,0,Active
WELL_008,Delta-H-08,Niger Delta Onshore,11/18/2024,2095,11732,18.73,2,Active
WELL_008,Delta-H-08,Niger Delta Offshore,11/19/2024,394,1649,18.77,13,Failed
WELL_008,Delta-H-08,Niger Delta Offshore,11/20/2024,2173,11629,18.8,0,Active
WELL_008,Delta-H-08,Niger Delta Offshore,11/21/2024,1436,8076,18.83,9,Maintenance
WELL_008,Delta-H-08,Niger Delta Onshore,11/22/2024,2085,11662,18.84,1,Active
WELL_008,Delta-H-08,Niger Delta Offshore,11/23/2024,1368,7956,18.88,7,Maintenance
WELL_008,Delta-H-08,Niger Delta Onshore,11/24/2024,2128,11762,18.89,1,Active
WELL_008,Delta-H-08,Niger Delta Offshore,11/25/2024,2079,11682,18.92,1,Active
WELL_008,Delta-H-08,Niger Delta Offshore,11/26/2024,2087,11682,18.95,2,Active
WELL_008,Delta-H-08,Niger Delta Offshore,11/27/2024,2110,11779,19,2,Active
WELL_008,Delta-H-08,Niger Delta Offshore,11/28/2024,2109,11684,19.03,0,Active
WELL_008,Delta-H-08,Niger Delta Offshore,11/29/2024,2105,11650,19.04,3,Active
WELL_008,Delta-H-08,Niger Delta Onshore,11/30/2024,50,2665,19.08,14,Failed
WELL_008,Delta-H-08,Niger Delta Onshore,12/1/2024,2087,11687,19.09,3,Active
WELL_008,Delta-H-08,Niger Delta Offshore,12/2/2024,2079,11753,19.11,1,Active
WELL_008,Delta-H-08,Niger Delta Onshore,12/3/2024,2085,11588,19.13,3,Active
WELL_008,Delta-H-08,Niger Delta Onshore,12/4/2024,2159,11629,19.15,1,Active
WELL_008,Delta-H-08,Niger Delta Onshore,12/5/2024,2072,11691,19.19,1,Active
WELL_008,Delta-H-08,Niger Delta Offshore,12/6/2024,2147,11755,19.22,2,Active
WELL_008,Delta-H-08,Niger Delta Onshore,12/7/2024,2125,11764,19.25,0,Active
WELL_008,Delta-H-08,Niger Delta Offshore,12/8/2024,2154,11656,19.28,1,Active
WELL_008,Delta-H-08,Niger Delta Onshore,12/9/2024,1370,8034,19.31,8,Maintenance
WELL_008,Delta-H-08,Niger Delta Onshore,12/10/2024,2076,11756,19.34,2,Active
WELL_008,Delta-H-08,Niger Delta Offshore,12/11/2024,2127,11719,19.38,2,Active
WELL_008,Delta-H-08,Niger Delta Onshore,12/12/2024,2073,11606,19.43,0,Active
WELL_008,Delta-H-08,Niger Delta Onshore,12/13/2024,2093,11653,19.47,3,Active
WELL_008,Delta-H-08,Niger Delta Onshore,12/14/2024,2124,11685,19.49,2,Active
WELL_008,Delta-H-08,Niger Delta Onshore,12/15/2024,2079,11700,19.54,3,Active
WELL_008,Delta-H-08,Niger Delta Offshore,12/16/2024,1404,7927,19.56,6,Maintenance
WELL_008,Delta-H-08,Niger Delta Onshore,12/17/2024,2133,11595,19.59,0,Active
WELL_008,Delta-H-08,Niger Delta Onshore,12/18/2024,2132,11585,19.62,1,Active
WELL_008,Delta-H-08,Niger Delta Offshore,12/19/2024,53,1632,19.64,13,Failed
WELL_008,Delta-H-08,Niger Delta Offshore,12/20/2024,2140,11640,19.69,2,Active
WELL_008,Delta-H-08,Niger Delta Offshore,12/21/2024,1358,7922,19.72,5,Maintenance
WELL_008,Delta-H-08,Niger Delta Onshore,12/22/2024,655,3684,19.74,21,Failed
WELL_008,Delta-H-08,Niger Delta Onshore,12/23/2024,2126,11622,19.77,2,Active
WELL_008,Delta-H-08,Niger Delta Onshore,12/24/2024,1402,7845,19.81,5,Maintenance
WELL_008,Delta-H-08,Niger Delta Offshore,12/25/2024,2108,11712,19.85,2,Active
WELL_008,Delta-H-08,Niger Delta Offshore,12/26/2024,1385,8002,19.88,9,Maintenance
WELL_008,Delta-H-08,Niger Delta Offshore,12/27/2024,2054,11688,19.91,1,Active
WELL_008,Delta-H-08,Niger Delta Offshore,12/28/2024,2125,11549,19.95,0,Active
WELL_008,Delta-H-08,Niger Delta Offshore,12/29/2024,2065,11635,20,3,Active
WELL_008,Delta-H-08,Niger Delta Offshore,12/30/2024,2112,11692,20.03,1,Active
WELL_008,Delta-H-08,Niger Delta Onshore,12/31/2024,2109,11642,20.05,1,Active
WELL_008,Delta-H-08,Niger Delta Offshore,1/1/2025,2051,11701,20.08,3,Active
WELL_008,Delta-H-08,Niger Delta Onshore,1/2/2025,2067,11701,20.11,3,Active
WELL_008,Delta-H-08,Niger Delta Offshore,1/3/2025,2062,11589,20.15,0,Active
WELL_008,Delta-H-08,Niger Delta Onshore,1/4/2025,2062,11621,20.17,1,Active
WELL_008,Delta-H-08,Niger Delta Offshore,1/5/2025,2134,11625,20.22,2,Active
WELL_008,Delta-H-08,Niger Delta Onshore,1/6/2025,2082,11674,20.25,3,Active
WELL_008,Delta-H-08,Niger Delta Onshore,1/7/2025,2065,11614,20.3,3,Active
WELL_008,Delta-H-08,Niger Delta Offshore,1/8/2025,2067,11609,20.33,1,Active
WELL_008,Delta-H-08,Niger Delta Onshore,1/9/2025,2096,11665,20.37,2,Active
WELL_008,Delta-H-08,Niger Delta Offshore,1/10/2025,2071,11699,20.38,1,Active
WELL_008,Delta-H-08,Niger Delta Onshore,1/11/2025,2116,11536,20.43,0,Active
WELL_008,Delta-H-08,Niger Delta Onshore,1/12/2025,2112,11638,20.45,2,Active
WELL_008,Delta-H-08,Niger Delta Onshore,1/13/2025,2109,11521,20.47,2,Active
WELL_008,Delta-H-08,Niger Delta Onshore,1/14/2025,558,1269,20.49,20,Failed
WELL_008,Delta-H-08,Niger Delta Onshore,1/15/2025,2041,11512,20.53,1,Active
WELL_008,Delta-H-08,Niger Delta Onshore,1/16/2025,1356,7863,20.56,9,Maintenance
WELL_008,Delta-H-08,Niger Delta Onshore,1/17/2025,2061,11639,20.58,0,Active
WELL_008,Delta-H-08,Niger Delta Onshore,1/18/2025,2064,11677,20.6,3,Active
WELL_008,Delta-H-08,Niger Delta Offshore,1/19/2025,2073,11647,20.64,0,Active
WELL_008,Delta-H-08,Niger Delta Onshore,1/20/2025,1328,7840,20.68,5,Maintenance
WELL_008,Delta-H-08,Niger Delta Offshore,1/21/2025,2058,11526,20.71,3,Active
WELL_008,Delta-H-08,Niger Delta Onshore,1/22/2025,2075,11595,20.73,3,Active
WELL_008,Delta-H-08,Niger Delta Offshore,1/23/2025,2093,11637,20.76,0,Active
WELL_008,Delta-H-08,Niger Delta Onshore,1/24/2025,2052,11574,20.8,1,Active
WELL_008,Delta-H-08,Niger Delta Onshore,1/25/2025,1368,7871,20.81,7,Maintenance
WELL_008,Delta-H-08,Niger Delta Offshore,1/26/2025,2084,11507,20.82,1,Active
WELL_008,Delta-H-08,Niger Delta Offshore,1/27/2025,2047,11621,20.87,2,Active
WELL_008,Delta-H-08,Niger Delta Offshore,1/28/2025,2099,11573,20.91,0,Active
WELL_008,Delta-H-08,Niger Delta Offshore,1/29/2025,2045,11568,20.93,3,Active
WELL_008,Delta-H-08,Niger Delta Onshore,1/30/2025,2078,11527,20.97,2,Active
WELL_008,Delta-H-08,Niger Delta Offshore,1/31/2025,2065,11550,21,0,Active
WELL_008,Delta-H-08,Niger Delta Onshore,2/1/2025,2093,11514,21.02,2,Active
WELL_008,Delta-H-08,Niger Delta Offshore,2/2/2025,1397,7891,21.04,9,Maintenance
WELL_008,Delta-H-08,Niger Delta Offshore,2/3/2025,2023,11513,21.06,3,Active
WELL_008,Delta-H-08,Niger Delta Offshore,2/4/2025,2109,11521,21.1,3,Active
WELL_008,Delta-H-08,Niger Delta Onshore,2/5/2025,2111,11512,21.11,0,Active
WELL_008,Delta-H-08,Niger Delta Onshore,2/6/2025,2078,11572,21.15,1,Active
WELL_008,Delta-H-08,Niger Delta Offshore,2/7/2025,2024,11499,21.19,2,Active
WELL_008,Delta-H-08,Niger Delta Onshore,2/8/2025,2090,11609,21.24,3,Active
WELL_008,Delta-H-08,Niger Delta Onshore,2/9/2025,2057,11498,21.28,3,Active
WELL_008,Delta-H-08,Niger Delta Onshore,2/10/2025,242,992,21.32,18,Failed
WELL_008,Delta-H-08,Niger Delta Offshore,2/11/2025,2096,11547,21.37,2,Active
WELL_008,Delta-H-08,Niger Delta Offshore,2/12/2025,2069,11492,21.4,3,Active
WELL_008,Delta-H-08,Niger Delta Onshore,2/13/2025,2090,11460,21.41,2,Active
WELL_008,Delta-H-08,Niger Delta Offshore,2/14/2025,449,1506,21.46,20,Failed
WELL_008,Delta-H-08,Niger Delta Onshore,2/15/2025,2019,11581,21.49,1,Active
WELL_008,Delta-H-08,Niger Delta Onshore,2/16/2025,2046,11519,21.53,2,Active
WELL_008,Delta-H-08,Niger Delta Offshore,2/17/2025,2062,11499,21.56,0,Active
WELL_008,Delta-H-08,Niger Delta Offshore,2/18/2025,2075,11628,21.6,3,Active
WELL_008,Delta-H-08,Niger Delta Onshore,2/19/2025,2018,11577,21.64,1,Active
WELL_008,Delta-H-08,Niger Delta Onshore,2/20/2025,2038,11480,21.69,2,Active
WELL_008,Delta-H-08,Niger Delta Onshore,2/21/2025,2046,11598,21.71,2,Active
WELL_008,Delta-H-08,Niger Delta Offshore,2/22/2025,2059,11550,21.72,0,Active
WELL_008,Delta-H-08,Niger Delta Offshore,2/23/2025,2033,11573,21.77,3,Active
WELL_008,Delta-H-08,Niger Delta Offshore,2/24/2025,2087,11494,21.78,3,Active
WELL_008,Delta-H-08,Niger Delta Offshore,2/25/2025,2007,11452,21.82,3,Active
WELL_008,Delta-H-08,Niger Delta Offshore,2/26/2025,1361,7845,21.85,5,Maintenance
WELL_008,Delta-H-08,Niger Delta Offshore,2/27/2025,2053,11529,21.87,2,Active
WELL_008,Delta-H-08,Niger Delta Onshore,2/28/2025,2066,11447,21.9,0,Active
WELL_008,Delta-H-08,Niger Delta Offshore,3/1/2025,2066,11519,21.92,3,Active
WELL_008,Delta-H-08,Niger Delta Offshore,3/2/2025,1314,7898,21.97,6,Maintenance
WELL_008,Delta-H-08,Niger Delta Offshore,3/3/2025,2080,11598,21.99,3,Active
WELL_008,Delta-H-08,Niger Delta Offshore,3/4/2025,1336,7780,22.02,9,Maintenance
WELL_008,Delta-H-08,Niger Delta Onshore,3/5/2025,2039,11541,22.07,0,Active
WELL_008,Delta-H-08,Niger Delta Offshore,3/6/2025,1312,7874,22.12,6,Maintenance
WELL_008,Delta-H-08,Niger Delta Offshore,3/7/2025,2023,11471,22.16,2,Active
WELL_008,Delta-H-08,Niger Delta Onshore,3/8/2025,2009,11567,22.2,3,Active
WELL_008,Delta-H-08,Niger Delta Offshore,3/9/2025,511,3141,22.24,12,Failed
WELL_008,Delta-H-08,Niger Delta Offshore,3/10/2025,2076,11468,22.27,3,Active
WELL_008,Delta-H-08,Niger Delta Offshore,3/11/2025,2065,11399,22.29,1,Active
WELL_008,Delta-H-08,Niger Delta Offshore,3/12/2025,591,2765,22.33,18,Failed
WELL_008,Delta-H-08,Niger Delta Onshore,3/13/2025,2028,11483,22.36,2,Active
WELL_008,Delta-H-08,Niger Delta Onshore,3/14/2025,2034,11497,22.37,2,Active
WELL_008,Delta-H-08,Niger Delta Offshore,3/15/2025,2061,11437,22.42,3,Active
WELL_008,Delta-H-08,Niger Delta Offshore,3/16/2025,2036,11422,22.46,2,Active
WELL_008,Delta-H-08,Niger Delta Onshore,3/17/2025,2019,11517,22.5,2,Active
WELL_008,Delta-H-08,Niger Delta Onshore,3/18/2025,2020,11385,22.54,1,Active
WELL_008,Delta-H-08,Niger Delta Offshore,3/19/2025,2011,11508,22.56,0,Active
WELL_008,Delta-H-08,Niger Delta Offshore,3/20/2025,1993,11537,22.57,2,Active
WELL_008,Delta-H-08,Niger Delta Offshore,3/21/2025,1347,7678,22.61,6,Maintenance
WELL_008,Delta-H-08,Niger Delta Onshore,3/22/2025,2073,11375,22.65,1,Active
WELL_008,Delta-H-08,Niger Delta Offshore,3/23/2025,1307,7697,22.68,8,Maintenance
WELL_008,Delta-H-08,Niger Delta Offshore,3/24/2025,2017,11440,22.71,3,Active
WELL_008,Delta-H-08,Niger Delta Offshore,3/25/2025,2045,11495,22.75,2,Active
WELL_008,Delta-H-08,Niger Delta Onshore,3/26/2025,2044,11509,22.77,0,Active
WELL_008,Delta-H-08,Niger Delta Offshore,3/27/2025,2055,11466,22.81,3,Active
WELL_008,Delta-H-08,Niger Delta Offshore,3/28/2025,2012,11363,22.82,3,Active
WELL_008,Delta-H-08,Niger Delta Onshore,3/29/2025,2066,11414,22.85,3,Active
WELL_008,Delta-H-08,Niger Delta Onshore,3/30/2025,125,2620,22.87,16,Failed
WELL_008,Delta-H-08,Niger Delta Offshore,3/31/2025,2017,11408,22.88,3,Active
WELL_008,Delta-H-08,Niger Delta Offshore,4/1/2025,2014,11401,22.92,0,Active
WELL_008,Delta-H-08,Niger Delta Onshore,4/2/2025,2064,11407,22.94,2,Active
WELL_008,Delta-H-08,Niger Delta Offshore,4/3/2025,1971,11419,22.97,3,Active
WELL_008,Delta-H-08,Niger Delta Onshore,4/4/2025,1981,11371,23.01,0,Active
WELL_008,Delta-H-08,Niger Delta Onshore,4/5/2025,2027,11423,23.05,3,Active
WELL_008,Delta-H-08,Niger Delta Onshore,4/6/2025,1992,11414,23.06,0,Active
WELL_008,Delta-H-08,Niger Delta Onshore,4/7/2025,2046,11352,23.09,3,Active
WELL_008,Delta-H-08,Niger Delta Onshore,4/8/2025,328,1308,23.12,11,Failed
WELL_008,Delta-H-08,Niger Delta Offshore,4/9/2025,1992,11423,23.14,0,Active
WELL_008,Delta-H-08,Niger Delta Offshore,4/10/2025,2060,11508,23.16,1,Active
WELL_008,Delta-H-08,Niger Delta Offshore,4/11/2025,1287,7670,23.18,7,Maintenance
WELL_008,Delta-H-08,Niger Delta Offshore,4/12/2025,146,3411,23.2,18,Failed
WELL_008,Delta-H-08,Niger Delta Offshore,4/13/2025,2053,11358,23.22,2,Active
WELL_008,Delta-H-08,Niger Delta Offshore,4/14/2025,2009,11450,23.24,1,Active
WELL_008,Delta-H-08,Niger Delta Offshore,4/15/2025,1964,11394,23.26,3,Active
WELL_008,Delta-H-08,Niger Delta Onshore,4/16/2025,1329,7639,23.29,8,Maintenance
WELL_008,Delta-H-08,Niger Delta Onshore,4/17/2025,2052,11399,23.33,0,Active
WELL_008,Delta-H-08,Niger Delta Offshore,4/18/2025,1991,11340,23.37,0,Active
WELL_008,Delta-H-08,Niger Delta Onshore,4/19/2025,1985,11391,23.39,1,Active
WELL_008,Delta-H-08,Niger Delta Offshore,4/20/2025,2038,11411,23.4,0,Active
WELL_008,Delta-H-08,Niger Delta Onshore,4/21/2025,1972,11454,23.43,2,Active
WELL_008,Delta-H-08,Niger Delta Onshore,4/22/2025,2005,11332,23.47,0,Active
WELL_008,Delta-H-08,Niger Delta Offshore,4/23/2025,2040,11387,23.48,0,Active
WELL_008,Delta-H-08,Niger Delta Offshore,4/24/2025,329,894,23.52,18,Failed
WELL_008,Delta-H-08,Niger Delta Onshore,4/25/2025,2020,11370,23.54,0,Active
WELL_008,Delta-H-08,Niger Delta Onshore,4/26/2025,645,5,23.55,16,Failed
WELL_008,Delta-H-08,Niger Delta Offshore,4/27/2025,1293,7734,23.6,6,Maintenance
WELL_008,Delta-H-08,Niger Delta Offshore,4/28/2025,1972,11363,23.62,2,Active
WELL_008,Delta-H-08,Niger Delta Offshore,4/29/2025,1980,11427,23.64,3,Active
WELL_008,Delta-H-08,Niger Delta Offshore,4/30/2025,2033,11438,23.65,2,Active
WELL_008,Delta-H-08,Niger Delta Offshore,5/1/2025,2007,11303,23.67,1,Active
WELL_008,Delta-H-08,Niger Delta Offshore,5/2/2025,2038,11399,23.7,0,Active
WELL_008,Delta-H-08,Niger Delta Onshore,5/3/2025,2034,11446,23.75,0,Active
WELL_008,Delta-H-08,Niger Delta Onshore,5/4/2025,1942,11413,23.78,0,Active
WELL_008,Delta-H-08,Niger Delta Onshore,5/5/2025,1301,7578,23.82,4,Maintenance
WELL_008,Delta-H-08,Niger Delta Onshore,5/6/2025,1971,11377,23.84,1,Active
WELL_008,Delta-H-08,Niger Delta Offshore,5/7/2025,1983,11356,23.86,3,Active
WELL_008,Delta-H-08,Niger Delta Onshore,5/8/2025,2037,11379,23.9,1,Active
WELL_008,Delta-H-08,Niger Delta Onshore,5/9/2025,2033,11311,23.93,1,Active
WELL_008,Delta-H-08,Niger Delta Onshore,5/10/2025,1953,11282,23.95,0,Active
WELL_008,Delta-H-08,Niger Delta Offshore,5/11/2025,2010,11348,23.97,1,Active
WELL_008,Delta-H-08,Niger Delta Offshore,5/12/2025,2006,11275,24.01,1,Active
WELL_008,Delta-H-08,Niger Delta Onshore,5/13/2025,1937,11352,24.06,0,Active
WELL_008,Delta-H-08,Niger Delta Offshore,5/14/2025,1947,11453,24.08,1,Active
WELL_009,Delta-I-09,Niger Delta Onshore,1/1/2024,2786,8549,9.03,3,Active
WELL_009,Delta-I-09,Niger Delta Offshore,1/2/2024,1939,5976,9.06,7,Maintenance
WELL_009,Delta-I-09,Niger Delta Offshore,1/3/2024,1887,5904,9.08,6,Maintenance
WELL_009,Delta-I-09,Niger Delta Offshore,1/4/2024,2696,8499,9.12,3,Active
WELL_009,Delta-I-09,Niger Delta Onshore,1/5/2024,2738,8493,9.15,2,Active
WELL_009,Delta-I-09,Niger Delta Offshore,1/6/2024,297,776,9.17,18,Failed
WELL_009,Delta-I-09,Niger Delta Offshore,1/7/2024,2746,8525,9.19,1,Active
WELL_009,Delta-I-09,Niger Delta Offshore,1/8/2024,2749,8446,9.23,3,Active
WELL_009,Delta-I-09,Niger Delta Offshore,1/9/2024,2699,8487,9.25,1,Active
WELL_009,Delta-I-09,Niger Delta Offshore,1/10/2024,2719,8519,9.26,3,Active
WELL_009,Delta-I-09,Niger Delta Offshore,1/11/2024,2738,8557,9.28,0,Active
WELL_009,Delta-I-09,Niger Delta Offshore,1/12/2024,2781,8538,9.29,0,Active
WELL_009,Delta-I-09,Niger Delta Onshore,1/13/2024,2783,8627,9.33,1,Active
WELL_009,Delta-I-09,Niger Delta Offshore,1/14/2024,518,2241,9.36,21,Failed
WELL_009,Delta-I-09,Niger Delta Onshore,1/15/2024,2691,8540,9.39,1,Active
WELL_009,Delta-I-09,Niger Delta Offshore,1/16/2024,2743,8492,9.41,2,Active
WELL_009,Delta-I-09,Niger Delta Onshore,1/17/2024,1860,5910,9.44,9,Maintenance
WELL_009,Delta-I-09,Niger Delta Offshore,1/18/2024,2705,8563,9.47,1,Active
WELL_009,Delta-I-09,Niger Delta Onshore,1/19/2024,2711,8608,9.49,1,Active
WELL_009,Delta-I-09,Niger Delta Offshore,1/20/2024,2726,8536,9.53,2,Active
WELL_009,Delta-I-09,Niger Delta Onshore,1/21/2024,1905,5858,9.56,4,Maintenance
WELL_009,Delta-I-09,Niger Delta Offshore,1/22/2024,2778,8604,9.59,0,Active
WELL_009,Delta-I-09,Niger Delta Onshore,1/23/2024,1912,5879,9.62,7,Maintenance
WELL_009,Delta-I-09,Niger Delta Offshore,1/24/2024,2683,8593,9.66,3,Active
WELL_009,Delta-I-09,Niger Delta Onshore,1/25/2024,1857,5844,9.7,4,Maintenance
WELL_009,Delta-I-09,Niger Delta Onshore,1/26/2024,80,1946,9.71,19,Failed
WELL_009,Delta-I-09,Niger Delta Onshore,1/27/2024,2775,8435,9.75,0,Active
WELL_009,Delta-I-09,Niger Delta Offshore,1/28/2024,2733,8531,9.79,0,Active
WELL_009,Delta-I-09,Niger Delta Offshore,1/29/2024,2726,8419,9.82,0,Active
WELL_009,Delta-I-09,Niger Delta Offshore,1/30/2024,2764,8514,9.86,3,Active
WELL_009,Delta-I-09,Niger Delta Offshore,1/31/2024,2743,8510,9.9,1,Active
WELL_009,Delta-I-09,Niger Delta Offshore,2/1/2024,1930,5833,9.93,4,Maintenance
WELL_009,Delta-I-09,Niger Delta Offshore,2/2/2024,1931,5934,9.98,7,Maintenance
WELL_009,Delta-I-09,Niger Delta Onshore,2/3/2024,2757,8407,10.03,3,Active
WELL_009,Delta-I-09,Niger Delta Offshore,2/4/2024,506,2463,10.06,11,Failed
WELL_009,Delta-I-09,Niger Delta Offshore,2/5/2024,2730,8514,10.11,0,Active
WELL_009,Delta-I-09,Niger Delta Onshore,2/6/2024,2675,8514,10.13,3,Active
WELL_009,Delta-I-09,Niger Delta Offshore,2/7/2024,2685,8555,10.16,0,Active
WELL_009,Delta-I-09,Niger Delta Offshore,2/8/2024,2757,8541,10.18,1,Active
WELL_009,Delta-I-09,Niger Delta Offshore,2/9/2024,2736,8421,10.19,2,Active
WELL_009,Delta-I-09,Niger Delta Onshore,2/10/2024,2669,8471,10.23,0,Active
WELL_009,Delta-I-09,Niger Delta Offshore,2/11/2024,429,1242,10.24,19,Failed
WELL_009,Delta-I-09,Niger Delta Offshore,2/12/2024,1870,5928,10.29,6,Maintenance
WELL_009,Delta-I-09,Niger Delta Offshore,2/13/2024,2679,8507,10.31,3,Active
WELL_009,Delta-I-09,Niger Delta Onshore,2/14/2024,2676,8516,10.33,3,Active
WELL_009,Delta-I-09,Niger Delta Offshore,2/15/2024,2721,8447,10.36,2,Active
WELL_009,Delta-I-09,Niger Delta Onshore,2/16/2024,1836,5879,10.38,5,Maintenance
WELL_009,Delta-I-09,Niger Delta Onshore,2/17/2024,2732,8419,10.41,1,Active
WELL_009,Delta-I-09,Niger Delta Onshore,2/18/2024,2705,8525,10.43,3,Active
WELL_009,Delta-I-09,Niger Delta Offshore,2/19/2024,2671,8425,10.47,2,Active
WELL_009,Delta-I-09,Niger Delta Offshore,2/20/2024,2731,8538,10.49,3,Active
WELL_009,Delta-I-09,Niger Delta Offshore,2/21/2024,2733,8403,10.51,0,Active
WELL_009,Delta-I-09,Niger Delta Offshore,2/22/2024,2669,8433,10.54,0,Active
WELL_009,Delta-I-09,Niger Delta Onshore,2/23/2024,1831,5912,10.57,6,Maintenance
WELL_009,Delta-I-09,Niger Delta Offshore,2/24/2024,1880,5794,10.59,9,Maintenance
WELL_009,Delta-I-09,Niger Delta Onshore,2/25/2024,2667,8445,10.63,2,Active
WELL_009,Delta-I-09,Niger Delta Onshore,2/26/2024,2654,8499,10.67,2,Active
WELL_009,Delta-I-09,Niger Delta Onshore,2/27/2024,2746,8449,10.69,1,Active
WELL_009,Delta-I-09,Niger Delta Offshore,2/28/2024,2664,8381,10.72,3,Active
WELL_009,Delta-I-09,Niger Delta Onshore,2/29/2024,1912,5797,10.73,9,Maintenance
WELL_009,Delta-I-09,Niger Delta Onshore,3/1/2024,2698,8338,10.76,0,Active
WELL_009,Delta-I-09,Niger Delta Offshore,3/2/2024,269,1581,10.79,11,Failed
WELL_009,Delta-I-09,Niger Delta Onshore,3/3/2024,2693,8389,10.82,2,Active
WELL_009,Delta-I-09,Niger Delta Offshore,3/4/2024,2730,8422,10.85,2,Active
WELL_009,Delta-I-09,Niger Delta Onshore,3/5/2024,2725,8515,10.9,3,Active
WELL_009,Delta-I-09,Niger Delta Onshore,3/6/2024,2677,8342,10.95,2,Active
WELL_009,Delta-I-09,Niger Delta Onshore,3/7/2024,2739,8343,11,3,Active
WELL_009,Delta-I-09,Niger Delta Onshore,3/8/2024,2723,8452,11.03,3,Active
WELL_009,Delta-I-09,Niger Delta Offshore,3/9/2024,2712,8493,11.04,0,Active
WELL_009,Delta-I-09,Niger Delta Offshore,3/10/2024,2682,8432,11.06,0,Active
WELL_009,Delta-I-09,Niger Delta Onshore,3/11/2024,2696,8431,11.11,3,Active
WELL_009,Delta-I-09,Niger Delta Offshore,3/12/2024,2644,8325,11.13,1,Active
WELL_009,Delta-I-09,Niger Delta Onshore,3/13/2024,2685,8369,11.17,3,Active
WELL_009,Delta-I-09,Niger Delta Onshore,3/14/2024,2720,8331,11.22,3,Active
WELL_009,Delta-I-09,Niger Delta Offshore,3/15/2024,2671,8445,11.25,2,Active
WELL_009,Delta-I-09,Niger Delta Onshore,3/16/2024,2637,8382,11.28,3,Active
WELL_009,Delta-I-09,Niger Delta Offshore,3/17/2024,1826,5924,11.31,8,Maintenance
WELL_009,Delta-I-09,Niger Delta Offshore,3/18/2024,2641,8454,11.36,3,Active
WELL_009,Delta-I-09,Niger Delta Onshore,3/19/2024,2677,8438,11.39,0,Active
WELL_009,Delta-I-09,Niger Delta Onshore,3/20/2024,1900,5882,11.42,7,Maintenance
WELL_009,Delta-I-09,Niger Delta Offshore,3/21/2024,1865,5909,11.43,9,Maintenance
WELL_009,Delta-I-09,Niger Delta Onshore,3/22/2024,2689,8367,11.47,1,Active
WELL_009,Delta-I-09,Niger Delta Onshore,3/23/2024,2641,8430,11.51,3,Active
WELL_009,Delta-I-09,Niger Delta Onshore,3/24/2024,2718,8332,11.52,0,Active
WELL_009,Delta-I-09,Niger Delta Offshore,3/25/2024,2706,8376,11.57,1,Active
WELL_009,Delta-I-09,Niger Delta Offshore,3/26/2024,1873,5722,11.6,8,Maintenance
WELL_009,Delta-I-09,Niger Delta Onshore,3/27/2024,2721,8336,11.63,3,Active
WELL_009,Delta-I-09,Niger Delta Onshore,3/28/2024,2696,8372,11.66,0,Active
WELL_009,Delta-I-09,Niger Delta Offshore,3/29/2024,2643,8424,11.67,3,Active
WELL_009,Delta-I-09,Niger Delta Onshore,3/30/2024,2706,8294,11.69,1,Active
WELL_009,Delta-I-09,Niger Delta Offshore,3/31/2024,2669,8390,11.74,1,Active
WELL_009,Delta-I-09,Niger Delta Onshore,4/1/2024,2650,8319,11.75,3,Active
WELL_009,Delta-I-09,Niger Delta Onshore,4/2/2024,2711,8397,11.77,3,Active
WELL_009,Delta-I-09,Niger Delta Offshore,4/3/2024,2646,8409,11.78,1,Active
WELL_009,Delta-I-09,Niger Delta Offshore,4/4/2024,2630,8300,11.83,1,Active
WELL_009,Delta-I-09,Niger Delta Onshore,4/5/2024,718,991,11.86,10,Failed
WELL_009,Delta-I-09,Niger Delta Offshore,4/6/2024,2708,8409,11.9,0,Active
WELL_009,Delta-I-09,Niger Delta Offshore,4/7/2024,2683,8439,11.93,2,Active
WELL_009,Delta-I-09,Niger Delta Onshore,4/8/2024,2620,8327,11.96,2,Active
WELL_009,Delta-I-09,Niger Delta Onshore,4/9/2024,2661,8324,11.98,2,Active
WELL_009,Delta-I-09,Niger Delta Onshore,4/10/2024,2668,8445,12.02,3,Active
WELL_009,Delta-I-09,Niger Delta Onshore,4/11/2024,2628,8331,12.04,3,Active
WELL_009,Delta-I-09,Niger Delta Offshore,4/12/2024,1874,5836,12.09,9,Maintenance
WELL_009,Delta-I-09,Niger Delta Offshore,4/13/2024,1877,5839,12.11,8,Maintenance
WELL_009,Delta-I-09,Niger Delta Onshore,4/14/2024,2618,8380,12.16,1,Active
WELL_009,Delta-I-09,Niger Delta Offshore,4/15/2024,430,2516,12.2,17,Failed
WELL_009,Delta-I-09,Niger Delta Offshore,4/16/2024,2674,8256,12.25,2,Active
WELL_009,Delta-I-09,Niger Delta Onshore,4/17/2024,2678,8275,12.27,3,Active
WELL_009,Delta-I-09,Niger Delta Offshore,4/18/2024,1851,5826,12.28,5,Maintenance
WELL_009,Delta-I-09,Niger Delta Onshore,4/19/2024,2645,8298,12.31,2,Active
WELL_009,Delta-I-09,Niger Delta Onshore,4/20/2024,2641,8308,12.34,3,Active
WELL_009,Delta-I-09,Niger Delta Onshore,4/21/2024,2674,8374,12.37,0,Active
WELL_009,Delta-I-09,Niger Delta Offshore,4/22/2024,2614,8411,12.39,1,Active
WELL_009,Delta-I-09,Niger Delta Offshore,4/23/2024,2633,8405,12.43,0,Active
WELL_009,Delta-I-09,Niger Delta Offshore,4/24/2024,2696,8407,12.48,0,Active
WELL_009,Delta-I-09,Niger Delta Offshore,4/25/2024,2652,8395,12.52,3,Active
WELL_009,Delta-I-09,Niger Delta Onshore,4/26/2024,1849,5789,12.53,9,Maintenance
WELL_009,Delta-I-09,Niger Delta Offshore,4/27/2024,2624,8264,12.55,2,Active
WELL_009,Delta-I-09,Niger Delta Offshore,4/28/2024,1790,5733,12.57,8,Maintenance
WELL_009,Delta-I-09,Niger Delta Offshore,4/29/2024,2619,8319,12.58,3,Active
WELL_009,Delta-I-09,Niger Delta Onshore,4/30/2024,2627,8386,12.62,1,Active
WELL_009,Delta-I-09,Niger Delta Offshore,5/1/2024,2646,8360,12.65,1,Active
WELL_009,Delta-I-09,Niger Delta Onshore,5/2/2024,1809,5692,12.68,4,Maintenance
WELL_009,Delta-I-09,Niger Delta Onshore,5/3/2024,2646,8329,12.73,0,Active
WELL_009,Delta-I-09,Niger Delta Onshore,5/4/2024,2672,8309,12.77,1,Active
WELL_009,Delta-I-09,Niger Delta Onshore,5/5/2024,2612,8281,12.8,0,Active
WELL_009,Delta-I-09,Niger Delta Offshore,5/6/2024,821,2194,12.81,17,Failed
WELL_009,Delta-I-09,Niger Delta Onshore,5/7/2024,2692,8247,12.84,2,Active
WELL_009,Delta-I-09,Niger Delta Offshore,5/8/2024,638,2409,12.88,15,Failed
WELL_009,Delta-I-09,Niger Delta Offshore,5/9/2024,2625,8257,12.92,1,Active
WELL_009,Delta-I-09,Niger Delta Onshore,5/10/2024,2670,8198,12.95,3,Active
WELL_009,Delta-I-09,Niger Delta Onshore,5/11/2024,2688,8251,12.98,0,Active
WELL_009,Delta-I-09,Niger Delta Offshore,5/12/2024,2657,8202,13.02,0,Active
WELL_009,Delta-I-09,Niger Delta Onshore,5/13/2024,2686,8238,13.04,2,Active
WELL_009,Delta-I-09,Niger Delta Offshore,5/14/2024,815,359,13.08,21,Failed
WELL_009,Delta-I-09,Niger Delta Offshore,5/15/2024,2602,8279,13.1,1,Active
WELL_009,Delta-I-09,Niger Delta Offshore,5/16/2024,2603,8257,13.15,1,Active
WELL_009,Delta-I-09,Niger Delta Offshore,5/17/2024,2588,8182,13.2,1,Active
WELL_009,Delta-I-09,Niger Delta Offshore,5/18/2024,2589,8314,13.22,3,Active
WELL_009,Delta-I-09,Niger Delta Offshore,5/19/2024,2670,8374,13.25,2,Active
WELL_009,Delta-I-09,Niger Delta Offshore,5/20/2024,2662,8262,13.28,3,Active
WELL_009,Delta-I-09,Niger Delta Onshore,5/21/2024,735,729,13.3,16,Failed
WELL_009,Delta-I-09,Niger Delta Onshore,5/22/2024,2634,8331,13.31,2,Active
WELL_009,Delta-I-09,Niger Delta Onshore,5/23/2024,2586,8243,13.32,1,Active
WELL_009,Delta-I-09,Niger Delta Offshore,5/24/2024,2624,8235,13.34,1,Active
WELL_009,Delta-I-09,Niger Delta Offshore,5/25/2024,2600,8326,13.36,0,Active
WELL_009,Delta-I-09,Niger Delta Onshore,5/26/2024,1850,5721,13.4,9,Maintenance
WELL_009,Delta-I-09,Niger Delta Offshore,5/27/2024,2648,8319,13.43,3,Active
WELL_009,Delta-I-09,Niger Delta Onshore,5/28/2024,2669,8216,13.45,0,Active
WELL_009,Delta-I-09,Niger Delta Onshore,5/29/2024,2623,8253,13.5,0,Active
WELL_009,Delta-I-09,Niger Delta Offshore,5/30/2024,1798,5660,13.53,7,Maintenance
WELL_009,Delta-I-09,Niger Delta Onshore,5/31/2024,2650,8313,13.56,1,Active
WELL_009,Delta-I-09,Niger Delta Onshore,6/1/2024,2595,8150,13.58,1,Active
WELL_009,Delta-I-09,Niger Delta Offshore,6/2/2024,492,1172,13.6,22,Failed
WELL_009,Delta-I-09,Niger Delta Onshore,6/3/2024,2600,8284,13.62,1,Active
WELL_009,Delta-I-09,Niger Delta Onshore,6/4/2024,2607,8168,13.66,2,Active
WELL_009,Delta-I-09,Niger Delta Onshore,6/5/2024,2621,8228,13.67,0,Active
WELL_009,Delta-I-09,Niger Delta Offshore,6/6/2024,1754,5678,13.69,5,Maintenance
WELL_009,Delta-I-09,Niger Delta Onshore,6/7/2024,2570,8313,13.73,3,Active
WELL_009,Delta-I-09,Niger Delta Onshore,6/8/2024,2637,8330,13.76,1,Active
WELL_009,Delta-I-09,Niger Delta Onshore,6/9/2024,2606,8329,13.79,2,Active
WELL_009,Delta-I-09,Niger Delta Offshore,6/10/2024,2584,8144,13.82,2,Active
WELL_009,Delta-I-09,Niger Delta Offshore,6/11/2024,224,2241,13.85,22,Failed
WELL_009,Delta-I-09,Niger Delta Onshore,6/12/2024,1826,5583,13.9,4,Maintenance
WELL_009,Delta-I-09,Niger Delta Offshore,6/13/2024,2590,8250,13.92,2,Active
WELL_009,Delta-I-09,Niger Delta Onshore,6/14/2024,2628,8287,13.95,0,Active
WELL_009,Delta-I-09,Niger Delta Onshore,6/15/2024,1831,5646,13.97,5,Maintenance
WELL_009,Delta-I-09,Niger Delta Offshore,6/16/2024,2643,8222,13.99,2,Active
WELL_009,Delta-I-09,Niger Delta Offshore,6/17/2024,2570,8150,14.03,3,Active
WELL_009,Delta-I-09,Niger Delta Onshore,6/18/2024,1760,5695,14.07,5,Maintenance
WELL_009,Delta-I-09,Niger Delta Onshore,6/19/2024,2585,8268,14.08,2,Active
WELL_009,Delta-I-09,Niger Delta Offshore,6/20/2024,2575,8122,14.12,2,Active
WELL_009,Delta-I-09,Niger Delta Onshore,6/21/2024,2613,8134,14.14,2,Active
WELL_009,Delta-I-09,Niger Delta Onshore,6/22/2024,2569,8128,14.15,1,Active
WELL_009,Delta-I-09,Niger Delta Onshore,6/23/2024,2589,8241,14.2,2,Active
WELL_009,Delta-I-09,Niger Delta Onshore,6/24/2024,62,269,14.23,19,Failed
WELL_009,Delta-I-09,Niger Delta Offshore,6/25/2024,92,1076,14.24,12,Failed
WELL_009,Delta-I-09,Niger Delta Onshore,6/26/2024,1737,5714,14.28,5,Maintenance
WELL_009,Delta-I-09,Niger Delta Onshore,6/27/2024,2580,8180,14.3,1,Active
WELL_009,Delta-I-09,Niger Delta Offshore,6/28/2024,2644,8262,14.35,2,Active
WELL_009,Delta-I-09,Niger Delta Offshore,6/29/2024,1741,5586,14.38,6,Maintenance
WELL_009,Delta-I-09,Niger Delta Offshore,6/30/2024,2611,8239,14.43,0,Active
WELL_009,Delta-I-09,Niger Delta Offshore,7/1/2024,1784,5587,14.47,8,Maintenance
WELL_009,Delta-I-09,Niger Delta Offshore,7/2/2024,2611,8191,14.49,3,Active
WELL_009,Delta-I-09,Niger Delta Onshore,7/3/2024,2632,8203,14.53,3,Active
WELL_009,Delta-I-09,Niger Delta Onshore,7/4/2024,1761,5711,14.56,7,Maintenance
WELL_009,Delta-I-09,Niger Delta Onshore,7/5/2024,2622,8277,14.61,0,Active
WELL_009,Delta-I-09,Niger Delta Onshore,7/6/2024,2558,8164,14.65,1,Active
WELL_009,Delta-I-09,Niger Delta Offshore,7/7/2024,2645,8206,14.7,2,Active
WELL_009,Delta-I-09,Niger Delta Offshore,7/8/2024,706,2317,14.74,13,Failed
WELL_009,Delta-I-09,Niger Delta Onshore,7/9/2024,1762,5671,14.79,4,Maintenance
WELL_009,Delta-I-09,Niger Delta Offshore,7/10/2024,2638,8134,14.84,1,Active
WELL_009,Delta-I-09,Niger Delta Onshore,7/11/2024,1785,5599,14.86,6,Maintenance
WELL_009,Delta-I-09,Niger Delta Offshore,7/12/2024,2621,8152,14.89,0,Active
WELL_009,Delta-I-09,Niger Delta Onshore,7/13/2024,1811,5610,14.92,7,Maintenance
WELL_009,Delta-I-09,Niger Delta Offshore,7/14/2024,178,1466,14.93,18,Failed
WELL_009,Delta-I-09,Niger Delta Offshore,7/15/2024,2599,8207,14.97,2,Active
WELL_009,Delta-I-09,Niger Delta Onshore,7/16/2024,2557,8146,14.99,0,Active
WELL_009,Delta-I-09,Niger Delta Offshore,7/17/2024,1796,5680,15.02,5,Maintenance
WELL_009,Delta-I-09,Niger Delta Onshore,7/18/2024,2542,8253,15.06,2,Active
WELL_009,Delta-I-09,Niger Delta Offshore,7/19/2024,1767,5668,15.1,9,Maintenance
WELL_009,Delta-I-09,Niger Delta Offshore,7/20/2024,2558,8215,15.13,1,Active
WELL_009,Delta-I-09,Niger Delta Onshore,7/21/2024,2552,8155,15.16,0,Active
WELL_009,Delta-I-09,Niger Delta Onshore,7/22/2024,2598,8110,15.19,1,Active
WELL_009,Delta-I-09,Niger Delta Offshore,7/23/2024,2562,8083,15.2,3,Active
WELL_009,Delta-I-09,Niger Delta Onshore,7/24/2024,2569,8128,15.23,3,Active
WELL_009,Delta-I-09,Niger Delta Offshore,7/25/2024,2619,8057,15.25,3,Active
WELL_009,Delta-I-09,Niger Delta Offshore,7/26/2024,2618,8180,15.3,3,Active
WELL_009,Delta-I-09,Niger Delta Onshore,7/27/2024,2582,8157,15.32,2,Active
WELL_009,Delta-I-09,Niger Delta Onshore,7/28/2024,2541,8143,15.34,1,Active
WELL_009,Delta-I-09,Niger Delta Offshore,7/29/2024,2567,8230,15.38,1,Active
WELL_009,Delta-I-09,Niger Delta Offshore,7/30/2024,2604,8227,15.41,3,Active
WELL_009,Delta-I-09,Niger Delta Offshore,7/31/2024,2562,8163,15.43,0,Active
WELL_009,Delta-I-09,Niger Delta Offshore,8/1/2024,2625,8100,15.45,1,Active
WELL_009,Delta-I-09,Niger Delta Offshore,8/2/2024,2542,8037,15.47,0,Active
WELL_009,Delta-I-09,Niger Delta Onshore,8/3/2024,2615,8044,15.48,2,Active
WELL_009,Delta-I-09,Niger Delta Onshore,8/4/2024,2562,8186,15.5,3,Active
WELL_009,Delta-I-09,Niger Delta Onshore,8/5/2024,2533,8129,15.54,0,Active
WELL_009,Delta-I-09,Niger Delta Offshore,8/6/2024,1751,5597,15.55,7,Maintenance
WELL_009,Delta-I-09,Niger Delta Onshore,8/7/2024,2609,8184,15.58,1,Active
WELL_009,Delta-I-09,Niger Delta Offshore,8/8/2024,2604,8089,15.6,2,Active
WELL_009,Delta-I-09,Niger Delta Onshore,8/9/2024,2549,8083,15.63,1,Active
WELL_009,Delta-I-09,Niger Delta Offshore,8/10/2024,2572,8080,15.65,1,Active
WELL_009,Delta-I-09,Niger Delta Onshore,8/11/2024,2545,8199,15.69,2,Active
WELL_009,Delta-I-09,Niger Delta Onshore,8/12/2024,2543,8082,15.73,2,Active
WELL_009,Delta-I-09,Niger Delta Offshore,8/13/2024,2553,8067,15.77,3,Active
WELL_009,Delta-I-09,Niger Delta Onshore,8/14/2024,2612,8005,15.79,2,Active
WELL_009,Delta-I-09,Niger Delta Onshore,8/15/2024,2526,8140,15.82,0,Active
WELL_009,Delta-I-09,Niger Delta Offshore,8/16/2024,2544,8068,15.86,0,Active
WELL_009,Delta-I-09,Niger Delta Offshore,8/17/2024,2530,8174,15.88,2,Active
WELL_009,Delta-I-09,Niger Delta Onshore,8/18/2024,2571,8002,15.93,1,Active
WELL_009,Delta-I-09,Niger Delta Offshore,8/19/2024,2513,8014,15.97,2,Active
WELL_009,Delta-I-09,Niger Delta Offshore,8/20/2024,2542,7998,16.01,3,Active
WELL_009,Delta-I-09,Niger Delta Onshore,8/21/2024,2533,8076,16.02,0,Active
WELL_009,Delta-I-09,Niger Delta Offshore,8/22/2024,2540,8049,16.04,2,Active
WELL_009,Delta-I-09,Niger Delta Offshore,8/23/2024,2574,8004,16.06,3,Active
WELL_009,Delta-I-09,Niger Delta Onshore,8/24/2024,2574,8152,16.09,1,Active
WELL_009,Delta-I-09,Niger Delta Offshore,8/25/2024,2604,8018,16.14,2,Active
WELL_009,Delta-I-09,Niger Delta Onshore,8/26/2024,2551,8043,16.19,0,Active
WELL_009,Delta-I-09,Niger Delta Offshore,8/27/2024,2583,8020,16.23,2,Active
WELL_009,Delta-I-09,Niger Delta Onshore,8/28/2024,2589,8030,16.25,0,Active
WELL_009,Delta-I-09,Niger Delta Offshore,8/29/2024,2533,8141,16.27,3,Active
WELL_009,Delta-I-09,Niger Delta Offshore,8/30/2024,2521,8138,16.3,3,Active
WELL_009,Delta-I-09,Niger Delta Offshore,8/31/2024,2507,8076,16.31,2,Active
WELL_009,Delta-I-09,Niger Delta Onshore,9/1/2024,2505,8033,16.34,1,Active
WELL_009,Delta-I-09,Niger Delta Offshore,9/2/2024,2553,8013,16.35,2,Active
WELL_009,Delta-I-09,Niger Delta Onshore,9/3/2024,1737,5470,16.38,4,Maintenance
WELL_009,Delta-I-09,Niger Delta Onshore,9/4/2024,2542,8068,16.4,0,Active
WELL_009,Delta-I-09,Niger Delta Offshore,9/5/2024,2567,8053,16.41,2,Active
WELL_009,Delta-I-09,Niger Delta Offshore,9/6/2024,2560,8054,16.44,0,Active
WELL_009,Delta-I-09,Niger Delta Onshore,9/7/2024,2559,7964,16.48,0,Active
WELL_009,Delta-I-09,Niger Delta Offshore,9/8/2024,2549,8108,16.51,1,Active
WELL_009,Delta-I-09,Niger Delta Onshore,9/9/2024,1679,5537,16.53,4,Maintenance
WELL_009,Delta-I-09,Niger Delta Onshore,9/10/2024,1712,5488,16.57,4,Maintenance
WELL_009,Delta-I-09,Niger Delta Offshore,9/11/2024,2575,8118,16.59,1,Active
WELL_009,Delta-I-09,Niger Delta Onshore,9/12/2024,2520,8138,16.64,1,Active
WELL_009,Delta-I-09,Niger Delta Offshore,9/13/2024,2492,7981,16.67,0,Active
WELL_009,Delta-I-09,Niger Delta Onshore,9/14/2024,676,2445,16.71,22,Failed
WELL_009,Delta-I-09,Niger Delta Offshore,9/15/2024,2560,8025,16.75,0,Active
WELL_009,Delta-I-09,Niger Delta Offshore,9/16/2024,2532,8104,16.77,3,Active
WELL_009,Delta-I-09,Niger Delta Offshore,9/17/2024,1664,5505,16.8,5,Maintenance
WELL_009,Delta-I-09,Niger Delta Onshore,9/18/2024,2541,8126,16.83,1,Active
WELL_009,Delta-I-09,Niger Delta Onshore,9/19/2024,2518,8029,16.85,1,Active
WELL_009,Delta-I-09,Niger Delta Offshore,9/20/2024,2503,7928,16.89,1,Active
WELL_009,Delta-I-09,Niger Delta Onshore,9/21/2024,2512,8075,16.93,3,Active
WELL_009,Delta-I-09,Niger Delta Offshore,9/22/2024,2526,8021,16.94,3,Active
WELL_009,Delta-I-09,Niger Delta Onshore,9/23/2024,2563,8002,16.97,2,Active
WELL_009,Delta-I-09,Niger Delta Offshore,9/24/2024,2581,8060,17.02,3,Active
WELL_009,Delta-I-09,Niger Delta Onshore,9/25/2024,2483,7985,17.03,2,Active
WELL_009,Delta-I-09,Niger Delta Offshore,9/26/2024,544,1309,17.04,10,Failed
WELL_009,Delta-I-09,Niger Delta Offshore,9/27/2024,2497,8099,17.05,1,Active
WELL_009,Delta-I-09,Niger Delta Offshore,9/28/2024,1750,5491,17.09,7,Maintenance
WELL_009,Delta-I-09,Niger Delta Offshore,9/29/2024,2551,7930,17.13,0,Active
WELL_009,Delta-I-09,Niger Delta Offshore,9/30/2024,2530,8021,17.15,3,Active
WELL_009,Delta-I-09,Niger Delta Offshore,10/1/2024,2477,8029,17.19,0,Active
WELL_009,Delta-I-09,Niger Delta Onshore,10/2/2024,2565,8001,17.21,2,Active
WELL_009,Delta-I-09,Niger Delta Onshore,10/3/2024,2510,7924,17.24,2,Active
WELL_009,Delta-I-09,Niger Delta Onshore,10/4/2024,1688,5402,17.27,5,Maintenance
WELL_009,Delta-I-09,Niger Delta Offshore,10/5/2024,1670,5486,17.32,9,Maintenance
WELL_009,Delta-I-09,Niger Delta Offshore,10/6/2024,2522,8081,17.34,2,Active
WELL_009,Delta-I-09,Niger Delta Onshore,10/7/2024,2544,7976,17.36,0,Active
WELL_009,Delta-I-09,Niger Delta Onshore,10/8/2024,3,1704,17.39,18,Failed
WELL_009,Delta-I-09,Niger Delta Offshore,10/9/2024,1659,5459,17.41,6,Maintenance
WELL_009,Delta-I-09,Niger Delta Onshore,10/10/2024,2507,7978,17.45,0,Active
WELL_009,Delta-I-09,Niger Delta Offshore,10/11/2024,2513,7944,17.48,2,Active
WELL_009,Delta-I-09,Niger Delta Onshore,10/12/2024,2497,8029,17.51,1,Active
WELL_009,Delta-I-09,Niger Delta Offshore,10/13/2024,1655,5367,17.56,9,Maintenance
WELL_009,Delta-I-09,Niger Delta Onshore,10/14/2024,2528,7933,17.59,2,Active
WELL_009,Delta-I-09,Niger Delta Offshore,10/15/2024,763,2401,17.63,23,Failed
WELL_009,Delta-I-09,Niger Delta Offshore,10/16/2024,2493,7975,17.67,2,Active
WELL_009,Delta-I-09,Niger Delta Offshore,10/17/2024,2513,8064,17.72,0,Active
WELL_009,Delta-I-09,Niger Delta Onshore,10/18/2024,2563,7916,17.75,0,Active
WELL_009,Delta-I-09,Niger Delta Offshore,10/19/2024,67,2259,17.78,20,Failed
WELL_009,Delta-I-09,Niger Delta Onshore,10/20/2024,2489,8040,17.8,3,Active
WELL_009,Delta-I-09,Niger Delta Onshore,10/21/2024,1672,5389,17.85,9,Maintenance
WELL_009,Delta-I-09,Niger Delta Onshore,10/22/2024,1682,5402,17.88,6,Maintenance
WELL_009,Delta-I-09,Niger Delta Onshore,10/23/2024,2501,8054,17.91,0,Active
WELL_009,Delta-I-09,Niger Delta Offshore,10/24/2024,437,2490,17.93,16,Failed
WELL_009,Delta-I-09,Niger Delta Onshore,10/25/2024,2551,7955,17.97,2,Active
WELL_009,Delta-I-09,Niger Delta Offshore,10/26/2024,2509,8054,18,0,Active
WELL_009,Delta-I-09,Niger Delta Onshore,10/27/2024,1670,5417,18.05,5,Maintenance
WELL_009,Delta-I-09,Niger Delta Offshore,10/28/2024,2522,8044,18.1,1,Active
WELL_009,Delta-I-09,Niger Delta Onshore,10/29/2024,2549,7956,18.14,0,Active
WELL_009,Delta-I-09,Niger Delta Onshore,10/30/2024,2505,7888,18.19,2,Active
WELL_009,Delta-I-09,Niger Delta Onshore,10/31/2024,2550,7888,18.2,3,Active
WELL_009,Delta-I-09,Niger Delta Onshore,11/1/2024,2499,7935,18.24,1,Active
WELL_009,Delta-I-09,Niger Delta Onshore,11/2/2024,2546,7854,18.26,0,Active
WELL_009,Delta-I-09,Niger Delta Offshore,11/3/2024,1681,5324,18.31,4,Maintenance
WELL_009,Delta-I-09,Niger Delta Onshore,11/4/2024,2501,7856,18.33,3,Active
WELL_009,Delta-I-09,Niger Delta Onshore,11/5/2024,2547,7979,18.37,3,Active
WELL_009,Delta-I-09,Niger Delta Onshore,11/6/2024,2456,8022,18.38,3,Active
WELL_009,Delta-I-09,Niger Delta Offshore,11/7/2024,2532,8014,18.41,2,Active
WELL_009,Delta-I-09,Niger Delta Onshore,11/8/2024,2515,7981,18.46,2,Active
WELL_009,Delta-I-09,Niger Delta Offshore,11/9/2024,2457,7966,18.5,0,Active
WELL_009,Delta-I-09,Niger Delta Offshore,11/10/2024,2473,7887,18.54,0,Active
WELL_009,Delta-I-09,Niger Delta Offshore,11/11/2024,2530,7951,18.56,2,Active
WELL_009,Delta-I-09,Niger Delta Offshore,11/12/2024,2502,8020,18.59,1,Active
WELL_009,Delta-I-09,Niger Delta Offshore,11/13/2024,2474,7827,18.61,0,Active
WELL_009,Delta-I-09,Niger Delta Offshore,11/14/2024,2479,7960,18.63,2,Active
WELL_009,Delta-I-09,Niger Delta Onshore,11/15/2024,2518,8010,18.67,0,Active
WELL_009,Delta-I-09,Niger Delta Offshore,11/16/2024,1655,5320,18.72,9,Maintenance
WELL_009,Delta-I-09,Niger Delta Onshore,11/17/2024,2539,7975,18.74,1,Active
WELL_009,Delta-I-09,Niger Delta Offshore,11/18/2024,2445,7840,18.78,1,Active
WELL_009,Delta-I-09,Niger Delta Onshore,11/19/2024,2530,7810,18.82,0,Active
WELL_009,Delta-I-09,Niger Delta Onshore,11/20/2024,2464,7809,18.86,2,Active
WELL_009,Delta-I-09,Niger Delta Offshore,11/21/2024,2532,7870,18.91,2,Active
WELL_009,Delta-I-09,Niger Delta Offshore,11/22/2024,2446,7802,18.94,0,Active
WELL_009,Delta-I-09,Niger Delta Onshore,11/23/2024,2469,7913,18.99,1,Active
WELL_009,Delta-I-09,Niger Delta Onshore,11/24/2024,1690,5364,19.01,7,Maintenance
WELL_009,Delta-I-09,Niger Delta Offshore,11/25/2024,812,684,19.02,16,Failed
WELL_009,Delta-I-09,Niger Delta Onshore,11/26/2024,814,301,19.04,16,Failed
WELL_009,Delta-I-09,Niger Delta Onshore,11/27/2024,700,2534,19.07,13,Failed
WELL_009,Delta-I-09,Niger Delta Offshore,11/28/2024,190,2547,19.09,12,Failed
WELL_009,Delta-I-09,Niger Delta Onshore,11/29/2024,2529,7831,19.12,0,Active
WELL_009,Delta-I-09,Niger Delta Offshore,11/30/2024,2486,7895,19.16,0,Active
WELL_009,Delta-I-09,Niger Delta Offshore,12/1/2024,2463,7974,19.2,1,Active
WELL_009,Delta-I-09,Niger Delta Onshore,12/2/2024,1634,5396,19.24,4,Maintenance
WELL_009,Delta-I-09,Niger Delta Onshore,12/3/2024,2447,7963,19.29,2,Active
WELL_009,Delta-I-09,Niger Delta Onshore,12/4/2024,2510,7855,19.31,0,Active
WELL_009,Delta-I-09,Niger Delta Onshore,12/5/2024,1672,5311,19.35,9,Maintenance
WELL_009,Delta-I-09,Niger Delta Onshore,12/6/2024,2430,7930,19.37,0,Active
WELL_009,Delta-I-09,Niger Delta Offshore,12/7/2024,2485,7871,19.4,1,Active
WELL_009,Delta-I-09,Niger Delta Offshore,12/8/2024,611,1405,19.43,23,Failed
WELL_009,Delta-I-09,Niger Delta Onshore,12/9/2024,2430,7929,19.46,0,Active
WELL_009,Delta-I-09,Niger Delta Onshore,12/10/2024,467,2552,19.5,10,Failed
WELL_009,Delta-I-09,Niger Delta Offshore,12/11/2024,2490,7766,19.55,1,Active
WELL_009,Delta-I-09,Niger Delta Onshore,12/12/2024,2473,7941,19.56,1,Active
WELL_009,Delta-I-09,Niger Delta Onshore,12/13/2024,2505,7934,19.57,1,Active
WELL_009,Delta-I-09,Niger Delta Onshore,12/14/2024,2465,7871,19.6,3,Active
WELL_009,Delta-I-09,Niger Delta Onshore,12/15/2024,692,1360,19.64,22,Failed
WELL_009,Delta-I-09,Niger Delta Onshore,12/16/2024,2464,7918,19.68,1,Active
WELL_009,Delta-I-09,Niger Delta Onshore,12/17/2024,2442,7839,19.71,0,Active
WELL_009,Delta-I-09,Niger Delta Onshore,12/18/2024,1611,5297,19.74,5,Maintenance
WELL_009,Delta-I-09,Niger Delta Onshore,12/19/2024,2461,7774,19.75,1,Active
WELL_009,Delta-I-09,Niger Delta Onshore,12/20/2024,2428,7781,19.78,1,Active
WELL_009,Delta-I-09,Niger Delta Offshore,12/21/2024,2497,7837,19.8,3,Active
WELL_009,Delta-I-09,Niger Delta Offshore,12/22/2024,2429,7866,19.84,1,Active
WELL_009,Delta-I-09,Niger Delta Offshore,12/23/2024,2420,7881,19.86,2,Active
WELL_009,Delta-I-09,Niger Delta Offshore,12/24/2024,2413,7876,19.88,1,Active
WELL_009,Delta-I-09,Niger Delta Onshore,12/25/2024,2410,7875,19.93,1,Active
WELL_009,Delta-I-09,Niger Delta Onshore,12/26/2024,1626,5348,19.94,9,Maintenance
WELL_009,Delta-I-09,Niger Delta Offshore,12/27/2024,2480,7871,19.99,0,Active
WELL_009,Delta-I-09,Niger Delta Offshore,12/28/2024,2474,7871,20.02,3,Active
WELL_009,Delta-I-09,Niger Delta Offshore,12/29/2024,2454,7833,20.06,1,Active
WELL_009,Delta-I-09,Niger Delta Offshore,12/30/2024,2407,7750,20.08,1,Active
WELL_009,Delta-I-09,Niger Delta Offshore,12/31/2024,684,1965,20.09,10,Failed
WELL_009,Delta-I-09,Niger Delta Onshore,1/1/2025,2414,7905,20.11,3,Active
WELL_009,Delta-I-09,Niger Delta Onshore,1/2/2025,2483,7769,20.15,0,Active
WELL_009,Delta-I-09,Niger Delta Offshore,1/3/2025,2485,7737,20.17,0,Active
WELL_009,Delta-I-09,Niger Delta Offshore,1/4/2025,2442,7858,20.2,0,Active
WELL_009,Delta-I-09,Niger Delta Onshore,1/5/2025,1594,5325,20.22,8,Maintenance
WELL_009,Delta-I-09,Niger Delta Offshore,1/6/2025,2452,7851,20.25,3,Active
WELL_009,Delta-I-09,Niger Delta Offshore,1/7/2025,2438,7861,20.28,3,Active
WELL_009,Delta-I-09,Niger Delta Onshore,1/8/2025,1656,5242,20.31,4,Maintenance
WELL_009,Delta-I-09,Niger Delta Onshore,1/9/2025,2447,7782,20.35,3,Active
WELL_009,Delta-I-09,Niger Delta Offshore,1/10/2025,2414,7741,20.37,1,Active
WELL_009,Delta-I-09,Niger Delta Offshore,1/11/2025,2441,7890,20.39,2,Active
WELL_009,Delta-I-09,Niger Delta Onshore,1/12/2025,1620,5137,20.43,9,Maintenance
WELL_009,Delta-I-09,Niger Delta Onshore,1/13/2025,2467,7787,20.46,1,Active
WELL_009,Delta-I-09,Niger Delta Offshore,1/14/2025,2393,7773,20.49,0,Active
WELL_009,Delta-I-09,Niger Delta Onshore,1/15/2025,2454,7780,20.53,3,Active
WELL_009,Delta-I-09,Niger Delta Onshore,1/16/2025,2452,7884,20.54,2,Active
WELL_009,Delta-I-09,Niger Delta Onshore,1/17/2025,462,2089,20.56,13,Failed
WELL_009,Delta-I-09,Niger Delta Offshore,1/18/2025,2454,7709,20.6,1,Active
WELL_009,Delta-I-09,Niger Delta Offshore,1/19/2025,2439,7743,20.64,1,Active
WELL_009,Delta-I-09,Niger Delta Onshore,1/20/2025,2411,7773,20.66,2,Active
WELL_009,Delta-I-09,Niger Delta Onshore,1/21/2025,2400,7688,20.69,1,Active
WELL_009,Delta-I-09,Niger Delta Onshore,1/22/2025,2453,7720,20.72,2,Active
WELL_009,Delta-I-09,Niger Delta Onshore,1/23/2025,817,1002,20.76,21,Failed
WELL_009,Delta-I-09,Niger Delta Offshore,1/24/2025,2403,7726,20.79,1,Active
WELL_009,Delta-I-09,Niger Delta Offshore,1/25/2025,2438,7722,20.84,3,Active
WELL_009,Delta-I-09,Niger Delta Offshore,1/26/2025,291,291,20.87,18,Failed
WELL_009,Delta-I-09,Niger Delta Onshore,1/27/2025,2452,7869,20.89,1,Active
WELL_009,Delta-I-09,Niger Delta Onshore,1/28/2025,2479,7687,20.91,1,Active
WELL_009,Delta-I-09,Niger Delta Offshore,1/29/2025,1566,5177,20.93,5,Maintenance
WELL_009,Delta-I-09,Niger Delta Onshore,1/30/2025,2401,7767,20.95,2,Active
WELL_009,Delta-I-09,Niger Delta Offshore,1/31/2025,2393,7704,21,0,Active
WELL_009,Delta-I-09,Niger Delta Onshore,2/1/2025,2465,7831,21.04,2,Active
WELL_009,Delta-I-09,Niger Delta Offshore,2/2/2025,2463,7793,21.08,3,Active
WELL_009,Delta-I-09,Niger Delta Offshore,2/3/2025,2468,7811,21.12,1,Active
WELL_009,Delta-I-09,Niger Delta Onshore,2/4/2025,2413,7777,21.14,2,Active
WELL_009,Delta-I-09,Niger Delta Onshore,2/5/2025,1638,5097,21.16,5,Maintenance
WELL_009,Delta-I-09,Niger Delta Onshore,2/6/2025,2421,7814,21.19,1,Active
WELL_009,Delta-I-09,Niger Delta Offshore,2/7/2025,2466,7774,21.21,1,Active
WELL_009,Delta-I-09,Niger Delta Onshore,2/8/2025,1550,5241,21.22,9,Maintenance
WELL_009,Delta-I-09,Niger Delta Onshore,2/9/2025,1619,5236,21.24,7,Maintenance
WELL_009,Delta-I-09,Niger Delta Onshore,2/10/2025,2462,7678,21.26,3,Active
WELL_009,Delta-I-09,Niger Delta Offshore,2/11/2025,2384,7644,21.31,2,Active
WELL_009,Delta-I-09,Niger Delta Onshore,2/12/2025,2398,7776,21.33,3,Active
WELL_009,Delta-I-09,Niger Delta Offshore,2/13/2025,2372,7668,21.35,0,Active
WELL_009,Delta-I-09,Niger Delta Onshore,2/14/2025,2419,7758,21.38,3,Active
WELL_009,Delta-I-09,Niger Delta Offshore,2/15/2025,2429,7689,21.42,3,Active
WELL_009,Delta-I-09,Niger Delta Offshore,2/16/2025,94,2471,21.45,15,Failed
WELL_009,Delta-I-09,Niger Delta Onshore,2/17/2025,2409,7752,21.5,1,Active
WELL_009,Delta-I-09,Niger Delta Offshore,2/18/2025,2448,7785,21.54,2,Active
WELL_009,Delta-I-09,Niger Delta Onshore,2/19/2025,2440,7796,21.59,1,Active
WELL_009,Delta-I-09,Niger Delta Offshore,2/20/2025,2368,7684,21.61,2,Active
WELL_009,Delta-I-09,Niger Delta Onshore,2/21/2025,252,1587,21.65,11,Failed
WELL_009,Delta-I-09,Niger Delta Offshore,2/22/2025,2432,7772,21.66,1,Active
WELL_009,Delta-I-09,Niger Delta Offshore,2/23/2025,1608,5118,21.71,8,Maintenance
WELL_009,Delta-I-09,Niger Delta Onshore,2/24/2025,2366,7649,21.72,1,Active
WELL_009,Delta-I-09,Niger Delta Onshore,2/25/2025,2374,7802,21.75,3,Active
WELL_009,Delta-I-09,Niger Delta Offshore,2/26/2025,2432,7685,21.78,2,Active
WELL_009,Delta-I-09,Niger Delta Offshore,2/27/2025,1565,5200,21.83,6,Maintenance
WELL_009,Delta-I-09,Niger Delta Offshore,2/28/2025,1593,5235,21.86,5,Maintenance
WELL_009,Delta-I-09,Niger Delta Onshore,3/1/2025,1623,5219,21.88,7,Maintenance
WELL_009,Delta-I-09,Niger Delta Offshore,3/2/2025,1556,5050,21.91,5,Maintenance
WELL_009,Delta-I-09,Niger Delta Offshore,3/3/2025,2398,7682,21.92,3,Active
WELL_009,Delta-I-09,Niger Delta Offshore,3/4/2025,2407,7609,21.96,1,Active
WELL_009,Delta-I-09,Niger Delta Offshore,3/5/2025,2386,7736,21.97,1,Active
WELL_009,Delta-I-09,Niger Delta Offshore,3/6/2025,2443,7632,21.99,3,Active
WELL_009,Delta-I-09,Niger Delta Onshore,3/7/2025,1609,5114,22.01,5,Maintenance
WELL_009,Delta-I-09,Niger Delta Offshore,3/8/2025,2436,7672,22.06,3,Active
WELL_009,Delta-I-09,Niger Delta Onshore,3/9/2025,2399,7637,22.09,0,Active
WELL_009,Delta-I-09,Niger Delta Offshore,3/10/2025,778,1805,22.12,19,Failed
WELL_009,Delta-I-09,Niger Delta Offshore,3/11/2025,2441,7754,22.15,3,Active
WELL_009,Delta-I-09,Niger Delta Offshore,3/12/2025,2405,7606,22.17,3,Active
WELL_009,Delta-I-09,Niger Delta Offshore,3/13/2025,58,160,22.2,21,Failed
WELL_009,Delta-I-09,Niger Delta Onshore,3/14/2025,2360,7766,22.21,0,Active
WELL_009,Delta-I-09,Niger Delta Onshore,3/15/2025,2438,7718,22.24,3,Active
WELL_009,Delta-I-09,Niger Delta Offshore,3/16/2025,239,2250,22.26,21,Failed
WELL_009,Delta-I-09,Niger Delta Onshore,3/17/2025,2354,7652,22.28,1,Active
WELL_009,Delta-I-09,Niger Delta Offshore,3/18/2025,1575,5134,22.32,6,Maintenance
WELL_009,Delta-I-09,Niger Delta Onshore,3/19/2025,2438,7741,22.36,1,Active
WELL_009,Delta-I-09,Niger Delta Offshore,3/20/2025,2426,7741,22.39,3,Active
WELL_009,Delta-I-09,Niger Delta Offshore,3/21/2025,2348,7698,22.43,3,Active
WELL_009,Delta-I-09,Niger Delta Offshore,3/22/2025,2373,7645,22.48,1,Active
WELL_009,Delta-I-09,Niger Delta Offshore,3/23/2025,2353,7692,22.5,0,Active
WELL_009,Delta-I-09,Niger Delta Onshore,3/24/2025,2420,7571,22.53,2,Active
WELL_009,Delta-I-09,Niger Delta Onshore,3/25/2025,2375,7693,22.55,0,Active
WELL_009,Delta-I-09,Niger Delta Onshore,3/26/2025,290,110,22.59,11,Failed
WELL_009,Delta-I-09,Niger Delta Offshore,3/27/2025,1539,5014,22.6,9,Maintenance
WELL_009,Delta-I-09,Niger Delta Offshore,3/28/2025,43,654,22.64,16,Failed
WELL_009,Delta-I-09,Niger Delta Onshore,3/29/2025,2396,7553,22.68,0,Active
WELL_009,Delta-I-09,Niger Delta Onshore,3/30/2025,2388,7657,22.72,0,Active
WELL_009,Delta-I-09,Niger Delta Offshore,3/31/2025,2421,7617,22.75,2,Active
WELL_009,Delta-I-09,Niger Delta Offshore,4/1/2025,131,1057,22.78,21,Failed
WELL_009,Delta-I-09,Niger Delta Offshore,4/2/2025,798,1359,22.8,21,Failed
WELL_009,Delta-I-09,Niger Delta Onshore,4/3/2025,1575,5095,22.84,7,Maintenance
WELL_009,Delta-I-09,Niger Delta Onshore,4/4/2025,1550,5048,22.89,7,Maintenance
WELL_009,Delta-I-09,Niger Delta Onshore,4/5/2025,2386,7624,22.92,3,Active
WELL_009,Delta-I-09,Niger Delta Onshore,4/6/2025,235,398,22.94,13,Failed
WELL_009,Delta-I-09,Niger Delta Onshore,4/7/2025,2399,7617,22.96,0,Active
WELL_009,Delta-I-09,Niger Delta Onshore,4/8/2025,2383,7702,23.01,0,Active
WELL_009,Delta-I-09,Niger Delta Onshore,4/9/2025,2327,7598,23.04,0,Active
WELL_009,Delta-I-09,Niger Delta Offshore,4/10/2025,2420,7594,23.08,3,Active
WELL_009,Delta-I-09,Niger Delta Offshore,4/11/2025,2413,7540,23.12,3,Active
WELL_009,Delta-I-09,Niger Delta Offshore,4/12/2025,2414,7666,23.14,0,Active
WELL_009,Delta-I-09,Niger Delta Offshore,4/13/2025,2352,7570,23.16,1,Active
WELL_009,Delta-I-09,Niger Delta Onshore,4/14/2025,2420,7521,23.18,2,Active
WELL_009,Delta-I-09,Niger Delta Onshore,4/15/2025,2353,7560,23.22,3,Active
WELL_009,Delta-I-09,Niger Delta Offshore,4/16/2025,21,558,23.26,23,Failed
WELL_009,Delta-I-09,Niger Delta Onshore,4/17/2025,2365,7536,23.3,2,Active
WELL_009,Delta-I-09,Niger Delta Onshore,4/18/2025,2392,7694,23.33,0,Active
WELL_009,Delta-I-09,Niger Delta Onshore,4/19/2025,2324,7666,23.38,1,Active
WELL_009,Delta-I-09,Niger Delta Offshore,4/20/2025,2416,7558,23.4,1,Active
WELL_009,Delta-I-09,Niger Delta Onshore,4/21/2025,333,2471,23.44,18,Failed
WELL_009,Delta-I-09,Niger Delta Offshore,4/22/2025,2405,7545,23.47,0,Active
WELL_009,Delta-I-09,Niger Delta Offshore,4/23/2025,2405,7603,23.52,1,Active
WELL_009,Delta-I-09,Niger Delta Offshore,4/24/2025,1562,5123,23.53,9,Maintenance
WELL_009,Delta-I-09,Niger Delta Onshore,4/25/2025,2370,7578,23.56,0,Active
WELL_009,Delta-I-09,Niger Delta Offshore,4/26/2025,2383,7564,23.6,0,Active
WELL_009,Delta-I-09,Niger Delta Offshore,4/27/2025,656,2021,23.63,16,Failed
WELL_009,Delta-I-09,Niger Delta Offshore,4/28/2025,2390,7518,23.64,3,Active
WELL_009,Delta-I-09,Niger Delta Offshore,4/29/2025,1569,4933,23.65,9,Maintenance
WELL_009,Delta-I-09,Niger Delta Onshore,4/30/2025,2382,7547,23.69,1,Active
WELL_009,Delta-I-09,Niger Delta Offshore,5/1/2025,2388,7566,23.73,0,Active
WELL_009,Delta-I-09,Niger Delta Onshore,5/2/2025,1555,4949,23.75,9,Maintenance
WELL_009,Delta-I-09,Niger Delta Offshore,5/3/2025,2360,7676,23.79,3,Active
WELL_009,Delta-I-09,Niger Delta Offshore,5/4/2025,2395,7636,23.8,3,Active
WELL_009,Delta-I-09,Niger Delta Offshore,5/5/2025,1570,4973,23.84,8,Maintenance
WELL_009,Delta-I-09,Niger Delta Onshore,5/6/2025,2311,7649,23.88,2,Active
WELL_009,Delta-I-09,Niger Delta Onshore,5/7/2025,1516,4988,23.89,8,Maintenance
WELL_009,Delta-I-09,Niger Delta Onshore,5/8/2025,2366,7531,23.94,1,Active
WELL_009,Delta-I-09,Niger Delta Onshore,5/9/2025,2350,7629,23.98,3,Active
WELL_009,Delta-I-09,Niger Delta Onshore,5/10/2025,1483,5006,24.02,5,Maintenance
WELL_009,Delta-I-09,Niger Delta Offshore,5/11/2025,2326,7507,24.06,3,Active
WELL_009,Delta-I-09,Niger Delta Offshore,5/12/2025,2398,7652,24.1,0,Active
WELL_009,Delta-I-09,Niger Delta Offshore,5/13/2025,2364,7580,24.14,3,Active
WELL_009,Delta-I-09,Niger Delta Onshore,5/14/2025,2325,7501,24.17,0,Active
WELL_010,Delta-J-10,Niger Delta Onshore,1/1/2024,2105,11036,8.05,2,Active
WELL_010,Delta-J-10,Niger Delta Offshore,1/2/2024,2110,10983,8.06,3,Active
WELL_010,Delta-J-10,Niger Delta Offshore,1/3/2024,2065,11046,8.07,1,Active
WELL_010,Delta-J-10,Niger Delta Onshore,1/4/2024,2051,10985,8.12,3,Active
WELL_010,Delta-J-10,Niger Delta Onshore,1/5/2024,2046,11002,8.14,2,Active
WELL_010,Delta-J-10,Niger Delta Offshore,1/6/2024,2020,11018,8.19,2,Active
WELL_010,Delta-J-10,Niger Delta Offshore,1/7/2024,167,283,8.21,17,Failed
WELL_010,Delta-J-10,Niger Delta Onshore,1/8/2024,2053,10948,8.23,3,Active
WELL_010,Delta-J-10,Niger Delta Onshore,1/9/2024,2077,11018,8.25,1,Active
WELL_010,Delta-J-10,Niger Delta Offshore,1/10/2024,2044,11022,8.26,2,Active
WELL_010,Delta-J-10,Niger Delta Onshore,1/11/2024,2027,10923,8.3,1,Active
WELL_010,Delta-J-10,Niger Delta Onshore,1/12/2024,2046,11002,8.34,3,Active
WELL_010,Delta-J-10,Niger Delta Onshore,1/13/2024,2054,11016,8.38,1,Active
WELL_010,Delta-J-10,Niger Delta Onshore,1/14/2024,411,2403,8.4,20,Failed
WELL_010,Delta-J-10,Niger Delta Onshore,1/15/2024,2041,10924,8.43,3,Active
WELL_010,Delta-J-10,Niger Delta Offshore,1/16/2024,2010,11046,8.46,0,Active
WELL_010,Delta-J-10,Niger Delta Offshore,1/17/2024,2040,11068,8.48,3,Active
WELL_010,Delta-J-10,Niger Delta Offshore,1/18/2024,2068,10951,8.53,3,Active
WELL_010,Delta-J-10,Niger Delta Offshore,1/19/2024,148,3169,8.55,21,Failed
WELL_010,Delta-J-10,Niger Delta Offshore,1/20/2024,2032,11023,8.58,1,Active
WELL_010,Delta-J-10,Niger Delta Offshore,1/21/2024,2015,10942,8.63,2,Active
WELL_010,Delta-J-10,Niger Delta Onshore,1/22/2024,2058,11052,8.68,1,Active
WELL_010,Delta-J-10,Niger Delta Onshore,1/23/2024,2032,10956,8.73,1,Active
WELL_010,Delta-J-10,Niger Delta Onshore,1/24/2024,2016,11007,8.77,0,Active
WELL_010,Delta-J-10,Niger Delta Offshore,1/25/2024,2060,10977,8.82,3,Active
WELL_010,Delta-J-10,Niger Delta Offshore,1/26/2024,2043,10996,8.86,2,Active
WELL_010,Delta-J-10,Niger Delta Offshore,1/27/2024,2045,10926,8.91,0,Active
WELL_010,Delta-J-10,Niger Delta Onshore,1/28/2024,31,1523,8.93,21,Failed
WELL_010,Delta-J-10,Niger Delta Offshore,1/29/2024,2031,11037,8.96,3,Active
WELL_010,Delta-J-10,Niger Delta Offshore,1/30/2024,2005,11025,8.99,0,Active
WELL_010,Delta-J-10,Niger Delta Offshore,1/31/2024,2006,10979,9.01,2,Active
WELL_010,Delta-J-10,Niger Delta Onshore,2/1/2024,2012,10917,9.04,1,Active
WELL_010,Delta-J-10,Niger Delta Offshore,2/2/2024,2064,10900,9.08,1,Active
WELL_010,Delta-J-10,Niger Delta Onshore,2/3/2024,523,546,9.12,22,Failed
WELL_010,Delta-J-10,Niger Delta Onshore,2/4/2024,2057,10850,9.15,2,Active
WELL_010,Delta-J-10,Niger Delta Offshore,2/5/2024,2039,10884,9.2,0,Active
WELL_010,Delta-J-10,Niger Delta Offshore,2/6/2024,2032,10887,9.24,2,Active
WELL_010,Delta-J-10,Niger Delta Offshore,2/7/2024,561,2387,9.28,10,Failed
WELL_010,Delta-J-10,Niger Delta Onshore,2/8/2024,2020,10837,9.3,1,Active
WELL_010,Delta-J-10,Niger Delta Offshore,2/9/2024,2011,10942,9.31,3,Active
WELL_010,Delta-J-10,Niger Delta Offshore,2/10/2024,2065,10982,9.35,2,Active
WELL_010,Delta-J-10,Niger Delta Onshore,2/11/2024,2064,10897,9.37,2,Active
WELL_010,Delta-J-10,Niger Delta Offshore,2/12/2024,2076,10882,9.39,3,Active
WELL_010,Delta-J-10,Niger Delta Onshore,2/13/2024,193,1542,9.43,23,Failed
WELL_010,Delta-J-10,Niger Delta Offshore,2/14/2024,1407,7713,9.47,7,Maintenance
WELL_010,Delta-J-10,Niger Delta Offshore,2/15/2024,2060,10952,9.49,0,Active
WELL_010,Delta-J-10,Niger Delta Offshore,2/16/2024,2038,10862,9.51,2,Active
WELL_010,Delta-J-10,Niger Delta Offshore,2/17/2024,343,656,9.54,15,Failed
WELL_010,Delta-J-10,Niger Delta Onshore,2/18/2024,2040,10976,9.55,1,Active
WELL_010,Delta-J-10,Niger Delta Offshore,2/19/2024,2033,10944,9.58,3,Active
WELL_010,Delta-J-10,Niger Delta Onshore,2/20/2024,1984,10927,9.63,3,Active
WELL_010,Delta-J-10,Niger Delta Onshore,2/21/2024,1987,10840,9.68,2,Active
WELL_010,Delta-J-10,Niger Delta Onshore,2/22/2024,2070,10921,9.69,0,Active
WELL_010,Delta-J-10,Niger Delta Offshore,2/23/2024,1369,7508,9.71,5,Maintenance
WELL_010,Delta-J-10,Niger Delta Offshore,2/24/2024,2005,10844,9.75,2,Active
WELL_010,Delta-J-10,Niger Delta Onshore,2/25/2024,1403,7630,9.77,5,Maintenance
WELL_010,Delta-J-10,Niger Delta Offshore,2/26/2024,2045,10948,9.81,1,Active
WELL_010,Delta-J-10,Niger Delta Offshore,2/27/2024,1983,10850,9.83,2,Active
WELL_010,Delta-J-10,Niger Delta Offshore,2/28/2024,156,2902,9.87,23,Failed
WELL_010,Delta-J-10,Niger Delta Offshore,2/29/2024,1977,10793,9.89,0,Active
WELL_010,Delta-J-10,Niger Delta Offshore,3/1/2024,2005,10930,9.91,1,Active
WELL_010,Delta-J-10,Niger Delta Onshore,3/2/2024,1985,10883,9.93,1,Active
WELL_010,Delta-J-10,Niger Delta Offshore,3/3/2024,2035,10859,9.95,1,Active
WELL_010,Delta-J-10,Niger Delta Offshore,3/4/2024,1348,7642,9.99,4,Maintenance
WELL_010,Delta-J-10,Niger Delta Onshore,3/5/2024,1989,10874,10.03,1,Active
WELL_010,Delta-J-10,Niger Delta Onshore,3/6/2024,515,2544,10.04,16,Failed
WELL_010,Delta-J-10,Niger Delta Onshore,3/7/2024,523,1306,10.08,23,Failed
WELL_010,Delta-J-10,Niger Delta Offshore,3/8/2024,1979,10825,10.11,1,Active
WELL_010,Delta-J-10,Niger Delta Offshore,3/9/2024,2033,10803,10.14,1,Active
WELL_010,Delta-J-10,Niger Delta Onshore,3/10/2024,1977,10962,10.16,2,Active
WELL_010,Delta-J-10,Niger Delta Onshore,3/11/2024,2058,10887,10.18,3,Active
WELL_010,Delta-J-10,Niger Delta Offshore,3/12/2024,1985,10923,10.19,2,Active
WELL_010,Delta-J-10,Niger Delta Offshore,3/13/2024,2031,10934,10.22,3,Active
WELL_010,Delta-J-10,Niger Delta Onshore,3/14/2024,1974,10845,10.25,3,Active
WELL_010,Delta-J-10,Niger Delta Offshore,3/15/2024,2023,10841,10.29,0,Active
WELL_010,Delta-J-10,Niger Delta Onshore,3/16/2024,1976,10909,10.32,2,Active
WELL_010,Delta-J-10,Niger Delta Offshore,3/17/2024,1971,10798,10.33,0,Active
WELL_010,Delta-J-10,Niger Delta Offshore,3/18/2024,2029,10873,10.35,3,Active
WELL_010,Delta-J-10,Niger Delta Offshore,3/19/2024,1989,10943,10.37,0,Active
WELL_010,Delta-J-10,Niger Delta Offshore,3/20/2024,1960,10866,10.4,3,Active
WELL_010,Delta-J-10,Niger Delta Offshore,3/21/2024,1990,10933,10.42,1,Active
WELL_010,Delta-J-10,Niger Delta Offshore,3/22/2024,1975,10884,10.44,0,Active
WELL_010,Delta-J-10,Niger Delta Onshore,3/23/2024,2007,10922,10.46,2,Active
WELL_010,Delta-J-10,Niger Delta Onshore,3/24/2024,2040,10904,10.5,2,Active
WELL_010,Delta-J-10,Niger Delta Onshore,3/25/2024,1386,7592,10.54,4,Maintenance
WELL_010,Delta-J-10,Niger Delta Onshore,3/26/2024,1980,10860,10.57,2,Active
WELL_010,Delta-J-10,Niger Delta Onshore,3/27/2024,1965,10793,10.58,1,Active
WELL_010,Delta-J-10,Niger Delta Offshore,3/28/2024,2030,10873,10.59,1,Active
WELL_010,Delta-J-10,Niger Delta Onshore,3/29/2024,1960,10760,10.62,2,Active
WELL_010,Delta-J-10,Niger Delta Onshore,3/30/2024,2030,10780,10.67,1,Active
WELL_010,Delta-J-10,Niger Delta Offshore,3/31/2024,1974,10888,10.69,2,Active
WELL_010,Delta-J-10,Niger Delta Onshore,4/1/2024,2008,10866,10.72,0,Active
WELL_010,Delta-J-10,Niger Delta Onshore,4/2/2024,2005,10856,10.74,1,Active
WELL_010,Delta-J-10,Niger Delta Offshore,4/3/2024,2013,10869,10.78,2,Active
WELL_010,Delta-J-10,Niger Delta Offshore,4/4/2024,2001,10738,10.83,0,Active
WELL_010,Delta-J-10,Niger Delta Offshore,4/5/2024,1973,10714,10.85,1,Active
WELL_010,Delta-J-10,Niger Delta Offshore,4/6/2024,1359,7461,10.89,8,Maintenance
WELL_010,Delta-J-10,Niger Delta Onshore,4/7/2024,2009,10716,10.93,1,Active
WELL_010,Delta-J-10,Niger Delta Offshore,4/8/2024,1951,10744,10.95,2,Active
WELL_010,Delta-J-10,Niger Delta Onshore,4/9/2024,2002,10712,11,2,Active
WELL_010,Delta-J-10,Niger Delta Onshore,4/10/2024,2036,10795,11.02,0,Active
WELL_010,Delta-J-10,Niger Delta Offshore,4/11/2024,1987,10875,11.03,1,Active
WELL_010,Delta-J-10,Niger Delta Onshore,4/12/2024,1371,7552,11.06,5,Maintenance
WELL_010,Delta-J-10,Niger Delta Offshore,4/13/2024,1947,10702,11.1,0,Active
WELL_010,Delta-J-10,Niger Delta Offshore,4/14/2024,2010,10833,11.13,1,Active
WELL_010,Delta-J-10,Niger Delta Onshore,4/15/2024,562,2473,11.16,22,Failed
WELL_010,Delta-J-10,Niger Delta Onshore,4/16/2024,1982,10829,11.2,3,Active
WELL_010,Delta-J-10,Niger Delta Offshore,4/17/2024,1323,7404,11.22,9,Maintenance
WELL_010,Delta-J-10,Niger Delta Onshore,4/18/2024,1970,10762,11.26,2,Active
WELL_010,Delta-J-10,Niger Delta Onshore,4/19/2024,1389,7472,11.31,5,Maintenance
WELL_010,Delta-J-10,Niger Delta Onshore,4/20/2024,2013,10797,11.34,0,Active
WELL_010,Delta-J-10,Niger Delta Onshore,4/21/2024,1944,10868,11.38,2,Active
WELL_010,Delta-J-10,Niger Delta Offshore,4/22/2024,1347,7517,11.39,7,Maintenance
WELL_010,Delta-J-10,Niger Delta Onshore,4/23/2024,320,1154,11.41,21,Failed
WELL_010,Delta-J-10,Niger Delta Offshore,4/24/2024,2015,10749,11.43,2,Active
WELL_010,Delta-J-10,Niger Delta Offshore,4/25/2024,1959,10825,11.46,2,Active
WELL_010,Delta-J-10,Niger Delta Onshore,4/26/2024,1999,10722,11.47,2,Active
WELL_010,Delta-J-10,Niger Delta Offshore,4/27/2024,2018,10797,11.52,3,Active
WELL_010,Delta-J-10,Niger Delta Onshore,4/28/2024,1925,10756,11.55,3,Active
WELL_010,Delta-J-10,Niger Delta Offshore,4/29/2024,118,1011,11.59,22,Failed
WELL_010,Delta-J-10,Niger Delta Offshore,4/30/2024,218,726,11.61,23,Failed
WELL_010,Delta-J-10,Niger Delta Offshore,5/1/2024,1966,10719,11.66,1,Active
WELL_010,Delta-J-10,Niger Delta Onshore,5/2/2024,1948,10679,11.71,3,Active
WELL_010,Delta-J-10,Niger Delta Offshore,5/3/2024,1367,7476,11.73,6,Maintenance
WELL_010,Delta-J-10,Niger Delta Onshore,5/4/2024,1985,10799,11.75,0,Active
WELL_010,Delta-J-10,Niger Delta Offshore,5/5/2024,1936,10766,11.8,0,Active
WELL_010,Delta-J-10,Niger Delta Offshore,5/6/2024,1310,7508,11.83,6,Maintenance
WELL_010,Delta-J-10,Niger Delta Onshore,5/7/2024,1923,10797,11.84,1,Active
WELL_010,Delta-J-10,Niger Delta Offshore,5/8/2024,1953,10783,11.88,2,Active
WELL_010,Delta-J-10,Niger Delta Onshore,5/9/2024,1982,10845,11.92,3,Active
WELL_010,Delta-J-10,Niger Delta Offshore,5/10/2024,1995,10669,11.94,3,Active
WELL_010,Delta-J-10,Niger Delta Onshore,5/11/2024,1972,10746,11.97,0,Active
WELL_010,Delta-J-10,Niger Delta Offshore,5/12/2024,1942,10776,12.01,1,Active
WELL_010,Delta-J-10,Niger Delta Onshore,5/13/2024,1379,7416,12.05,8,Maintenance
WELL_010,Delta-J-10,Niger Delta Onshore,5/14/2024,1944,10784,12.06,2,Active
WELL_010,Delta-J-10,Niger Delta Offshore,5/15/2024,1923,10776,12.08,2,Active
WELL_010,Delta-J-10,Niger Delta Offshore,5/16/2024,1923,10686,12.12,0,Active
WELL_010,Delta-J-10,Niger Delta Offshore,5/17/2024,1926,10827,12.13,2,Active
WELL_010,Delta-J-10,Niger Delta Onshore,5/18/2024,1297,7344,12.16,4,Maintenance
WELL_010,Delta-J-10,Niger Delta Onshore,5/19/2024,1970,10730,12.2,3,Active
WELL_010,Delta-J-10,Niger Delta Onshore,5/20/2024,476,1110,12.25,11,Failed
WELL_010,Delta-J-10,Niger Delta Onshore,5/21/2024,2002,10811,12.28,2,Active
WELL_010,Delta-J-10,Niger Delta Offshore,5/22/2024,1964,10787,12.32,0,Active
WELL_010,Delta-J-10,Niger Delta Offshore,5/23/2024,1945,10636,12.36,0,Active
WELL_010,Delta-J-10,Niger Delta Offshore,5/24/2024,1919,10709,12.39,2,Active
WELL_010,Delta-J-10,Niger Delta Offshore,5/25/2024,1957,10807,12.41,0,Active
WELL_010,Delta-J-10,Niger Delta Onshore,5/26/2024,1924,10651,12.42,1,Active
WELL_010,Delta-J-10,Niger Delta Offshore,5/27/2024,1986,10808,12.46,2,Active
WELL_010,Delta-J-10,Niger Delta Onshore,5/28/2024,595,734,12.51,10,Failed
WELL_010,Delta-J-10,Niger Delta Offshore,5/29/2024,563,583,12.53,14,Failed
WELL_010,Delta-J-10,Niger Delta Offshore,5/30/2024,1946,10659,12.55,1,Active
WELL_010,Delta-J-10,Niger Delta Onshore,5/31/2024,1914,10794,12.56,0,Active
WELL_010,Delta-J-10,Niger Delta Onshore,6/1/2024,1929,10746,12.58,1,Active
WELL_010,Delta-J-10,Niger Delta Onshore,6/2/2024,1990,10669,12.6,2,Active
WELL_010,Delta-J-10,Niger Delta Onshore,6/3/2024,1992,10696,12.62,1,Active
WELL_010,Delta-J-10,Niger Delta Offshore,6/4/2024,1935,10691,12.64,2,Active
WELL_010,Delta-J-10,Niger Delta Offshore,6/5/2024,1941,10595,12.69,1,Active
WELL_010,Delta-J-10,Niger Delta Onshore,6/6/2024,1985,10595,12.7,3,Active
WELL_010,Delta-J-10,Niger Delta Offshore,6/7/2024,1911,10644,12.74,0,Active
WELL_010,Delta-J-10,Niger Delta Offshore,6/8/2024,113,1011,12.76,12,Failed
WELL_010,Delta-J-10,Niger Delta Onshore,6/9/2024,1948,10608,12.81,1,Active
WELL_010,Delta-J-10,Niger Delta Offshore,6/10/2024,391,381,12.85,14,Failed
WELL_010,Delta-J-10,Niger Delta Offshore,6/11/2024,1904,10763,12.87,3,Active
WELL_010,Delta-J-10,Niger Delta Offshore,6/12/2024,339,168,12.92,19,Failed
WELL_010,Delta-J-10,Niger Delta Onshore,6/13/2024,1902,10739,12.94,0,Active
WELL_010,Delta-J-10,Niger Delta Onshore,6/14/2024,1942,10645,12.98,0,Active
WELL_010,Delta-J-10,Niger Delta Onshore,6/15/2024,1275,7370,13,4,Maintenance
WELL_010,Delta-J-10,Niger Delta Onshore,6/16/2024,323,1012,13.05,15,Failed
WELL_010,Delta-J-10,Niger Delta Offshore,6/17/2024,1956,10696,13.08,3,Active
WELL_010,Delta-J-10,Niger Delta Onshore,6/18/2024,1344,7424,13.12,9,Maintenance
WELL_010,Delta-J-10,Niger Delta Offshore,6/19/2024,1918,10737,13.17,3,Active
WELL_010,Delta-J-10,Niger Delta Offshore,6/20/2024,1904,10646,13.21,2,Active
WELL_010,Delta-J-10,Niger Delta Onshore,6/21/2024,1975,10622,13.24,3,Active
WELL_010,Delta-J-10,Niger Delta Offshore,6/22/2024,1940,10680,13.27,0,Active
WELL_010,Delta-J-10,Niger Delta Onshore,6/23/2024,1910,10693,13.32,0,Active
WELL_010,Delta-J-10,Niger Delta Onshore,6/24/2024,1957,10571,13.35,2,Active
WELL_010,Delta-J-10,Niger Delta Offshore,6/25/2024,1329,7408,13.4,9,Maintenance
WELL_010,Delta-J-10,Niger Delta Onshore,6/26/2024,388,134,13.45,21,Failed
WELL_010,Delta-J-10,Niger Delta Onshore,6/27/2024,1879,10716,13.48,1,Active
WELL_010,Delta-J-10,Niger Delta Offshore,6/28/2024,1962,10744,13.51,0,Active
WELL_010,Delta-J-10,Niger Delta Offshore,6/29/2024,1899,10742,13.55,0,Active
WELL_010,Delta-J-10,Niger Delta Onshore,6/30/2024,1286,7362,13.6,5,Maintenance
WELL_010,Delta-J-10,Niger Delta Offshore,7/1/2024,1949,10670,13.64,2,Active
WELL_010,Delta-J-10,Niger Delta Onshore,7/2/2024,1887,10620,13.68,0,Active
WELL_010,Delta-J-10,Niger Delta Onshore,7/3/2024,1956,10651,13.7,2,Active
WELL_010,Delta-J-10,Niger Delta Offshore,7/4/2024,1962,10725,13.72,3,Active
WELL_010,Delta-J-10,Niger Delta Offshore,7/5/2024,1309,7365,13.77,6,Maintenance
WELL_010,Delta-J-10,Niger Delta Onshore,7/6/2024,1905,10637,13.8,2,Active
WELL_010,Delta-J-10,Niger Delta Onshore,7/7/2024,1941,10651,13.84,2,Active
WELL_010,Delta-J-10,Niger Delta Offshore,7/8/2024,1309,7253,13.86,5,Maintenance
WELL_010,Delta-J-10,Niger Delta Offshore,7/9/2024,1302,7394,13.91,7,Maintenance
WELL_010,Delta-J-10,Niger Delta Offshore,7/10/2024,1876,10543,13.95,1,Active
WELL_010,Delta-J-10,Niger Delta Onshore,7/11/2024,1872,10591,13.98,0,Active
WELL_010,Delta-J-10,Niger Delta Onshore,7/12/2024,1332,7243,14,4,Maintenance
WELL_010,Delta-J-10,Niger Delta Onshore,7/13/2024,1904,10552,14.02,0,Active
WELL_010,Delta-J-10,Niger Delta Offshore,7/14/2024,1894,10703,14.06,0,Active
WELL_010,Delta-J-10,Niger Delta Offshore,7/15/2024,1957,10630,14.07,2,Active
WELL_010,Delta-J-10,Niger Delta Offshore,7/16/2024,1912,10578,14.1,1,Active
WELL_010,Delta-J-10,Niger Delta Onshore,7/17/2024,1301,7279,14.11,8,Maintenance
WELL_010,Delta-J-10,Niger Delta Offshore,7/18/2024,1944,10625,14.15,2,Active
WELL_010,Delta-J-10,Niger Delta Onshore,7/19/2024,1908,10521,14.16,0,Active
WELL_010,Delta-J-10,Niger Delta Offshore,7/20/2024,1949,10670,14.18,3,Active
WELL_010,Delta-J-10,Niger Delta Offshore,7/21/2024,1321,7284,14.21,7,Maintenance
WELL_010,Delta-J-10,Niger Delta Onshore,7/22/2024,88,2596,14.26,16,Failed
WELL_010,Delta-J-10,Niger Delta Offshore,7/23/2024,1950,10687,14.29,3,Active
WELL_010,Delta-J-10,Niger Delta Onshore,7/24/2024,1899,10523,14.33,3,Active
WELL_010,Delta-J-10,Niger Delta Offshore,7/25/2024,1946,10636,14.37,1,Active
WELL_010,Delta-J-10,Niger Delta Onshore,7/26/2024,1945,10549,14.38,2,Active
WELL_010,Delta-J-10,Niger Delta Onshore,7/27/2024,1947,10678,14.4,1,Active
WELL_010,Delta-J-10,Niger Delta Offshore,7/28/2024,1903,10547,14.44,0,Active
WELL_010,Delta-J-10,Niger Delta Offshore,7/29/2024,1883,10583,14.48,0,Active
WELL_010,Delta-J-10,Niger Delta Onshore,7/30/2024,1881,10540,14.51,2,Active
WELL_010,Delta-J-10,Niger Delta Onshore,7/31/2024,1892,10577,14.54,3,Active
WELL_010,Delta-J-10,Niger Delta Offshore,8/1/2024,1234,7208,14.59,7,Maintenance
WELL_010,Delta-J-10,Niger Delta Onshore,8/2/2024,616,502,14.63,13,Failed
WELL_010,Delta-J-10,Niger Delta Onshore,8/3/2024,1848,10583,14.67,0,Active
WELL_010,Delta-J-10,Niger Delta Onshore,8/4/2024,52,2309,14.71,13,Failed
WELL_010,Delta-J-10,Niger Delta Offshore,8/5/2024,72,1380,14.72,19,Failed
WELL_010,Delta-J-10,Niger Delta Offshore,8/6/2024,1912,10507,14.74,0,Active
WELL_010,Delta-J-10,Niger Delta Offshore,8/7/2024,1265,7221,14.79,7,Maintenance
WELL_010,Delta-J-10,Niger Delta Onshore,8/8/2024,1942,10646,14.81,1,Active
WELL_010,Delta-J-10,Niger Delta Onshore,8/9/2024,1900,10479,14.83,1,Active
WELL_010,Delta-J-10,Niger Delta Offshore,8/10/2024,1911,10554,14.85,3,Active
WELL_010,Delta-J-10,Niger Delta Offshore,8/11/2024,1892,10627,14.89,3,Active
WELL_010,Delta-J-10,Niger Delta Onshore,8/12/2024,1851,10594,14.94,2,Active
WELL_010,Delta-J-10,Niger Delta Offshore,8/13/2024,1861,10457,14.96,2,Active
WELL_010,Delta-J-10,Niger Delta Offshore,8/14/2024,1854,10611,14.97,3,Active
WELL_010,Delta-J-10,Niger Delta Offshore,8/15/2024,1906,10589,15.01,2,Active
WELL_010,Delta-J-10,Niger Delta Offshore,8/16/2024,1908,10551,15.04,2,Active
WELL_010,Delta-J-10,Niger Delta Onshore,8/17/2024,1851,10589,15.07,1,Active
WELL_010,Delta-J-10,Niger Delta Onshore,8/18/2024,1880,10639,15.1,3,Active
WELL_010,Delta-J-10,Niger Delta Onshore,8/19/2024,1874,10503,15.13,1,Active
WELL_010,Delta-J-10,Niger Delta Offshore,8/20/2024,1847,10521,15.16,3,Active
WELL_010,Delta-J-10,Niger Delta Onshore,8/21/2024,1217,7223,15.19,6,Maintenance
WELL_010,Delta-J-10,Niger Delta Onshore,8/22/2024,1222,7228,15.24,5,Maintenance
WELL_010,Delta-J-10,Niger Delta Offshore,8/23/2024,1834,10625,15.27,3,Active
WELL_010,Delta-J-10,Niger Delta Onshore,8/24/2024,1896,10546,15.28,0,Active
WELL_010,Delta-J-10,Niger Delta Offshore,8/25/2024,1845,10487,15.32,3,Active
WELL_010,Delta-J-10,Niger Delta Onshore,8/26/2024,1892,10489,15.34,0,Active
WELL_010,Delta-J-10,Niger Delta Onshore,8/27/2024,1230,7221,15.39,4,Maintenance
WELL_010,Delta-J-10,Niger Delta Onshore,8/28/2024,1922,10561,15.43,2,Active
WELL_010,Delta-J-10,Niger Delta Onshore,8/29/2024,1892,10503,15.45,1,Active
WELL_010,Delta-J-10,Niger Delta Offshore,8/30/2024,356,3120,15.5,17,Failed
WELL_010,Delta-J-10,Niger Delta Offshore,8/31/2024,1857,10567,15.51,3,Active
WELL_010,Delta-J-10,Niger Delta Offshore,9/1/2024,1889,10492,15.55,3,Active
WELL_010,Delta-J-10,Niger Delta Offshore,9/2/2024,1276,7311,15.6,5,Maintenance
WELL_010,Delta-J-10,Niger Delta Offshore,9/3/2024,1854,10427,15.64,2,Active
WELL_010,Delta-J-10,Niger Delta Onshore,9/4/2024,1881,10487,15.68,3,Active
WELL_010,Delta-J-10,Niger Delta Onshore,9/5/2024,171,257,15.7,15,Failed
WELL_010,Delta-J-10,Niger Delta Onshore,9/6/2024,1252,7174,15.72,4,Maintenance
WELL_010,Delta-J-10,Niger Delta Offshore,9/7/2024,1863,10487,15.75,1,Active
WELL_010,Delta-J-10,Niger Delta Offshore,9/8/2024,1901,10434,15.78,1,Active
WELL_010,Delta-J-10,Niger Delta Offshore,9/9/2024,1843,10453,15.8,2,Active
WELL_010,Delta-J-10,Niger Delta Offshore,9/10/2024,1829,10457,15.83,1,Active
WELL_010,Delta-J-10,Niger Delta Onshore,9/11/2024,1817,10455,15.87,0,Active
WELL_010,Delta-J-10,Niger Delta Onshore,9/12/2024,1826,10440,15.9,3,Active
WELL_010,Delta-J-10,Niger Delta Offshore,9/13/2024,1224,7144,15.95,6,Maintenance
WELL_010,Delta-J-10,Niger Delta Offshore,9/14/2024,1842,10544,15.98,1,Active
WELL_010,Delta-J-10,Niger Delta Onshore,9/15/2024,1846,10408,16.02,3,Active
WELL_010,Delta-J-10,Niger Delta Onshore,9/16/2024,1861,10511,16.06,3,Active
WELL_010,Delta-J-10,Niger Delta Offshore,9/17/2024,1812,10551,16.09,2,Active
WELL_010,Delta-J-10,Niger Delta Offshore,9/18/2024,1240,7186,16.13,6,Maintenance
WELL_010,Delta-J-10,Niger Delta Offshore,9/19/2024,1816,10397,16.18,1,Active
WELL_010,Delta-J-10,Niger Delta Offshore,9/20/2024,1899,10389,16.22,2,Active
WELL_010,Delta-J-10,Niger Delta Offshore,9/21/2024,29,2414,16.23,16,Failed
WELL_010,Delta-J-10,Niger Delta Onshore,9/22/2024,1826,10481,16.26,2,Active
WELL_010,Delta-J-10,Niger Delta Offshore,9/23/2024,1865,10455,16.3,0,Active
WELL_010,Delta-J-10,Niger Delta Onshore,9/24/2024,1872,10509,16.33,1,Active
WELL_010,Delta-J-10,Niger Delta Onshore,9/25/2024,1806,10389,16.35,3,Active
WELL_010,Delta-J-10,Niger Delta Onshore,9/26/2024,1817,10458,16.39,0,Active
WELL_010,Delta-J-10,Niger Delta Onshore,9/27/2024,1862,10419,16.41,3,Active
WELL_010,Delta-J-10,Niger Delta Onshore,9/28/2024,1813,10462,16.45,0,Active
WELL_010,Delta-J-10,Niger Delta Onshore,9/29/2024,1269,7062,16.48,7,Maintenance
WELL_010,Delta-J-10,Niger Delta Offshore,9/30/2024,1815,10533,16.53,0,Active
WELL_010,Delta-J-10,Niger Delta Onshore,10/1/2024,1879,10492,16.56,0,Active
WELL_010,Delta-J-10,Niger Delta Onshore,10/2/2024,1850,10481,16.58,3,Active
WELL_010,Delta-J-10,Niger Delta Offshore,10/3/2024,1884,10433,16.62,1,Active
WELL_010,Delta-J-10,Niger Delta Offshore,10/4/2024,1806,10490,16.65,0,Active
WELL_010,Delta-J-10,Niger Delta Onshore,10/5/2024,1859,10503,16.69,2,Active
WELL_010,Delta-J-10,Niger Delta Offshore,10/6/2024,1821,10422,16.7,1,Active
WELL_010,Delta-J-10,Niger Delta Onshore,10/7/2024,459,2568,16.74,20,Failed
WELL_010,Delta-J-10,Niger Delta Offshore,10/8/2024,1867,10368,16.76,2,Active
WELL_010,Delta-J-10,Niger Delta Onshore,10/9/2024,91,2124,16.81,19,Failed
WELL_010,Delta-J-10,Niger Delta Offshore,10/10/2024,1885,10366,16.82,2,Active
WELL_010,Delta-J-10,Niger Delta Offshore,10/11/2024,1886,10374,16.85,1,Active
WELL_010,Delta-J-10,Niger Delta Offshore,10/12/2024,1837,10522,16.87,1,Active
WELL_010,Delta-J-10,Niger Delta Onshore,10/13/2024,1239,7066,16.89,6,Maintenance
WELL_010,Delta-J-10,Niger Delta Offshore,10/14/2024,1808,10450,16.9,0,Active
WELL_010,Delta-J-10,Niger Delta Onshore,10/15/2024,1813,10426,16.93,3,Active
WELL_010,Delta-J-10,Niger Delta Offshore,10/16/2024,1188,7087,16.97,4,Maintenance
WELL_010,Delta-J-10,Niger Delta Onshore,10/17/2024,1865,10420,16.99,2,Active
WELL_010,Delta-J-10,Niger Delta Onshore,10/18/2024,1166,7045,17.01,7,Maintenance
WELL_010,Delta-J-10,Niger Delta Onshore,10/19/2024,1849,10344,17.04,2,Active
WELL_010,Delta-J-10,Niger Delta Onshore,10/20/2024,1879,10456,17.08,1,Active
WELL_010,Delta-J-10,Niger Delta Offshore,10/21/2024,1805,10380,17.09,0,Active
WELL_010,Delta-J-10,Niger Delta Offshore,10/22/2024,1835,10415,17.14,3,Active
WELL_010,Delta-J-10,Niger Delta Offshore,10/23/2024,1828,10315,17.18,0,Active
WELL_010,Delta-J-10,Niger Delta Onshore,10/24/2024,566,1119,17.2,12,Failed
WELL_010,Delta-J-10,Niger Delta Onshore,10/25/2024,1866,10369,17.22,3,Active
WELL_010,Delta-J-10,Niger Delta Onshore,10/26/2024,1193,7129,17.25,6,Maintenance
WELL_010,Delta-J-10,Niger Delta Onshore,10/27/2024,1808,10503,17.29,0,Active
WELL_010,Delta-J-10,Niger Delta Offshore,10/28/2024,1801,10401,17.32,2,Active
WELL_010,Delta-J-10,Niger Delta Offshore,10/29/2024,105,2342,17.33,23,Failed
WELL_010,Delta-J-10,Niger Delta Offshore,10/30/2024,1253,7024,17.38,9,Maintenance
WELL_010,Delta-J-10,Niger Delta Offshore,10/31/2024,1246,7189,17.43,5,Maintenance
WELL_010,Delta-J-10,Niger Delta Onshore,11/1/2024,1781,10366,17.46,3,Active
WELL_010,Delta-J-10,Niger Delta Onshore,11/2/2024,1860,10417,17.5,1,Active
WELL_010,Delta-J-10,Niger Delta Offshore,11/3/2024,1222,7010,17.53,6,Maintenance
WELL_010,Delta-J-10,Niger Delta Onshore,11/4/2024,1845,10400,17.57,1,Active
WELL_010,Delta-J-10,Niger Delta Offshore,11/5/2024,1836,10478,17.59,0,Active
WELL_010,Delta-J-10,Niger Delta Offshore,11/6/2024,1834,10284,17.6,1,Active
WELL_010,Delta-J-10,Niger Delta Offshore,11/7/2024,1862,10371,17.63,1,Active
WELL_010,Delta-J-10,Niger Delta Onshore,11/8/2024,1823,10316,17.68,1,Active
WELL_010,Delta-J-10,Niger Delta Offshore,11/9/2024,1826,10472,17.69,3,Active
WELL_010,Delta-J-10,Niger Delta Onshore,11/10/2024,1857,10419,17.71,3,Active
WELL_010,Delta-J-10,Niger Delta Offshore,11/11/2024,1782,10378,17.73,2,Active
WELL_010,Delta-J-10,Niger Delta Onshore,11/12/2024,1784,10317,17.76,1,Active
WELL_010,Delta-J-10,Niger Delta Onshore,11/13/2024,1808,10441,17.8,2,Active
WELL_010,Delta-J-10,Niger Delta Onshore,11/14/2024,1182,7098,17.84,8,Maintenance
WELL_010,Delta-J-10,Niger Delta Onshore,11/15/2024,1863,10367,17.88,0,Active
WELL_010,Delta-J-10,Niger Delta Onshore,11/16/2024,342,1423,17.9,20,Failed
WELL_010,Delta-J-10,Niger Delta Offshore,11/17/2024,1786,10402,17.93,0,Active
WELL_010,Delta-J-10,Niger Delta Onshore,11/18/2024,1858,10361,17.94,3,Active
WELL_010,Delta-J-10,Niger Delta Onshore,11/19/2024,1844,10265,17.96,1,Active
WELL_010,Delta-J-10,Niger Delta Offshore,11/20/2024,1819,10375,17.99,3,Active
WELL_010,Delta-J-10,Niger Delta Onshore,11/21/2024,1774,10353,18.03,3,Active
WELL_010,Delta-J-10,Niger Delta Onshore,11/22/2024,1221,6971,18.08,5,Maintenance
WELL_010,Delta-J-10,Niger Delta Offshore,11/23/2024,1808,10266,18.09,3,Active
WELL_010,Delta-J-10,Niger Delta Offshore,11/24/2024,481,1006,18.13,14,Failed
WELL_010,Delta-J-10,Niger Delta Offshore,11/25/2024,1776,10279,18.16,0,Active
WELL_010,Delta-J-10,Niger Delta Onshore,11/26/2024,1839,10377,18.2,0,Active
WELL_010,Delta-J-10,Niger Delta Onshore,11/27/2024,424,2817,18.23,21,Failed
WELL_010,Delta-J-10,Niger Delta Onshore,11/28/2024,448,563,18.24,13,Failed
WELL_010,Delta-J-10,Niger Delta Offshore,11/29/2024,1847,10421,18.29,1,Active
WELL_010,Delta-J-10,Niger Delta Offshore,11/30/2024,1174,7047,18.33,5,Maintenance
WELL_010,Delta-J-10,Niger Delta Onshore,12/1/2024,1785,10247,18.34,0,Active
WELL_010,Delta-J-10,Niger Delta Onshore,12/2/2024,1212,7066,18.37,4,Maintenance
WELL_010,Delta-J-10,Niger Delta Offshore,12/3/2024,1804,10361,18.41,1,Active
WELL_010,Delta-J-10,Niger Delta Offshore,12/4/2024,505,2435,18.43,14,Failed
WELL_010,Delta-J-10,Niger Delta Offshore,12/5/2024,1788,10281,18.47,3,Active
WELL_010,Delta-J-10,Niger Delta Onshore,12/6/2024,1184,7017,18.51,4,Maintenance
WELL_010,Delta-J-10,Niger Delta Offshore,12/7/2024,1171,6931,18.52,6,Maintenance
WELL_010,Delta-J-10,Niger Delta Onshore,12/8/2024,1816,10300,18.55,3,Active
WELL_010,Delta-J-10,Niger Delta Offshore,12/9/2024,1149,7006,18.59,9,Maintenance
WELL_010,Delta-J-10,Niger Delta Offshore,12/10/2024,1211,7008,18.63,8,Maintenance
WELL_010,Delta-J-10,Niger Delta Onshore,12/11/2024,1211,6973,18.67,9,Maintenance
WELL_010,Delta-J-10,Niger Delta Onshore,12/12/2024,1788,10254,18.7,2,Active
WELL_010,Delta-J-10,Niger Delta Onshore,12/13/2024,1821,10241,18.73,2,Active
WELL_010,Delta-J-10,Niger Delta Offshore,12/14/2024,1758,10308,18.78,3,Active
WELL_010,Delta-J-10,Niger Delta Offshore,12/15/2024,1743,10276,18.83,0,Active
WELL_010,Delta-J-10,Niger Delta Onshore,12/16/2024,1754,10323,18.88,0,Active
WELL_010,Delta-J-10,Niger Delta Offshore,12/17/2024,1837,10267,18.92,1,Active
WELL_010,Delta-J-10,Niger Delta Offshore,12/18/2024,1786,10350,18.97,2,Active
WELL_010,Delta-J-10,Niger Delta Offshore,12/19/2024,1169,6898,19,8,Maintenance
WELL_010,Delta-J-10,Niger Delta Offshore,12/20/2024,1829,10361,19.05,1,Active
WELL_010,Delta-J-10,Niger Delta Offshore,12/21/2024,1745,10234,19.06,0,Active
WELL_010,Delta-J-10,Niger Delta Onshore,12/22/2024,1746,10193,19.1,3,Active
WELL_010,Delta-J-10,Niger Delta Offshore,12/23/2024,1809,10292,19.14,1,Active
WELL_010,Delta-J-10,Niger Delta Offshore,12/24/2024,421,1677,19.17,10,Failed
WELL_010,Delta-J-10,Niger Delta Onshore,12/25/2024,1807,10248,19.22,3,Active
WELL_010,Delta-J-10,Niger Delta Offshore,12/26/2024,1773,10279,19.24,0,Active
WELL_010,Delta-J-10,Niger Delta Onshore,12/27/2024,1781,10338,19.26,3,Active
WELL_010,Delta-J-10,Niger Delta Onshore,12/28/2024,1790,10362,19.28,0,Active
WELL_010,Delta-J-10,Niger Delta Offshore,12/29/2024,1766,10239,19.32,1,Active
WELL_010,Delta-J-10,Niger Delta Onshore,12/30/2024,1776,10217,19.36,0,Active
WELL_010,Delta-J-10,Niger Delta Offshore,12/31/2024,1827,10260,19.38,3,Active
WELL_010,Delta-J-10,Niger Delta Offshore,1/1/2025,1805,10367,19.41,0,Active
WELL_010,Delta-J-10,Niger Delta Offshore,1/2/2025,1783,10366,19.42,3,Active
WELL_010,Delta-J-10,Niger Delta Offshore,1/3/2025,135,295,19.46,14,Failed
WELL_010,Delta-J-10,Niger Delta Onshore,1/4/2025,1725,10181,19.47,3,Active
WELL_010,Delta-J-10,Niger Delta Offshore,1/5/2025,1740,10208,19.51,2,Active
WELL_010,Delta-J-10,Niger Delta Onshore,1/6/2025,101,2608,19.52,22,Failed
WELL_010,Delta-J-10,Niger Delta Onshore,1/7/2025,1127,6991,19.55,8,Maintenance
WELL_010,Delta-J-10,Niger Delta Onshore,1/8/2025,1735,10306,19.6,0,Active
WELL_010,Delta-J-10,Niger Delta Onshore,1/9/2025,1113,6983,19.63,7,Maintenance
WELL_010,Delta-J-10,Niger Delta Onshore,1/10/2025,415,2985,19.64,10,Failed
WELL_010,Delta-J-10,Niger Delta Onshore,1/11/2025,297,2359,19.68,21,Failed
WELL_010,Delta-J-10,Niger Delta Offshore,1/12/2025,1744,10254,19.7,1,Active
WELL_010,Delta-J-10,Niger Delta Offshore,1/13/2025,1782,10336,19.73,2,Active
WELL_010,Delta-J-10,Niger Delta Offshore,1/14/2025,1742,10318,19.75,3,Active
WELL_010,Delta-J-10,Niger Delta Offshore,1/15/2025,1728,10339,19.78,0,Active
WELL_010,Delta-J-10,Niger Delta Offshore,1/16/2025,1766,10189,19.8,1,Active
WELL_010,Delta-J-10,Niger Delta Offshore,1/17/2025,1798,10165,19.82,0,Active
WELL_010,Delta-J-10,Niger Delta Onshore,1/18/2025,1780,10254,19.84,3,Active
WELL_010,Delta-J-10,Niger Delta Onshore,1/19/2025,392,3177,19.88,22,Failed
WELL_010,Delta-J-10,Niger Delta Onshore,1/20/2025,1722,10168,19.9,0,Active
WELL_010,Delta-J-10,Niger Delta Offshore,1/21/2025,1182,6938,19.93,8,Maintenance
WELL_010,Delta-J-10,Niger Delta Onshore,1/22/2025,1720,10228,19.97,3,Active
WELL_010,Delta-J-10,Niger Delta Offshore,1/23/2025,1147,6827,20.01,6,Maintenance
WELL_010,Delta-J-10,Niger Delta Offshore,1/24/2025,1779,10255,20.04,1,Active
WELL_010,Delta-J-10,Niger Delta Offshore,1/25/2025,618,1211,20.08,14,Failed
WELL_010,Delta-J-10,Niger Delta Onshore,1/26/2025,1779,10281,20.11,2,Active
WELL_010,Delta-J-10,Niger Delta Onshore,1/27/2025,436,3043,20.13,13,Failed
WELL_010,Delta-J-10,Niger Delta Onshore,1/28/2025,1775,10292,20.17,3,Active
WELL_010,Delta-J-10,Niger Delta Onshore,1/29/2025,1786,10143,20.22,2,Active
WELL_010,Delta-J-10,Niger Delta Onshore,1/30/2025,1787,10301,20.26,2,Active
WELL_010,Delta-J-10,Niger Delta Offshore,1/31/2025,192,2274,20.29,12,Failed
WELL_010,Delta-J-10,Niger Delta Offshore,2/1/2025,1776,10255,20.33,2,Active
WELL_010,Delta-J-10,Niger Delta Onshore,2/2/2025,1751,10293,20.34,1,Active
WELL_010,Delta-J-10,Niger Delta Onshore,2/3/2025,1733,10263,20.38,0,Active
WELL_010,Delta-J-10,Niger Delta Onshore,2/4/2025,1758,10194,20.4,2,Active
WELL_010,Delta-J-10,Niger Delta Onshore,2/5/2025,1769,10154,20.43,3,Active
WELL_010,Delta-J-10,Niger Delta Offshore,2/6/2025,1731,10281,20.45,1,Active
WELL_010,Delta-J-10,Niger Delta Onshore,2/7/2025,1781,10112,20.49,2,Active
WELL_010,Delta-J-10,Niger Delta Offshore,2/8/2025,1795,10209,20.51,1,Active
WELL_010,Delta-J-10,Niger Delta Offshore,2/9/2025,1767,10191,20.53,0,Active
WELL_010,Delta-J-10,Niger Delta Offshore,2/10/2025,1786,10107,20.55,1,Active
WELL_010,Delta-J-10,Niger Delta Offshore,2/11/2025,1697,10215,20.59,0,Active
WELL_010,Delta-J-10,Niger Delta Offshore,2/12/2025,1122,6880,20.6,6,Maintenance
WELL_010,Delta-J-10,Niger Delta Offshore,2/13/2025,1725,10157,20.63,0,Active
WELL_010,Delta-J-10,Niger Delta Offshore,2/14/2025,276,1947,20.67,20,Failed
WELL_010,Delta-J-10,Niger Delta Onshore,2/15/2025,1112,6978,20.68,7,Maintenance
WELL_010,Delta-J-10,Niger Delta Onshore,2/16/2025,1690,10164,20.72,2,Active
WELL_010,Delta-J-10,Niger Delta Offshore,2/17/2025,1775,10078,20.76,2,Active
WELL_010,Delta-J-10,Niger Delta Offshore,2/18/2025,1080,6866,20.8,5,Maintenance
WELL_010,Delta-J-10,Niger Delta Offshore,2/19/2025,1728,10076,20.85,2,Active
WELL_010,Delta-J-10,Niger Delta Onshore,2/20/2025,1139,6889,20.88,9,Maintenance
WELL_010,Delta-J-10,Niger Delta Onshore,2/21/2025,1726,10242,20.9,0,Active
WELL_010,Delta-J-10,Niger Delta Onshore,2/22/2025,1774,10115,20.91,1,Active
WELL_010,Delta-J-10,Niger Delta Offshore,2/23/2025,1120,6957,20.93,7,Maintenance
WELL_010,Delta-J-10,Niger Delta Onshore,2/24/2025,1761,10131,20.96,1,Active
WELL_010,Delta-J-10,Niger Delta Offshore,2/25/2025,1102,6958,21,4,Maintenance
WELL_010,Delta-J-10,Niger Delta Offshore,2/26/2025,21,721,21.03,20,Failed
WELL_010,Delta-J-10,Niger Delta Onshore,2/27/2025,1716,10079,21.06,1,Active
WELL_010,Delta-J-10,Niger Delta Onshore,2/28/2025,1721,10110,21.11,3,Active
WELL_010,Delta-J-10,Niger Delta Offshore,3/1/2025,1749,10185,21.13,0,Active
WELL_010,Delta-J-10,Niger Delta Onshore,3/2/2025,1739,10173,21.16,1,Active
WELL_010,Delta-J-10,Niger Delta Offshore,3/3/2025,1720,10196,21.21,3,Active
WELL_010,Delta-J-10,Niger Delta Onshore,3/4/2025,1684,10197,21.23,1,Active
WELL_010,Delta-J-10,Niger Delta Offshore,3/5/2025,1704,10146,21.27,0,Active
WELL_010,Delta-J-10,Niger Delta Onshore,3/6/2025,1773,10126,21.31,2,Active
WELL_010,Delta-J-10,Niger Delta Onshore,3/7/2025,1711,10062,21.36,2,Active
WELL_010,Delta-J-10,Niger Delta Onshore,3/8/2025,1756,10214,21.38,3,Active
WELL_010,Delta-J-10,Niger Delta Onshore,3/9/2025,1731,10161,21.41,0,Active
WELL_010,Delta-J-10,Niger Delta Onshore,3/10/2025,1690,10220,21.45,1,Active
WELL_010,Delta-J-10,Niger Delta Offshore,3/11/2025,1685,10057,21.49,1,Active
WELL_010,Delta-J-10,Niger Delta Offshore,3/12/2025,1730,10099,21.51,2,Active
WELL_010,Delta-J-10,Niger Delta Onshore,3/13/2025,1733,10061,21.55,0,Active
WELL_010,Delta-J-10,Niger Delta Offshore,3/14/2025,1689,10067,21.59,2,Active
WELL_010,Delta-J-10,Niger Delta Offshore,3/15/2025,1708,10119,21.61,0,Active
WELL_010,Delta-J-10,Niger Delta Onshore,3/16/2025,211,2844,21.64,14,Failed
WELL_010,Delta-J-10,Niger Delta Offshore,3/17/2025,1737,10210,21.67,3,Active
WELL_010,Delta-J-10,Niger Delta Onshore,3/18/2025,1694,10112,21.7,1,Active
WELL_010,Delta-J-10,Niger Delta Onshore,3/19/2025,1705,10035,21.71,0,Active
WELL_010,Delta-J-10,Niger Delta Offshore,3/20/2025,1700,10029,21.74,2,Active
WELL_010,Delta-J-10,Niger Delta Onshore,3/21/2025,1699,10171,21.78,0,Active
WELL_010,Delta-J-10,Niger Delta Offshore,3/22/2025,1669,10181,21.8,1,Active
WELL_010,Delta-J-10,Niger Delta Onshore,3/23/2025,1694,10169,21.82,0,Active
WELL_010,Delta-J-10,Niger Delta Offshore,3/24/2025,1750,10010,21.83,1,Active
WELL_010,Delta-J-10,Niger Delta Offshore,3/25/2025,1753,10047,21.87,2,Active
WELL_010,Delta-J-10,Niger Delta Onshore,3/26/2025,1716,10173,21.9,1,Active
WELL_010,Delta-J-10,Niger Delta Offshore,3/27/2025,1701,10175,21.91,3,Active
WELL_010,Delta-J-10,Niger Delta Offshore,3/28/2025,456,352,21.95,15,Failed
WELL_010,Delta-J-10,Niger Delta Onshore,3/29/2025,1695,10195,21.99,1,Active
WELL_010,Delta-J-10,Niger Delta Offshore,3/30/2025,1684,10121,22.03,2,Active
WELL_010,Delta-J-10,Niger Delta Offshore,3/31/2025,1677,10076,22.07,0,Active
WELL_010,Delta-J-10,Niger Delta Offshore,4/1/2025,1721,9998,22.12,0,Active
WELL_010,Delta-J-10,Niger Delta Onshore,4/2/2025,1730,10147,22.14,1,Active
WELL_010,Delta-J-10,Niger Delta Onshore,4/3/2025,1726,10148,22.19,3,Active
WELL_010,Delta-J-10,Niger Delta Offshore,4/4/2025,1652,10147,22.23,0,Active
WELL_010,Delta-J-10,Niger Delta Onshore,4/5/2025,1686,10170,22.25,0,Active
WELL_010,Delta-J-10,Niger Delta Onshore,4/6/2025,1097,6717,22.28,4,Maintenance
WELL_010,Delta-J-10,Niger Delta Offshore,4/7/2025,1703,10088,22.32,0,Active
WELL_010,Delta-J-10,Niger Delta Offshore,4/8/2025,1651,10163,22.34,0,Active
WELL_010,Delta-J-10,Niger Delta Offshore,4/9/2025,140,744,22.35,22,Failed
WELL_010,Delta-J-10,Niger Delta Onshore,4/10/2025,65,1533,22.38,22,Failed
WELL_010,Delta-J-10,Niger Delta Offshore,4/11/2025,1689,9975,22.41,2,Active
WELL_010,Delta-J-10,Niger Delta Onshore,4/12/2025,1101,6864,22.44,4,Maintenance
WELL_010,Delta-J-10,Niger Delta Onshore,4/13/2025,417,1463,22.45,20,Failed
WELL_010,Delta-J-10,Niger Delta Offshore,4/14/2025,1709,10080,22.47,1,Active
WELL_010,Delta-J-10,Niger Delta Onshore,4/15/2025,1075,6856,22.5,7,Maintenance
WELL_010,Delta-J-10,Niger Delta Offshore,4/16/2025,1681,10022,22.54,0,Active
WELL_010,Delta-J-10,Niger Delta Offshore,4/17/2025,1645,10151,22.58,0,Active
WELL_010,Delta-J-10,Niger Delta Offshore,4/18/2025,1708,10018,22.62,1,Active
WELL_010,Delta-J-10,Niger Delta Onshore,4/19/2025,1716,10053,22.65,3,Active
WELL_010,Delta-J-10,Niger Delta Offshore,4/20/2025,1729,10091,22.68,1,Active
WELL_010,Delta-J-10,Niger Delta Onshore,4/21/2025,1659,10133,22.72,0,Active
WELL_010,Delta-J-10,Niger Delta Onshore,4/22/2025,249,660,22.75,13,Failed
WELL_010,Delta-J-10,Niger Delta Offshore,4/23/2025,1654,10046,22.79,3,Active
WELL_010,Delta-J-10,Niger Delta Offshore,4/24/2025,1671,10113,22.81,0,Active
WELL_010,Delta-J-10,Niger Delta Onshore,4/25/2025,1666,10127,22.86,0,Active
WELL_010,Delta-J-10,Niger Delta Offshore,4/26/2025,1658,10063,22.89,1,Active
WELL_010,Delta-J-10,Niger Delta Offshore,4/27/2025,1671,10112,22.9,2,Active
WELL_010,Delta-J-10,Niger Delta Onshore,4/28/2025,1684,10106,22.93,2,Active
WELL_010,Delta-J-10,Niger Delta Onshore,4/29/2025,1718,10011,22.97,3,Active
WELL_010,Delta-J-10,Niger Delta Offshore,4/30/2025,1685,10098,23.01,0,Active
WELL_010,Delta-J-10,Niger Delta Onshore,5/1/2025,1640,10129,23.02,3,Active
WELL_010,Delta-J-10,Niger Delta Offshore,5/2/2025,1088,6813,23.05,7,Maintenance
WELL_010,Delta-J-10,Niger Delta Onshore,5/3/2025,1661,10057,23.08,0,Active
WELL_010,Delta-J-10,Niger Delta Offshore,5/4/2025,1655,9975,23.11,0,Active
WELL_010,Delta-J-10,Niger Delta Offshore,5/5/2025,1062,6662,23.15,7,Maintenance
WELL_010,Delta-J-10,Niger Delta Offshore,5/6/2025,1651,9981,23.19,2,Active
WELL_010,Delta-J-10,Niger Delta Onshore,5/7/2025,1723,10108,23.21,2,Active
WELL_010,Delta-J-10,Niger Delta Onshore,5/8/2025,1720,9959,23.23,2,Active
WELL_010,Delta-J-10,Niger Delta Offshore,5/9/2025,1626,10033,23.26,3,Active
WELL_010,Delta-J-10,Niger Delta Offshore,5/10/2025,1660,9920,23.28,0,Active
WELL_010,Delta-J-10,Niger Delta Onshore,5/11/2025,1704,10056,23.33,1,Active
WELL_010,Delta-J-10,Niger Delta Offshore,5/12/2025,1684,10066,23.37,2,Active
WELL_010,Delta-J-10,Niger Delta Offshore,5/13/2025,15,925,23.38,18,Failed
WELL_010,Delta-J-10,Niger Delta Onshore,5/14/2025,1036,6654,23.42,6,Maintenance
WELL_011,Delta-K-11,Niger Delta Offshore,1/1/2024,2723,8907,10.01,3,Active
WELL_011,Delta-K-11,Niger Delta Offshore,1/2/2024,2714,9010,10.04,3,Active
WELL_011,Delta-K-11,Niger Delta Offshore,1/3/2024,485,58,10.08,18,Failed
WELL_011,Delta-K-11,Niger Delta Offshore,1/4/2024,2734,8960,10.13,1,Active
WELL_011,Delta-K-11,Niger Delta Onshore,1/5/2024,2764,8977,10.16,3,Active
WELL_011,Delta-K-11,Niger Delta Onshore,1/6/2024,548,1272,10.18,19,Failed
WELL_011,Delta-K-11,Niger Delta Offshore,1/7/2024,2710,8869,10.23,2,Active
WELL_011,Delta-K-11,Niger Delta Onshore,1/8/2024,2748,8909,10.27,3,Active
WELL_011,Delta-K-11,Niger Delta Onshore,1/9/2024,2801,8864,10.31,0,Active
WELL_011,Delta-K-11,Niger Delta Onshore,1/10/2024,1965,6263,10.35,5,Maintenance
WELL_011,Delta-K-11,Niger Delta Offshore,1/11/2024,2727,8833,10.37,0,Active
WELL_011,Delta-K-11,Niger Delta Offshore,1/12/2024,290,2033,10.42,18,Failed
WELL_011,Delta-K-11,Niger Delta Onshore,1/13/2024,2727,8953,10.44,3,Active
WELL_011,Delta-K-11,Niger Delta Onshore,1/14/2024,229,2100,10.48,22,Failed
WELL_011,Delta-K-11,Niger Delta Offshore,1/15/2024,2710,8833,10.5,0,Active
WELL_011,Delta-K-11,Niger Delta Onshore,1/16/2024,2716,8936,10.54,3,Active
WELL_011,Delta-K-11,Niger Delta Offshore,1/17/2024,2764,8949,10.59,3,Active
WELL_011,Delta-K-11,Niger Delta Offshore,1/18/2024,2755,8856,10.6,2,Active
WELL_011,Delta-K-11,Niger Delta Offshore,1/19/2024,2793,8847,10.65,1,Active
WELL_011,Delta-K-11,Niger Delta Onshore,1/20/2024,2768,8895,10.69,3,Active
WELL_011,Delta-K-11,Niger Delta Onshore,1/21/2024,2723,8942,10.71,3,Active
WELL_011,Delta-K-11,Niger Delta Onshore,1/22/2024,2756,8988,10.74,0,Active
WELL_011,Delta-K-11,Niger Delta Onshore,1/23/2024,2723,8914,10.77,1,Active
WELL_011,Delta-K-11,Niger Delta Onshore,1/24/2024,2789,8827,10.8,3,Active
WELL_011,Delta-K-11,Niger Delta Offshore,1/25/2024,2740,8955,10.84,0,Active
WELL_011,Delta-K-11,Niger Delta Offshore,1/26/2024,2706,8951,10.89,0,Active
WELL_011,Delta-K-11,Niger Delta Offshore,1/27/2024,2691,8923,10.91,1,Active
WELL_011,Delta-K-11,Niger Delta Offshore,1/28/2024,553,1283,10.95,20,Failed
WELL_011,Delta-K-11,Niger Delta Onshore,1/29/2024,1899,6189,10.98,7,Maintenance
WELL_011,Delta-K-11,Niger Delta Onshore,1/30/2024,2734,8929,11.02,1,Active
WELL_011,Delta-K-11,Niger Delta Onshore,1/31/2024,2759,8861,11.04,0,Active
WELL_011,Delta-K-11,Niger Delta Onshore,2/1/2024,2706,8967,11.08,0,Active
WELL_011,Delta-K-11,Niger Delta Onshore,2/2/2024,2710,8809,11.13,0,Active
WELL_011,Delta-K-11,Niger Delta Offshore,2/3/2024,2688,8937,11.16,3,Active
WELL_011,Delta-K-11,Niger Delta Onshore,2/4/2024,1954,6153,11.19,8,Maintenance
WELL_011,Delta-K-11,Niger Delta Offshore,2/5/2024,2776,8808,11.22,3,Active
WELL_011,Delta-K-11,Niger Delta Offshore,2/6/2024,2760,8841,11.25,3,Active
WELL_011,Delta-K-11,Niger Delta Offshore,2/7/2024,2682,8780,11.26,1,Active
WELL_011,Delta-K-11,Niger Delta Onshore,2/8/2024,2687,8842,11.29,2,Active
WELL_011,Delta-K-11,Niger Delta Onshore,2/9/2024,2684,8858,11.31,2,Active
WELL_011,Delta-K-11,Niger Delta Onshore,2/10/2024,2694,8951,11.32,1,Active
WELL_011,Delta-K-11,Niger Delta Offshore,2/11/2024,2688,8937,11.34,2,Active
WELL_011,Delta-K-11,Niger Delta Onshore,2/12/2024,2727,8751,11.38,3,Active
WELL_011,Delta-K-11,Niger Delta Onshore,2/13/2024,661,1152,11.43,21,Failed
WELL_011,Delta-K-11,Niger Delta Onshore,2/14/2024,2696,8759,11.46,1,Active
WELL_011,Delta-K-11,Niger Delta Offshore,2/15/2024,2708,8878,11.49,3,Active
WELL_011,Delta-K-11,Niger Delta Offshore,2/16/2024,357,674,11.53,13,Failed
WELL_011,Delta-K-11,Niger Delta Offshore,2/17/2024,2767,8808,11.57,0,Active
WELL_011,Delta-K-11,Niger Delta Offshore,2/18/2024,2673,8925,11.61,1,Active
WELL_011,Delta-K-11,Niger Delta Offshore,2/19/2024,1895,6205,11.65,6,Maintenance
WELL_011,Delta-K-11,Niger Delta Offshore,2/20/2024,2690,8899,11.68,0,Active
WELL_011,Delta-K-11,Niger Delta Offshore,2/21/2024,1889,6140,11.69,4,Maintenance
WELL_011,Delta-K-11,Niger Delta Offshore,2/22/2024,1863,6130,11.71,6,Maintenance
WELL_011,Delta-K-11,Niger Delta Offshore,2/23/2024,2695,8917,11.74,2,Active
WELL_011,Delta-K-11,Niger Delta Offshore,2/24/2024,2733,8878,11.77,1,Active
WELL_011,Delta-K-11,Niger Delta Offshore,2/25/2024,765,2493,11.82,18,Failed
WELL_011,Delta-K-11,Niger Delta Onshore,2/26/2024,2762,8753,11.84,2,Active
WELL_011,Delta-K-11,Niger Delta Offshore,2/27/2024,2717,8820,11.87,0,Active
WELL_011,Delta-K-11,Niger Delta Onshore,2/28/2024,2682,8844,11.91,1,Active
WELL_011,Delta-K-11,Niger Delta Offshore,2/29/2024,2747,8800,11.96,1,Active
WELL_011,Delta-K-11,Niger Delta Offshore,3/1/2024,2723,8816,11.98,0,Active
WELL_011,Delta-K-11,Niger Delta Offshore,3/2/2024,1872,6171,11.99,8,Maintenance
WELL_011,Delta-K-11,Niger Delta Offshore,3/3/2024,2677,8737,12.03,0,Active
WELL_011,Delta-K-11,Niger Delta Offshore,3/4/2024,1875,6222,12.06,9,Maintenance
WELL_011,Delta-K-11,Niger Delta Offshore,3/5/2024,2680,8730,12.1,0,Active
WELL_011,Delta-K-11,Niger Delta Onshore,3/6/2024,645,1549,12.12,16,Failed
WELL_011,Delta-K-11,Niger Delta Offshore,3/7/2024,2659,8714,12.14,0,Active
WELL_011,Delta-K-11,Niger Delta Offshore,3/8/2024,2733,8703,12.17,1,Active
WELL_011,Delta-K-11,Niger Delta Offshore,3/9/2024,2671,8865,12.19,0,Active
WELL_011,Delta-K-11,Niger Delta Offshore,3/10/2024,1871,6058,12.2,6,Maintenance
WELL_011,Delta-K-11,Niger Delta Onshore,3/11/2024,2698,8825,12.25,0,Active
WELL_011,Delta-K-11,Niger Delta Offshore,3/12/2024,2702,8859,12.29,0,Active
WELL_011,Delta-K-11,Niger Delta Onshore,3/13/2024,1900,6155,12.34,8,Maintenance
WELL_011,Delta-K-11,Niger Delta Onshore,3/14/2024,2752,8757,12.37,0,Active
WELL_011,Delta-K-11,Niger Delta Onshore,3/15/2024,2662,8870,12.39,1,Active
WELL_011,Delta-K-11,Niger Delta Onshore,3/16/2024,2668,8769,12.42,3,Active
WELL_011,Delta-K-11,Niger Delta Onshore,3/17/2024,1908,6161,12.43,6,Maintenance
WELL_011,Delta-K-11,Niger Delta Offshore,3/18/2024,2690,8700,12.47,0,Active
WELL_011,Delta-K-11,Niger Delta Offshore,3/19/2024,2693,8742,12.48,0,Active
WELL_011,Delta-K-11,Niger Delta Onshore,3/20/2024,2666,8782,12.49,2,Active
WELL_011,Delta-K-11,Niger Delta Offshore,3/21/2024,2707,8685,12.51,0,Active
WELL_011,Delta-K-11,Niger Delta Onshore,3/22/2024,2661,8677,12.52,2,Active
WELL_011,Delta-K-11,Niger Delta Onshore,3/23/2024,2667,8683,12.54,0,Active
WELL_011,Delta-K-11,Niger Delta Offshore,3/24/2024,2724,8768,12.56,0,Active
WELL_011,Delta-K-11,Niger Delta Onshore,3/25/2024,2652,8826,12.59,1,Active
WELL_011,Delta-K-11,Niger Delta Offshore,3/26/2024,2673,8766,12.61,0,Active
WELL_011,Delta-K-11,Niger Delta Offshore,3/27/2024,781,951,12.63,19,Failed
WELL_011,Delta-K-11,Niger Delta Onshore,3/28/2024,2693,8683,12.65,3,Active
WELL_011,Delta-K-11,Niger Delta Onshore,3/29/2024,1897,6005,12.69,6,Maintenance
WELL_011,Delta-K-11,Niger Delta Onshore,3/30/2024,215,2144,12.73,18,Failed
WELL_011,Delta-K-11,Niger Delta Offshore,3/31/2024,396,2505,12.77,19,Failed
WELL_011,Delta-K-11,Niger Delta Offshore,4/1/2024,2705,8664,12.82,2,Active
WELL_011,Delta-K-11,Niger Delta Offshore,4/2/2024,2651,8843,12.84,2,Active
WELL_011,Delta-K-11,Niger Delta Offshore,4/3/2024,2729,8811,12.87,2,Active
WELL_011,Delta-K-11,Niger Delta Offshore,4/4/2024,1835,5968,12.92,7,Maintenance
WELL_011,Delta-K-11,Niger Delta Offshore,4/5/2024,2650,8706,12.96,1,Active
WELL_011,Delta-K-11,Niger Delta Onshore,4/6/2024,2700,8791,12.99,3,Active
WELL_011,Delta-K-11,Niger Delta Onshore,4/7/2024,2717,8741,13.03,3,Active
WELL_011,Delta-K-11,Niger Delta Offshore,4/8/2024,2669,8749,13.06,2,Active
WELL_011,Delta-K-11,Niger Delta Onshore,4/9/2024,2673,8637,13.11,3,Active
WELL_011,Delta-K-11,Niger Delta Onshore,4/10/2024,134,2341,13.15,18,Failed
WELL_011,Delta-K-11,Niger Delta Onshore,4/11/2024,2703,8635,13.18,1,Active
WELL_011,Delta-K-11,Niger Delta Onshore,4/12/2024,2661,8730,13.21,3,Active
WELL_011,Delta-K-11,Niger Delta Onshore,4/13/2024,2658,8773,13.25,0,Active
WELL_011,Delta-K-11,Niger Delta Offshore,4/14/2024,2628,8767,13.29,2,Active
WELL_011,Delta-K-11,Niger Delta Offshore,4/15/2024,2691,8690,13.3,2,Active
WELL_011,Delta-K-11,Niger Delta Onshore,4/16/2024,2650,8761,13.35,3,Active
WELL_011,Delta-K-11,Niger Delta Offshore,4/17/2024,2719,8744,13.39,3,Active
WELL_011,Delta-K-11,Niger Delta Offshore,4/18/2024,2713,8815,13.43,0,Active
WELL_011,Delta-K-11,Niger Delta Offshore,4/19/2024,2662,8784,13.47,2,Active
WELL_011,Delta-K-11,Niger Delta Offshore,4/20/2024,342,444,13.48,14,Failed
WELL_011,Delta-K-11,Niger Delta Onshore,4/21/2024,2634,8706,13.5,0,Active
WELL_011,Delta-K-11,Niger Delta Onshore,4/22/2024,2697,8741,13.51,0,Active
WELL_011,Delta-K-11,Niger Delta Onshore,4/23/2024,1801,6043,13.52,4,Maintenance
WELL_011,Delta-K-11,Niger Delta Onshore,4/24/2024,2708,8667,13.56,1,Active
WELL_011,Delta-K-11,Niger Delta Offshore,4/25/2024,1875,6003,13.58,4,Maintenance
WELL_011,Delta-K-11,Niger Delta Offshore,4/26/2024,2688,8649,13.61,1,Active
WELL_011,Delta-K-11,Niger Delta Offshore,4/27/2024,2678,8658,13.63,0,Active
WELL_011,Delta-K-11,Niger Delta Offshore,4/28/2024,2679,8773,13.65,3,Active
WELL_011,Delta-K-11,Niger Delta Onshore,4/29/2024,2682,8780,13.68,2,Active
WELL_011,Delta-K-11,Niger Delta Offshore,4/30/2024,2691,8602,13.71,3,Active
WELL_011,Delta-K-11,Niger Delta Offshore,5/1/2024,2710,8642,13.76,2,Active
WELL_011,Delta-K-11,Niger Delta Offshore,5/2/2024,2662,8720,13.8,0,Active
WELL_011,Delta-K-11,Niger Delta Offshore,5/3/2024,136,648,13.82,14,Failed
WELL_011,Delta-K-11,Niger Delta Onshore,5/4/2024,2634,8708,13.83,2,Active
WELL_011,Delta-K-11,Niger Delta Offshore,5/5/2024,2678,8634,13.85,1,Active
WELL_011,Delta-K-11,Niger Delta Onshore,5/6/2024,2697,8688,13.9,2,Active
WELL_011,Delta-K-11,Niger Delta Onshore,5/7/2024,2627,8735,13.94,3,Active
WELL_011,Delta-K-11,Niger Delta Offshore,5/8/2024,2665,8708,13.98,2,Active
WELL_011,Delta-K-11,Niger Delta Onshore,5/9/2024,2695,8695,14.02,3,Active
WELL_011,Delta-K-11,Niger Delta Onshore,5/10/2024,2631,8604,14.06,0,Active
WELL_011,Delta-K-11,Niger Delta Onshore,5/11/2024,2641,8691,14.09,1,Active
WELL_011,Delta-K-11,Niger Delta Onshore,5/12/2024,2681,8624,14.1,0,Active
WELL_011,Delta-K-11,Niger Delta Onshore,5/13/2024,2641,8757,14.12,1,Active
WELL_011,Delta-K-11,Niger Delta Onshore,5/14/2024,2696,8711,14.14,1,Active
WELL_011,Delta-K-11,Niger Delta Onshore,5/15/2024,1840,6011,14.15,7,Maintenance
WELL_011,Delta-K-11,Niger Delta Onshore,5/16/2024,2663,8588,14.18,3,Active
WELL_011,Delta-K-11,Niger Delta Offshore,5/17/2024,1793,6031,14.2,5,Maintenance
WELL_011,Delta-K-11,Niger Delta Onshore,5/18/2024,2632,8736,14.23,1,Active
WELL_011,Delta-K-11,Niger Delta Onshore,5/19/2024,2674,8635,14.25,0,Active
WELL_011,Delta-K-11,Niger Delta Onshore,5/20/2024,2654,8570,14.28,2,Active
WELL_011,Delta-K-11,Niger Delta Offshore,5/21/2024,2697,8717,14.29,0,Active
WELL_011,Delta-K-11,Niger Delta Offshore,5/22/2024,1777,5995,14.32,5,Maintenance
WELL_011,Delta-K-11,Niger Delta Offshore,5/23/2024,2690,8739,14.35,1,Active
WELL_011,Delta-K-11,Niger Delta Onshore,5/24/2024,1790,5871,14.38,7,Maintenance
WELL_011,Delta-K-11,Niger Delta Onshore,5/25/2024,2650,8642,14.41,3,Active
WELL_011,Delta-K-11,Niger Delta Onshore,5/26/2024,2690,8574,14.44,0,Active
WELL_011,Delta-K-11,Niger Delta Offshore,5/27/2024,2654,8666,14.48,2,Active
WELL_011,Delta-K-11,Niger Delta Onshore,5/28/2024,2639,8585,14.52,3,Active
WELL_011,Delta-K-11,Niger Delta Offshore,5/29/2024,2660,8711,14.54,1,Active
WELL_011,Delta-K-11,Niger Delta Offshore,5/30/2024,1846,5854,14.55,4,Maintenance
WELL_011,Delta-K-11,Niger Delta Onshore,5/31/2024,2648,8658,14.58,1,Active
WELL_011,Delta-K-11,Niger Delta Offshore,6/1/2024,2684,8576,14.62,3,Active
WELL_011,Delta-K-11,Niger Delta Onshore,6/2/2024,2653,8709,14.66,0,Active
WELL_011,Delta-K-11,Niger Delta Offshore,6/3/2024,2674,8688,14.68,0,Active
WELL_011,Delta-K-11,Niger Delta Offshore,6/4/2024,2650,8568,14.72,0,Active
WELL_011,Delta-K-11,Niger Delta Offshore,6/5/2024,2612,8585,14.74,1,Active
WELL_011,Delta-K-11,Niger Delta Onshore,6/6/2024,1819,5980,14.78,7,Maintenance
WELL_011,Delta-K-11,Niger Delta Offshore,6/7/2024,2630,8595,14.82,0,Active
WELL_011,Delta-K-11,Niger Delta Offshore,6/8/2024,2675,8528,14.84,3,Active
WELL_011,Delta-K-11,Niger Delta Offshore,6/9/2024,2682,8675,14.87,1,Active
WELL_011,Delta-K-11,Niger Delta Offshore,6/10/2024,2628,8596,14.91,1,Active
WELL_011,Delta-K-11,Niger Delta Onshore,6/11/2024,1784,5865,14.93,9,Maintenance
WELL_011,Delta-K-11,Niger Delta Onshore,6/12/2024,2628,8527,14.95,1,Active
WELL_011,Delta-K-11,Niger Delta Onshore,6/13/2024,2584,8618,14.97,1,Active
WELL_011,Delta-K-11,Niger Delta Onshore,6/14/2024,2649,8556,15.01,2,Active
WELL_011,Delta-K-11,Niger Delta Onshore,6/15/2024,1814,5901,15.04,5,Maintenance
WELL_011,Delta-K-11,Niger Delta Onshore,6/16/2024,2649,8689,15.07,0,Active
WELL_011,Delta-K-11,Niger Delta Onshore,6/17/2024,2634,8671,15.11,3,Active
WELL_011,Delta-K-11,Niger Delta Onshore,6/18/2024,2605,8559,15.13,2,Active
WELL_011,Delta-K-11,Niger Delta Onshore,6/19/2024,2611,8628,15.15,0,Active
WELL_011,Delta-K-11,Niger Delta Onshore,6/20/2024,2649,8679,15.16,0,Active
WELL_011,Delta-K-11,Niger Delta Offshore,6/21/2024,2606,8503,15.21,0,Active
WELL_011,Delta-K-11,Niger Delta Offshore,6/22/2024,2589,8611,15.25,3,Active
WELL_011,Delta-K-11,Niger Delta Onshore,6/23/2024,2649,8651,15.28,0,Active
WELL_011,Delta-K-11,Niger Delta Offshore,6/24/2024,2657,8672,15.3,2,Active
WELL_011,Delta-K-11,Niger Delta Offshore,6/25/2024,2655,8562,15.34,1,Active
WELL_011,Delta-K-11,Niger Delta Onshore,6/26/2024,1825,5976,15.38,4,Maintenance
WELL_011,Delta-K-11,Niger Delta Offshore,6/27/2024,2589,8657,15.41,1,Active
WELL_011,Delta-K-11,Niger Delta Onshore,6/28/2024,2580,8493,15.45,1,Active
WELL_011,Delta-K-11,Niger Delta Onshore,6/29/2024,2662,8549,15.46,3,Active
WELL_011,Delta-K-11,Niger Delta Offshore,6/30/2024,2608,8648,15.49,0,Active
WELL_011,Delta-K-11,Niger Delta Offshore,7/1/2024,1747,5941,15.52,7,Maintenance
WELL_011,Delta-K-11,Niger Delta Offshore,7/2/2024,2661,8521,15.53,0,Active
WELL_011,Delta-K-11,Niger Delta Offshore,7/3/2024,2638,8617,15.55,0,Active
WELL_011,Delta-K-11,Niger Delta Onshore,7/4/2024,2634,8497,15.6,1,Active
WELL_011,Delta-K-11,Niger Delta Offshore,7/5/2024,2609,8499,15.63,0,Active
WELL_011,Delta-K-11,Niger Delta Onshore,7/6/2024,1815,5844,15.64,6,Maintenance
WELL_011,Delta-K-11,Niger Delta Onshore,7/7/2024,2630,8658,15.69,2,Active
WELL_011,Delta-K-11,Niger Delta Offshore,7/8/2024,2642,8621,15.72,1,Active
WELL_011,Delta-K-11,Niger Delta Onshore,7/9/2024,480,113,15.76,16,Failed
WELL_011,Delta-K-11,Niger Delta Onshore,7/10/2024,2612,8579,15.81,2,Active
WELL_011,Delta-K-11,Niger Delta Offshore,7/11/2024,2570,8610,15.83,2,Active
WELL_011,Delta-K-11,Niger Delta Onshore,7/12/2024,2641,8558,15.84,3,Active
WELL_011,Delta-K-11,Niger Delta Onshore,7/13/2024,2593,8565,15.87,3,Active
WELL_011,Delta-K-11,Niger Delta Offshore,7/14/2024,2619,8453,15.89,1,Active
WELL_011,Delta-K-11,Niger Delta Offshore,7/15/2024,2642,8611,15.91,3,Active
WELL_011,Delta-K-11,Niger Delta Onshore,7/16/2024,2623,8610,15.95,3,Active
WELL_011,Delta-K-11,Niger Delta Onshore,7/17/2024,2604,8537,15.97,0,Active
WELL_011,Delta-K-11,Niger Delta Offshore,7/18/2024,2631,8598,16.01,0,Active
WELL_011,Delta-K-11,Niger Delta Onshore,7/19/2024,2605,8469,16.03,3,Active
WELL_011,Delta-K-11,Niger Delta Onshore,7/20/2024,2625,8472,16.04,2,Active
WELL_011,Delta-K-11,Niger Delta Onshore,7/21/2024,95,1191,16.09,21,Failed
WELL_011,Delta-K-11,Niger Delta Onshore,7/22/2024,345,846,16.12,23,Failed
WELL_011,Delta-K-11,Niger Delta Offshore,7/23/2024,1809,5858,16.17,8,Maintenance
WELL_011,Delta-K-11,Niger Delta Onshore,7/24/2024,2614,8507,16.2,1,Active
WELL_011,Delta-K-11,Niger Delta Onshore,7/25/2024,2584,8549,16.24,2,Active
WELL_011,Delta-K-11,Niger Delta Onshore,7/26/2024,2573,8576,16.26,3,Active
WELL_011,Delta-K-11,Niger Delta Offshore,7/27/2024,549,2164,16.3,15,Failed
WELL_011,Delta-K-11,Niger Delta Onshore,7/28/2024,2548,8588,16.34,2,Active
WELL_011,Delta-K-11,Niger Delta Onshore,7/29/2024,171,2566,16.36,19,Failed
WELL_011,Delta-K-11,Niger Delta Onshore,7/30/2024,1738,5740,16.37,8,Maintenance
WELL_011,Delta-K-11,Niger Delta Offshore,7/31/2024,2631,8594,16.39,2,Active
WELL_011,Delta-K-11,Niger Delta Offshore,8/1/2024,287,87,16.41,12,Failed
WELL_011,Delta-K-11,Niger Delta Onshore,8/2/2024,2566,8573,16.44,3,Active
WELL_011,Delta-K-11,Niger Delta Offshore,8/3/2024,2626,8437,16.48,3,Active
WELL_011,Delta-K-11,Niger Delta Offshore,8/4/2024,2558,8499,16.52,1,Active
WELL_011,Delta-K-11,Niger Delta Offshore,8/5/2024,2627,8560,16.57,2,Active
WELL_011,Delta-K-11,Niger Delta Onshore,8/6/2024,747,494,16.59,16,Failed
WELL_011,Delta-K-11,Niger Delta Onshore,8/7/2024,29,2670,16.62,15,Failed
WELL_011,Delta-K-11,Niger Delta Onshore,8/8/2024,2566,8571,16.66,0,Active
WELL_011,Delta-K-11,Niger Delta Onshore,8/9/2024,155,1406,16.69,22,Failed
WELL_011,Delta-K-11,Niger Delta Offshore,8/10/2024,2605,8415,16.72,2,Active
WELL_011,Delta-K-11,Niger Delta Offshore,8/11/2024,772,2492,16.75,12,Failed
WELL_011,Delta-K-11,Niger Delta Onshore,8/12/2024,2567,8560,16.76,0,Active
WELL_011,Delta-K-11,Niger Delta Offshore,8/13/2024,2552,8476,16.79,0,Active
WELL_011,Delta-K-11,Niger Delta Onshore,8/14/2024,2607,8393,16.84,2,Active
WELL_011,Delta-K-11,Niger Delta Offshore,8/15/2024,2566,8440,16.86,0,Active
WELL_011,Delta-K-11,Niger Delta Onshore,8/16/2024,578,110,16.9,16,Failed
WELL_011,Delta-K-11,Niger Delta Offshore,8/17/2024,1796,5815,16.92,7,Maintenance
WELL_011,Delta-K-11,Niger Delta Onshore,8/18/2024,2557,8427,16.95,3,Active
WELL_011,Delta-K-11,Niger Delta Onshore,8/19/2024,2561,8483,16.99,0,Active
WELL_011,Delta-K-11,Niger Delta Onshore,8/20/2024,25,583,17.02,20,Failed
WELL_011,Delta-K-11,Niger Delta Offshore,8/21/2024,2529,8495,17.06,3,Active
WELL_011,Delta-K-11,Niger Delta Offshore,8/22/2024,2548,8424,17.09,0,Active
WELL_011,Delta-K-11,Niger Delta Onshore,8/23/2024,2542,8478,17.13,3,Active
WELL_011,Delta-K-11,Niger Delta Offshore,8/24/2024,2589,8539,17.18,3,Active
WELL_011,Delta-K-11,Niger Delta Onshore,8/25/2024,2613,8556,17.2,3,Active
WELL_011,Delta-K-11,Niger Delta Onshore,8/26/2024,2600,8454,17.21,1,Active
WELL_011,Delta-K-11,Niger Delta Offshore,8/27/2024,2556,8495,17.23,0,Active
WELL_011,Delta-K-11,Niger Delta Offshore,8/28/2024,595,10,17.26,16,Failed
WELL_011,Delta-K-11,Niger Delta Onshore,8/29/2024,140,617,17.27,16,Failed
WELL_011,Delta-K-11,Niger Delta Onshore,8/30/2024,2594,8451,17.28,2,Active
WELL_011,Delta-K-11,Niger Delta Onshore,8/31/2024,2612,8361,17.32,0,Active
WELL_011,Delta-K-11,Niger Delta Offshore,9/1/2024,585,625,17.35,10,Failed
WELL_011,Delta-K-11,Niger Delta Onshore,9/2/2024,2579,8523,17.37,2,Active
WELL_011,Delta-K-11,Niger Delta Offshore,9/3/2024,2594,8345,17.41,1,Active
WELL_011,Delta-K-11,Niger Delta Offshore,9/4/2024,2545,8358,17.42,3,Active
WELL_011,Delta-K-11,Niger Delta Onshore,9/5/2024,2603,8532,17.46,2,Active
WELL_011,Delta-K-11,Niger Delta Offshore,9/6/2024,2549,8376,17.49,1,Active
WELL_011,Delta-K-11,Niger Delta Offshore,9/7/2024,2602,8383,17.53,1,Active
WELL_011,Delta-K-11,Niger Delta Onshore,9/8/2024,2595,8337,17.55,2,Active
WELL_011,Delta-K-11,Niger Delta Offshore,9/9/2024,2533,8498,17.57,1,Active
WELL_011,Delta-K-11,Niger Delta Offshore,9/10/2024,2566,8329,17.61,1,Active
WELL_011,Delta-K-11,Niger Delta Onshore,9/11/2024,1695,5732,17.62,8,Maintenance
WELL_011,Delta-K-11,Niger Delta Onshore,9/12/2024,2601,8388,17.65,0,Active
WELL_011,Delta-K-11,Niger Delta Offshore,9/13/2024,2536,8465,17.67,1,Active
WELL_011,Delta-K-11,Niger Delta Offshore,9/14/2024,2565,8388,17.69,2,Active
WELL_011,Delta-K-11,Niger Delta Onshore,9/15/2024,2558,8505,17.74,2,Active
WELL_011,Delta-K-11,Niger Delta Onshore,9/16/2024,1754,5791,17.76,4,Maintenance
WELL_011,Delta-K-11,Niger Delta Offshore,9/17/2024,2596,8336,17.81,2,Active
WELL_011,Delta-K-11,Niger Delta Onshore,9/18/2024,2534,8454,17.85,1,Active
WELL_011,Delta-K-11,Niger Delta Onshore,9/19/2024,2588,8470,17.89,0,Active
WELL_011,Delta-K-11,Niger Delta Onshore,9/20/2024,2522,8395,17.9,2,Active
WELL_011,Delta-K-11,Niger Delta Onshore,9/21/2024,2539,8410,17.92,0,Active
WELL_011,Delta-K-11,Niger Delta Offshore,9/22/2024,1687,5725,17.96,8,Maintenance
WELL_011,Delta-K-11,Niger Delta Onshore,9/23/2024,2535,8365,18,1,Active
WELL_011,Delta-K-11,Niger Delta Offshore,9/24/2024,2590,8491,18.04,1,Active
WELL_011,Delta-K-11,Niger Delta Offshore,9/25/2024,2559,8330,18.07,2,Active
WELL_011,Delta-K-11,Niger Delta Onshore,9/26/2024,1746,5775,18.1,8,Maintenance
WELL_011,Delta-K-11,Niger Delta Offshore,9/27/2024,752,648,18.15,11,Failed
WELL_011,Delta-K-11,Niger Delta Onshore,9/28/2024,2526,8467,18.18,1,Active
WELL_011,Delta-K-11,Niger Delta Offshore,9/29/2024,215,1060,18.19,17,Failed
WELL_011,Delta-K-11,Niger Delta Offshore,9/30/2024,1678,5636,18.22,9,Maintenance
WELL_011,Delta-K-11,Niger Delta Offshore,10/1/2024,2512,8296,18.25,0,Active
WELL_011,Delta-K-11,Niger Delta Offshore,10/2/2024,2581,8364,18.29,1,Active
WELL_011,Delta-K-11,Niger Delta Onshore,10/3/2024,2555,8408,18.33,0,Active
WELL_011,Delta-K-11,Niger Delta Offshore,10/4/2024,2501,8350,18.37,3,Active
WELL_011,Delta-K-11,Niger Delta Offshore,10/5/2024,2496,8342,18.41,0,Active
WELL_011,Delta-K-11,Niger Delta Onshore,10/6/2024,2503,8429,18.46,3,Active
WELL_011,Delta-K-11,Niger Delta Onshore,10/7/2024,496,935,18.47,22,Failed
WELL_011,Delta-K-11,Niger Delta Onshore,10/8/2024,2501,8453,18.49,3,Active
WELL_011,Delta-K-11,Niger Delta Onshore,10/9/2024,2522,8441,18.53,3,Active
WELL_011,Delta-K-11,Niger Delta Offshore,10/10/2024,2533,8343,18.57,0,Active
WELL_011,Delta-K-11,Niger Delta Onshore,10/11/2024,2539,8330,18.61,0,Active
WELL_011,Delta-K-11,Niger Delta Onshore,10/12/2024,2580,8361,18.64,0,Active
WELL_011,Delta-K-11,Niger Delta Offshore,10/13/2024,2555,8372,18.67,3,Active
WELL_011,Delta-K-11,Niger Delta Onshore,10/14/2024,2566,8333,18.68,1,Active
WELL_011,Delta-K-11,Niger Delta Offshore,10/15/2024,2579,8375,18.7,1,Active
WELL_011,Delta-K-11,Niger Delta Onshore,10/16/2024,1661,5690,18.74,5,Maintenance
WELL_011,Delta-K-11,Niger Delta Offshore,10/17/2024,2526,8372,18.77,1,Active
WELL_011,Delta-K-11,Niger Delta Onshore,10/18/2024,2560,8268,18.79,3,Active
WELL_011,Delta-K-11,Niger Delta Onshore,10/19/2024,2554,8433,18.81,0,Active
WELL_011,Delta-K-11,Niger Delta Onshore,10/20/2024,2546,8301,18.83,1,Active
WELL_011,Delta-K-11,Niger Delta Offshore,10/21/2024,2511,8338,18.87,2,Active
WELL_011,Delta-K-11,Niger Delta Onshore,10/22/2024,2502,8265,18.9,2,Active
WELL_011,Delta-K-11,Niger Delta Offshore,10/23/2024,2518,8370,18.93,3,Active
WELL_011,Delta-K-11,Niger Delta Onshore,10/24/2024,2509,8295,18.98,0,Active
WELL_011,Delta-K-11,Niger Delta Onshore,10/25/2024,450,1555,19.02,15,Failed
WELL_011,Delta-K-11,Niger Delta Offshore,10/26/2024,810,1327,19.03,15,Failed
WELL_011,Delta-K-11,Niger Delta Offshore,10/27/2024,2543,8312,19.05,0,Active
WELL_011,Delta-K-11,Niger Delta Onshore,10/28/2024,1731,5735,19.1,8,Maintenance
WELL_011,Delta-K-11,Niger Delta Onshore,10/29/2024,2471,8348,19.15,1,Active
WELL_011,Delta-K-11,Niger Delta Onshore,10/30/2024,2469,8356,19.16,0,Active
WELL_011,Delta-K-11,Niger Delta Offshore,10/31/2024,1683,5720,19.2,7,Maintenance
WELL_011,Delta-K-11,Niger Delta Onshore,11/1/2024,1656,5571,19.25,8,Maintenance
WELL_011,Delta-K-11,Niger Delta Onshore,11/2/2024,613,1427,19.26,15,Failed
WELL_011,Delta-K-11,Niger Delta Onshore,11/3/2024,2515,8280,19.29,1,Active
WELL_011,Delta-K-11,Niger Delta Offshore,11/4/2024,2489,8377,19.32,3,Active
WELL_011,Delta-K-11,Niger Delta Offshore,11/5/2024,2489,8405,19.35,0,Active
WELL_011,Delta-K-11,Niger Delta Offshore,11/6/2024,2516,8235,19.39,3,Active
WELL_011,Delta-K-11,Niger Delta Onshore,11/7/2024,2509,8406,19.44,2,Active
WELL_011,Delta-K-11,Niger Delta Offshore,11/8/2024,1720,5681,19.46,5,Maintenance
WELL_011,Delta-K-11,Niger Delta Offshore,11/9/2024,2494,8249,19.48,3,Active
WELL_011,Delta-K-11,Niger Delta Onshore,11/10/2024,2502,8288,19.5,0,Active
WELL_011,Delta-K-11,Niger Delta Offshore,11/11/2024,2468,8333,19.54,0,Active
WELL_011,Delta-K-11,Niger Delta Onshore,11/12/2024,2509,8327,19.56,1,Active
WELL_011,Delta-K-11,Niger Delta Offshore,11/13/2024,2540,8259,19.61,0,Active
WELL_011,Delta-K-11,Niger Delta Offshore,11/14/2024,1633,5690,19.64,5,Maintenance
WELL_011,Delta-K-11,Niger Delta Onshore,11/15/2024,2512,8272,19.67,0,Active
WELL_011,Delta-K-11,Niger Delta Onshore,11/16/2024,2508,8326,19.72,1,Active
WELL_011,Delta-K-11,Niger Delta Onshore,11/17/2024,2541,8196,19.76,3,Active
WELL_011,Delta-K-11,Niger Delta Onshore,11/18/2024,462,607,19.78,12,Failed
WELL_011,Delta-K-11,Niger Delta Onshore,11/19/2024,2465,8309,19.79,0,Active
WELL_011,Delta-K-11,Niger Delta Onshore,11/20/2024,2525,8346,19.82,3,Active
WELL_011,Delta-K-11,Niger Delta Onshore,11/21/2024,2548,8366,19.84,1,Active
WELL_011,Delta-K-11,Niger Delta Offshore,11/22/2024,2546,8258,19.87,1,Active
WELL_011,Delta-K-11,Niger Delta Onshore,11/23/2024,2462,8330,19.88,3,Active
WELL_011,Delta-K-11,Niger Delta Onshore,11/24/2024,312,1938,19.91,22,Failed
WELL_011,Delta-K-11,Niger Delta Onshore,11/25/2024,2449,8255,19.95,0,Active
WELL_011,Delta-K-11,Niger Delta Offshore,11/26/2024,1697,5627,19.99,6,Maintenance
WELL_011,Delta-K-11,Niger Delta Onshore,11/27/2024,2450,8230,20.01,2,Active
WELL_011,Delta-K-11,Niger Delta Offshore,11/28/2024,2460,8174,20.04,3,Active
WELL_011,Delta-K-11,Niger Delta Offshore,11/29/2024,2543,8350,20.05,2,Active
WELL_011,Delta-K-11,Niger Delta Onshore,11/30/2024,1700,5652,20.07,7,Maintenance
WELL_011,Delta-K-11,Niger Delta Onshore,12/1/2024,2506,8357,20.1,0,Active
WELL_011,Delta-K-11,Niger Delta Onshore,12/2/2024,2487,8359,20.13,3,Active
WELL_011,Delta-K-11,Niger Delta Offshore,12/3/2024,1668,5551,20.17,9,Maintenance
WELL_011,Delta-K-11,Niger Delta Offshore,12/4/2024,2450,8174,20.22,2,Active
WELL_011,Delta-K-11,Niger Delta Onshore,12/5/2024,2501,8304,20.23,3,Active
WELL_011,Delta-K-11,Niger Delta Onshore,12/6/2024,2484,8263,20.25,0,Active
WELL_011,Delta-K-11,Niger Delta Offshore,12/7/2024,2478,8243,20.27,3,Active
WELL_011,Delta-K-11,Niger Delta Onshore,12/8/2024,2461,8157,20.31,1,Active
WELL_011,Delta-K-11,Niger Delta Onshore,12/9/2024,2474,8320,20.32,3,Active
WELL_011,Delta-K-11,Niger Delta Onshore,12/10/2024,2527,8279,20.34,2,Active
WELL_011,Delta-K-11,Niger Delta Offshore,12/11/2024,2473,8198,20.37,0,Active
WELL_011,Delta-K-11,Niger Delta Offshore,12/12/2024,1685,5646,20.42,5,Maintenance
WELL_011,Delta-K-11,Niger Delta Offshore,12/13/2024,2457,8231,20.45,2,Active
WELL_011,Delta-K-11,Niger Delta Onshore,12/14/2024,2481,8250,20.48,2,Active
WELL_011,Delta-K-11,Niger Delta Offshore,12/15/2024,2455,8196,20.52,2,Active
WELL_011,Delta-K-11,Niger Delta Offshore,12/16/2024,2472,8291,20.53,0,Active
WELL_011,Delta-K-11,Niger Delta Onshore,12/17/2024,1622,5475,20.55,8,Maintenance
WELL_011,Delta-K-11,Niger Delta Offshore,12/18/2024,2527,8261,20.58,0,Active
WELL_011,Delta-K-11,Niger Delta Onshore,12/19/2024,2526,8143,20.61,0,Active
WELL_011,Delta-K-11,Niger Delta Offshore,12/20/2024,2482,8163,20.66,3,Active
WELL_011,Delta-K-11,Niger Delta Offshore,12/21/2024,2521,8161,20.7,0,Active
WELL_011,Delta-K-11,Niger Delta Onshore,12/22/2024,2454,8159,20.73,2,Active
WELL_011,Delta-K-11,Niger Delta Offshore,12/23/2024,2448,8300,20.76,2,Active
WELL_011,Delta-K-11,Niger Delta Offshore,12/24/2024,1672,5606,20.77,8,Maintenance
WELL_011,Delta-K-11,Niger Delta Offshore,12/25/2024,185,1494,20.78,22,Failed
WELL_011,Delta-K-11,Niger Delta Onshore,12/26/2024,2465,8143,20.83,3,Active
WELL_011,Delta-K-11,Niger Delta Onshore,12/27/2024,2474,8225,20.88,0,Active
WELL_011,Delta-K-11,Niger Delta Offshore,12/28/2024,2474,8225,20.92,3,Active
WELL_011,Delta-K-11,Niger Delta Offshore,12/29/2024,729,1186,20.94,22,Failed
WELL_011,Delta-K-11,Niger Delta Onshore,12/30/2024,2491,8245,20.96,2,Active
WELL_011,Delta-K-11,Niger Delta Offshore,12/31/2024,1597,5540,21,6,Maintenance
WELL_011,Delta-K-11,Niger Delta Offshore,1/1/2025,2454,8131,21.02,3,Active
WELL_011,Delta-K-11,Niger Delta Offshore,1/2/2025,735,2498,21.03,20,Failed
WELL_011,Delta-K-11,Niger Delta Onshore,1/3/2025,2455,8205,21.05,0,Active
WELL_011,Delta-K-11,Niger Delta Offshore,1/4/2025,2425,8136,21.08,0,Active
WELL_011,Delta-K-11,Niger Delta Onshore,1/5/2025,2498,8271,21.11,1,Active
WELL_011,Delta-K-11,Niger Delta Offshore,1/6/2025,2465,8245,21.13,1,Active
WELL_011,Delta-K-11,Niger Delta Offshore,1/7/2025,1639,5459,21.17,9,Maintenance
WELL_011,Delta-K-11,Niger Delta Onshore,1/8/2025,2468,8096,21.19,0,Active
WELL_011,Delta-K-11,Niger Delta Onshore,1/9/2025,2465,8103,21.22,0,Active
WELL_011,Delta-K-11,Niger Delta Onshore,1/10/2025,2431,8167,21.24,1,Active
WELL_011,Delta-K-11,Niger Delta Offshore,1/11/2025,2489,8108,21.26,2,Active
WELL_011,Delta-K-11,Niger Delta Onshore,1/12/2025,2427,8246,21.29,1,Active
WELL_011,Delta-K-11,Niger Delta Onshore,1/13/2025,2485,8258,21.32,3,Active
WELL_011,Delta-K-11,Niger Delta Onshore,1/14/2025,2483,8152,21.36,0,Active
WELL_011,Delta-K-11,Niger Delta Onshore,1/15/2025,2450,8200,21.38,3,Active
WELL_011,Delta-K-11,Niger Delta Onshore,1/16/2025,2459,8113,21.43,1,Active
WELL_011,Delta-K-11,Niger Delta Onshore,1/17/2025,2428,8256,21.47,3,Active
WELL_011,Delta-K-11,Niger Delta Onshore,1/18/2025,2431,8184,21.49,0,Active
WELL_011,Delta-K-11,Niger Delta Onshore,1/19/2025,2445,8188,21.52,3,Active
WELL_011,Delta-K-11,Niger Delta Onshore,1/20/2025,2468,8253,21.55,3,Active
WELL_011,Delta-K-11,Niger Delta Onshore,1/21/2025,2434,8072,21.58,1,Active
WELL_011,Delta-K-11,Niger Delta Offshore,1/22/2025,2416,8157,21.6,2,Active
WELL_011,Delta-K-11,Niger Delta Offshore,1/23/2025,2476,8075,21.65,0,Active
WELL_011,Delta-K-11,Niger Delta Offshore,1/24/2025,2450,8170,21.68,2,Active
WELL_011,Delta-K-11,Niger Delta Offshore,1/25/2025,665,1782,21.69,12,Failed
WELL_011,Delta-K-11,Niger Delta Onshore,1/26/2025,2417,8248,21.72,3,Active
WELL_011,Delta-K-11,Niger Delta Offshore,1/27/2025,2445,8106,21.74,1,Active
WELL_011,Delta-K-11,Niger Delta Onshore,1/28/2025,2456,8051,21.79,1,Active
WELL_011,Delta-K-11,Niger Delta Onshore,1/29/2025,2439,8207,21.83,2,Active
WELL_011,Delta-K-11,Niger Delta Onshore,1/30/2025,2430,8208,21.87,0,Active
WELL_011,Delta-K-11,Niger Delta Onshore,1/31/2025,2407,8110,21.88,3,Active
WELL_011,Delta-K-11,Niger Delta Offshore,2/1/2025,2402,8204,21.91,1,Active
WELL_011,Delta-K-11,Niger Delta Onshore,2/2/2025,2413,8186,21.93,2,Active
WELL_011,Delta-K-11,Niger Delta Offshore,2/3/2025,1619,5463,21.96,6,Maintenance
WELL_011,Delta-K-11,Niger Delta Onshore,2/4/2025,2423,8100,22.01,0,Active
WELL_011,Delta-K-11,Niger Delta Onshore,2/5/2025,2480,8205,22.04,3,Active
WELL_011,Delta-K-11,Niger Delta Offshore,2/6/2025,2440,8054,22.09,0,Active
WELL_011,Delta-K-11,Niger Delta Offshore,2/7/2025,1582,5508,22.11,6,Maintenance
WELL_011,Delta-K-11,Niger Delta Onshore,2/8/2025,2442,8224,22.15,1,Active
WELL_011,Delta-K-11,Niger Delta Offshore,2/9/2025,2390,8030,22.17,0,Active
WELL_011,Delta-K-11,Niger Delta Offshore,2/10/2025,2465,8092,22.18,3,Active
WELL_011,Delta-K-11,Niger Delta Offshore,2/11/2025,2398,8071,22.23,2,Active
WELL_011,Delta-K-11,Niger Delta Onshore,2/12/2025,2465,8055,22.24,0,Active
WELL_011,Delta-K-11,Niger Delta Offshore,2/13/2025,2389,8145,22.26,1,Active
WELL_011,Delta-K-11,Niger Delta Offshore,2/14/2025,2409,8184,22.3,0,Active
WELL_011,Delta-K-11,Niger Delta Offshore,2/15/2025,2466,8036,22.33,2,Active
WELL_011,Delta-K-11,Niger Delta Onshore,2/16/2025,517,2498,22.34,13,Failed
WELL_011,Delta-K-11,Niger Delta Offshore,2/17/2025,79,2185,22.39,22,Failed
WELL_011,Delta-K-11,Niger Delta Onshore,2/18/2025,2453,8080,22.43,3,Active
WELL_011,Delta-K-11,Niger Delta Offshore,2/19/2025,2422,8087,22.47,0,Active
WELL_011,Delta-K-11,Niger Delta Onshore,2/20/2025,2402,8144,22.5,1,Active
WELL_011,Delta-K-11,Niger Delta Onshore,2/21/2025,1582,5510,22.54,9,Maintenance
WELL_011,Delta-K-11,Niger Delta Onshore,2/22/2025,1560,5431,22.56,6,Maintenance
WELL_011,Delta-K-11,Niger Delta Onshore,2/23/2025,2407,8174,22.6,3,Active
WELL_011,Delta-K-11,Niger Delta Offshore,2/24/2025,1549,5394,22.63,8,Maintenance
WELL_011,Delta-K-11,Niger Delta Onshore,2/25/2025,2433,8110,22.67,3,Active
WELL_011,Delta-K-11,Niger Delta Offshore,2/26/2025,1643,5506,22.71,4,Maintenance
WELL_011,Delta-K-11,Niger Delta Onshore,2/27/2025,317,1530,22.72,23,Failed
WELL_011,Delta-K-11,Niger Delta Offshore,2/28/2025,2448,8090,22.75,1,Active
WELL_011,Delta-K-11,Niger Delta Onshore,3/1/2025,2444,8100,22.79,3,Active
WELL_011,Delta-K-11,Niger Delta Onshore,3/2/2025,2445,8021,22.82,2,Active
WELL_011,Delta-K-11,Niger Delta Offshore,3/3/2025,1620,5355,22.84,5,Maintenance
WELL_011,Delta-K-11,Niger Delta Offshore,3/4/2025,2467,8037,22.89,2,Active
WELL_011,Delta-K-11,Niger Delta Offshore,3/5/2025,2429,8134,22.93,2,Active
WELL_011,Delta-K-11,Niger Delta Offshore,3/6/2025,2382,8098,22.98,1,Active
WELL_011,Delta-K-11,Niger Delta Onshore,3/7/2025,2427,8020,23.01,3,Active
WELL_011,Delta-K-11,Niger Delta Offshore,3/8/2025,2373,7988,23.05,3,Active
WELL_011,Delta-K-11,Niger Delta Offshore,3/9/2025,813,577,23.07,14,Failed
WELL_011,Delta-K-11,Niger Delta Offshore,3/10/2025,2385,8149,23.09,2,Active
WELL_011,Delta-K-11,Niger Delta Onshore,3/11/2025,2380,7977,23.14,3,Active
WELL_011,Delta-K-11,Niger Delta Onshore,3/12/2025,2422,8105,23.18,3,Active
WELL_011,Delta-K-11,Niger Delta Offshore,3/13/2025,1628,5328,23.2,7,Maintenance
WELL_011,Delta-K-11,Niger Delta Offshore,3/14/2025,2378,8150,23.23,2,Active
WELL_011,Delta-K-11,Niger Delta Offshore,3/15/2025,1625,5354,23.28,4,Maintenance
WELL_011,Delta-K-11,Niger Delta Offshore,3/16/2025,2419,8003,23.3,1,Active
WELL_011,Delta-K-11,Niger Delta Onshore,3/17/2025,2456,8054,23.31,1,Active
WELL_011,Delta-K-11,Niger Delta Onshore,3/18/2025,1568,5337,23.35,8,Maintenance
WELL_011,Delta-K-11,Niger Delta Onshore,3/19/2025,2419,7966,23.39,1,Active
WELL_011,Delta-K-11,Niger Delta Onshore,3/20/2025,2450,8041,23.4,3,Active
WELL_011,Delta-K-11,Niger Delta Onshore,3/21/2025,2396,7974,23.44,1,Active
WELL_011,Delta-K-11,Niger Delta Onshore,3/22/2025,2406,8108,23.49,2,Active
WELL_011,Delta-K-11,Niger Delta Onshore,3/23/2025,2440,7984,23.54,2,Active
WELL_011,Delta-K-11,Niger Delta Onshore,3/24/2025,1545,5329,23.57,5,Maintenance
WELL_011,Delta-K-11,Niger Delta Offshore,3/25/2025,250,2042,23.6,12,Failed
WELL_011,Delta-K-11,Niger Delta Offshore,3/26/2025,221,895,23.65,18,Failed
WELL_011,Delta-K-11,Niger Delta Onshore,3/27/2025,2430,7958,23.68,2,Active
WELL_011,Delta-K-11,Niger Delta Onshore,3/28/2025,2372,8056,23.71,1,Active
WELL_011,Delta-K-11,Niger Delta Offshore,3/29/2025,2391,8122,23.73,1,Active
WELL_011,Delta-K-11,Niger Delta Onshore,3/30/2025,2384,7987,23.78,3,Active
WELL_011,Delta-K-11,Niger Delta Offshore,3/31/2025,546,2536,23.82,19,Failed
WELL_011,Delta-K-11,Niger Delta Offshore,4/1/2025,2427,8090,23.84,1,Active
WELL_011,Delta-K-11,Niger Delta Offshore,4/2/2025,2390,8120,23.86,1,Active
WELL_011,Delta-K-11,Niger Delta Onshore,4/3/2025,2423,7924,23.91,1,Active
WELL_011,Delta-K-11,Niger Delta Onshore,4/4/2025,2387,7948,23.93,1,Active
WELL_011,Delta-K-11,Niger Delta Onshore,4/5/2025,2435,8080,23.96,1,Active
WELL_011,Delta-K-11,Niger Delta Onshore,4/6/2025,2378,7970,24,1,Active
WELL_011,Delta-K-11,Niger Delta Offshore,4/7/2025,2438,8063,24.03,3,Active
WELL_011,Delta-K-11,Niger Delta Onshore,4/8/2025,2433,8093,24.06,3,Active
WELL_011,Delta-K-11,Niger Delta Onshore,4/9/2025,2390,7969,24.07,2,Active
WELL_011,Delta-K-11,Niger Delta Onshore,4/10/2025,2340,7923,24.1,0,Active
WELL_011,Delta-K-11,Niger Delta Offshore,4/11/2025,1535,5234,24.13,4,Maintenance
WELL_011,Delta-K-11,Niger Delta Offshore,4/12/2025,2434,8063,24.17,2,Active
WELL_011,Delta-K-11,Niger Delta Offshore,4/13/2025,2380,8087,24.2,2,Active
WELL_011,Delta-K-11,Niger Delta Offshore,4/14/2025,2380,8056,24.21,2,Active
WELL_011,Delta-K-11,Niger Delta Offshore,4/15/2025,420,1738,24.26,15,Failed
WELL_011,Delta-K-11,Niger Delta Onshore,4/16/2025,2387,7999,24.3,0,Active
WELL_011,Delta-K-11,Niger Delta Onshore,4/17/2025,687,1987,24.34,15,Failed
WELL_011,Delta-K-11,Niger Delta Onshore,4/18/2025,2334,7965,24.39,0,Active
WELL_011,Delta-K-11,Niger Delta Onshore,4/19/2025,2398,8001,24.41,3,Active
WELL_011,Delta-K-11,Niger Delta Offshore,4/20/2025,2412,7909,24.44,0,Active
WELL_011,Delta-K-11,Niger Delta Offshore,4/21/2025,1590,5378,24.48,7,Maintenance
WELL_011,Delta-K-11,Niger Delta Onshore,4/22/2025,1516,5290,24.51,8,Maintenance
WELL_011,Delta-K-11,Niger Delta Onshore,4/23/2025,2426,8021,24.56,1,Active
WELL_011,Delta-K-11,Niger Delta Offshore,4/24/2025,2380,7956,24.59,3,Active
WELL_011,Delta-K-11,Niger Delta Onshore,4/25/2025,2411,7900,24.64,1,Active
WELL_011,Delta-K-11,Niger Delta Onshore,4/26/2025,2379,7923,24.66,1,Active
WELL_011,Delta-K-11,Niger Delta Offshore,4/27/2025,2370,7888,24.7,3,Active
WELL_011,Delta-K-11,Niger Delta Onshore,4/28/2025,2361,8029,24.74,0,Active
WELL_011,Delta-K-11,Niger Delta Offshore,4/29/2025,533,1256,24.78,19,Failed
WELL_011,Delta-K-11,Niger Delta Offshore,4/30/2025,2358,7934,24.8,1,Active
WELL_011,Delta-K-11,Niger Delta Onshore,5/1/2025,696,770,24.82,10,Failed
WELL_011,Delta-K-11,Niger Delta Offshore,5/2/2025,2338,8003,24.87,2,Active
WELL_011,Delta-K-11,Niger Delta Offshore,5/3/2025,2334,7897,24.89,3,Active
WELL_011,Delta-K-11,Niger Delta Offshore,5/4/2025,2324,7908,24.93,1,Active
WELL_011,Delta-K-11,Niger Delta Onshore,5/5/2025,2378,8007,24.95,0,Active
WELL_011,Delta-K-11,Niger Delta Onshore,5/6/2025,2386,7899,24.98,0,Active
WELL_011,Delta-K-11,Niger Delta Offshore,5/7/2025,1540,5279,25.02,7,Maintenance
WELL_011,Delta-K-11,Niger Delta Offshore,5/8/2025,2377,7857,25.06,2,Active
WELL_011,Delta-K-11,Niger Delta Onshore,5/9/2025,47,1914,25.08,15,Failed
WELL_011,Delta-K-11,Niger Delta Offshore,5/10/2025,2371,7943,25.13,1,Active
WELL_011,Delta-K-11,Niger Delta Offshore,5/11/2025,1502,5299,25.18,9,Maintenance
WELL_011,Delta-K-11,Niger Delta Offshore,5/12/2025,2336,7915,25.19,2,Active
WELL_011,Delta-K-11,Niger Delta Offshore,5/13/2025,2398,7968,25.21,2,Active
WELL_011,Delta-K-11,Niger Delta Onshore,5/14/2025,2366,7862,25.26,2,Active
WELL_012,Delta-L-12,Niger Delta Offshore,1/1/2024,81,3429,11.05,23,Failed
WELL_012,Delta-L-12,Niger Delta Onshore,1/2/2024,2227,14908,11.08,1,Active
WELL_012,Delta-L-12,Niger Delta Onshore,1/3/2024,2234,14935,11.11,1,Active
WELL_012,Delta-L-12,Niger Delta Onshore,1/4/2024,2206,14890,11.16,2,Active
WELL_012,Delta-L-12,Niger Delta Onshore,1/5/2024,1570,10470,11.2,6,Maintenance
WELL_012,Delta-L-12,Niger Delta Onshore,1/6/2024,2162,15051,11.22,2,Active
WELL_012,Delta-L-12,Niger Delta Offshore,1/7/2024,2206,14918,11.25,0,Active
WELL_012,Delta-L-12,Niger Delta Offshore,1/8/2024,2211,14940,11.3,0,Active
WELL_012,Delta-L-12,Niger Delta Offshore,1/9/2024,2215,14980,11.33,0,Active
WELL_012,Delta-L-12,Niger Delta Offshore,1/10/2024,2200,14967,11.34,0,Active
WELL_012,Delta-L-12,Niger Delta Onshore,1/11/2024,2148,14876,11.38,2,Active
WELL_012,Delta-L-12,Niger Delta Offshore,1/12/2024,2153,14899,11.42,2,Active
WELL_012,Delta-L-12,Niger Delta Onshore,1/13/2024,2142,14876,11.46,0,Active
WELL_012,Delta-L-12,Niger Delta Onshore,1/14/2024,2147,15021,11.5,2,Active
WELL_012,Delta-L-12,Niger Delta Onshore,1/15/2024,2228,15015,11.54,1,Active
WELL_012,Delta-L-12,Niger Delta Onshore,1/16/2024,2185,14913,11.57,3,Active
WELL_012,Delta-L-12,Niger Delta Onshore,1/17/2024,2166,14903,11.59,1,Active
WELL_012,Delta-L-12,Niger Delta Onshore,1/18/2024,2227,14956,11.6,3,Active
WELL_012,Delta-L-12,Niger Delta Onshore,1/19/2024,2187,14915,11.63,3,Active
WELL_012,Delta-L-12,Niger Delta Offshore,1/20/2024,2187,14848,11.65,3,Active
WELL_012,Delta-L-12,Niger Delta Offshore,1/21/2024,2181,14936,11.7,2,Active
WELL_012,Delta-L-12,Niger Delta Offshore,1/22/2024,2162,14981,11.75,3,Active
WELL_012,Delta-L-12,Niger Delta Offshore,1/23/2024,2219,14839,11.79,2,Active
WELL_012,Delta-L-12,Niger Delta Offshore,1/24/2024,2142,15022,11.8,1,Active
WELL_012,Delta-L-12,Niger Delta Offshore,1/25/2024,2209,15003,11.83,3,Active
WELL_012,Delta-L-12,Niger Delta Offshore,1/26/2024,1554,10430,11.85,6,Maintenance
WELL_012,Delta-L-12,Niger Delta Offshore,1/27/2024,2152,15018,11.87,3,Active
WELL_012,Delta-L-12,Niger Delta Onshore,1/28/2024,2191,14929,11.89,0,Active
WELL_012,Delta-L-12,Niger Delta Offshore,1/29/2024,1528,10424,11.93,7,Maintenance
WELL_012,Delta-L-12,Niger Delta Onshore,1/30/2024,2147,14953,11.95,0,Active
WELL_012,Delta-L-12,Niger Delta Onshore,1/31/2024,2215,15014,12,2,Active
WELL_012,Delta-L-12,Niger Delta Offshore,2/1/2024,2185,14908,12.04,3,Active
WELL_012,Delta-L-12,Niger Delta Onshore,2/2/2024,190,2866,12.06,16,Failed
WELL_012,Delta-L-12,Niger Delta Offshore,2/3/2024,2138,14892,12.09,3,Active
WELL_012,Delta-L-12,Niger Delta Onshore,2/4/2024,2162,14857,12.12,0,Active
WELL_012,Delta-L-12,Niger Delta Offshore,2/5/2024,2178,14864,12.14,1,Active
WELL_012,Delta-L-12,Niger Delta Offshore,2/6/2024,2191,14937,12.17,3,Active
WELL_012,Delta-L-12,Niger Delta Onshore,2/7/2024,2165,14911,12.21,0,Active
WELL_012,Delta-L-12,Niger Delta Onshore,2/8/2024,2214,14958,12.25,0,Active
WELL_012,Delta-L-12,Niger Delta Onshore,2/9/2024,2213,14828,12.26,2,Active
WELL_012,Delta-L-12,Niger Delta Offshore,2/10/2024,2204,14999,12.3,2,Active
WELL_012,Delta-L-12,Niger Delta Offshore,2/11/2024,2124,14964,12.32,3,Active
WELL_012,Delta-L-12,Niger Delta Onshore,2/12/2024,1491,10403,12.33,4,Maintenance
WELL_012,Delta-L-12,Niger Delta Onshore,2/13/2024,2187,14889,12.35,2,Active
WELL_012,Delta-L-12,Niger Delta Offshore,2/14/2024,474,997,12.38,10,Failed
WELL_012,Delta-L-12,Niger Delta Onshore,2/15/2024,2137,14899,12.41,1,Active
WELL_012,Delta-L-12,Niger Delta Offshore,2/16/2024,2205,14799,12.43,0,Active
WELL_012,Delta-L-12,Niger Delta Offshore,2/17/2024,2197,14950,12.44,0,Active
WELL_012,Delta-L-12,Niger Delta Onshore,2/18/2024,2161,14874,12.47,0,Active
WELL_012,Delta-L-12,Niger Delta Offshore,2/19/2024,1465,10360,12.52,8,Maintenance
WELL_012,Delta-L-12,Niger Delta Onshore,2/20/2024,2177,14934,12.56,3,Active
WELL_012,Delta-L-12,Niger Delta Offshore,2/21/2024,1494,10413,12.57,4,Maintenance
WELL_012,Delta-L-12,Niger Delta Onshore,2/22/2024,2204,14852,12.59,1,Active
WELL_012,Delta-L-12,Niger Delta Onshore,2/23/2024,1461,10362,12.6,9,Maintenance
WELL_012,Delta-L-12,Niger Delta Offshore,2/24/2024,2177,14889,12.64,0,Active
WELL_012,Delta-L-12,Niger Delta Offshore,2/25/2024,2108,14830,12.69,3,Active
WELL_012,Delta-L-12,Niger Delta Onshore,2/26/2024,470,1351,12.72,16,Failed
WELL_012,Delta-L-12,Niger Delta Offshore,2/27/2024,2152,14894,12.76,2,Active
WELL_012,Delta-L-12,Niger Delta Offshore,2/28/2024,2106,14832,12.78,0,Active
WELL_012,Delta-L-12,Niger Delta Offshore,2/29/2024,2106,14792,12.8,2,Active
WELL_012,Delta-L-12,Niger Delta Offshore,3/1/2024,2155,14894,12.83,3,Active
WELL_012,Delta-L-12,Niger Delta Onshore,3/2/2024,2122,14766,12.85,3,Active
WELL_012,Delta-L-12,Niger Delta Offshore,3/3/2024,2101,14947,12.86,2,Active
WELL_012,Delta-L-12,Niger Delta Offshore,3/4/2024,2102,14862,12.88,3,Active
WELL_012,Delta-L-12,Niger Delta Offshore,3/5/2024,2171,14778,12.9,1,Active
WELL_012,Delta-L-12,Niger Delta Onshore,3/6/2024,2133,14864,12.93,2,Active
WELL_012,Delta-L-12,Niger Delta Onshore,3/7/2024,2171,14848,12.96,2,Active
WELL_012,Delta-L-12,Niger Delta Offshore,3/8/2024,2133,14775,12.99,1,Active
WELL_012,Delta-L-12,Niger Delta Onshore,3/9/2024,2138,14905,13.01,2,Active
WELL_012,Delta-L-12,Niger Delta Onshore,3/10/2024,2114,14780,13.05,0,Active
WELL_012,Delta-L-12,Niger Delta Onshore,3/11/2024,2168,14812,13.06,2,Active
WELL_012,Delta-L-12,Niger Delta Offshore,3/12/2024,2109,14780,13.1,2,Active
WELL_012,Delta-L-12,Niger Delta Offshore,3/13/2024,2101,14899,13.13,3,Active
WELL_012,Delta-L-12,Niger Delta Onshore,3/14/2024,2167,14828,13.15,0,Active
WELL_012,Delta-L-12,Niger Delta Onshore,3/15/2024,2142,14819,13.18,2,Active
WELL_012,Delta-L-12,Niger Delta Onshore,3/16/2024,1467,10430,13.2,8,Maintenance
WELL_012,Delta-L-12,Niger Delta Onshore,3/17/2024,2167,14792,13.25,2,Active
WELL_012,Delta-L-12,Niger Delta Onshore,3/18/2024,2147,14791,13.29,2,Active
WELL_012,Delta-L-12,Niger Delta Offshore,3/19/2024,456,2939,13.32,20,Failed
WELL_012,Delta-L-12,Niger Delta Offshore,3/20/2024,2134,14825,13.35,2,Active
WELL_012,Delta-L-12,Niger Delta Offshore,3/21/2024,2098,14902,13.38,2,Active
WELL_012,Delta-L-12,Niger Delta Onshore,3/22/2024,2172,14812,13.41,0,Active
WELL_012,Delta-L-12,Niger Delta Onshore,3/23/2024,2167,14788,13.46,0,Active
WELL_012,Delta-L-12,Niger Delta Onshore,3/24/2024,120,3845,13.5,11,Failed
WELL_012,Delta-L-12,Niger Delta Offshore,3/25/2024,2154,14803,13.51,2,Active
WELL_012,Delta-L-12,Niger Delta Offshore,3/26/2024,2119,14864,13.54,2,Active
WELL_012,Delta-L-12,Niger Delta Onshore,3/27/2024,2148,14839,13.55,2,Active
WELL_012,Delta-L-12,Niger Delta Offshore,3/28/2024,2130,14891,13.59,3,Active
WELL_012,Delta-L-12,Niger Delta Onshore,3/29/2024,2125,14848,13.63,1,Active
WELL_012,Delta-L-12,Niger Delta Offshore,3/30/2024,2131,14791,13.65,2,Active
WELL_012,Delta-L-12,Niger Delta Onshore,3/31/2024,2133,14869,13.68,3,Active
WELL_012,Delta-L-12,Niger Delta Offshore,4/1/2024,2078,14853,13.71,3,Active
WELL_012,Delta-L-12,Niger Delta Onshore,4/2/2024,94,2168,13.75,19,Failed
WELL_012,Delta-L-12,Niger Delta Offshore,4/3/2024,1492,10244,13.76,8,Maintenance
WELL_012,Delta-L-12,Niger Delta Offshore,4/4/2024,1498,10333,13.78,4,Maintenance
WELL_012,Delta-L-12,Niger Delta Onshore,4/5/2024,2163,14804,13.83,0,Active
WELL_012,Delta-L-12,Niger Delta Offshore,4/6/2024,241,2534,13.86,20,Failed
WELL_012,Delta-L-12,Niger Delta Onshore,4/7/2024,1420,10286,13.91,4,Maintenance
WELL_012,Delta-L-12,Niger Delta Onshore,4/8/2024,131,356,13.95,13,Failed
WELL_012,Delta-L-12,Niger Delta Onshore,4/9/2024,2142,14714,13.96,1,Active
WELL_012,Delta-L-12,Niger Delta Offshore,4/10/2024,2167,14746,13.99,2,Active
WELL_012,Delta-L-12,Niger Delta Offshore,4/11/2024,2120,14827,14.01,3,Active
WELL_012,Delta-L-12,Niger Delta Onshore,4/12/2024,1424,10257,14.05,7,Maintenance
WELL_012,Delta-L-12,Niger Delta Onshore,4/13/2024,2091,14702,14.1,3,Active
WELL_012,Delta-L-12,Niger Delta Offshore,4/14/2024,2155,14703,14.11,1,Active
WELL_012,Delta-L-12,Niger Delta Onshore,4/15/2024,2116,14794,14.15,1,Active
WELL_012,Delta-L-12,Niger Delta Onshore,4/16/2024,1483,10264,14.19,9,Maintenance
WELL_012,Delta-L-12,Niger Delta Offshore,4/17/2024,2132,14809,14.22,1,Active
WELL_012,Delta-L-12,Niger Delta Onshore,4/18/2024,2131,14712,14.24,1,Active
WELL_012,Delta-L-12,Niger Delta Offshore,4/19/2024,2113,14674,14.26,1,Active
WELL_012,Delta-L-12,Niger Delta Onshore,4/20/2024,2140,14839,14.28,0,Active
WELL_012,Delta-L-12,Niger Delta Onshore,4/21/2024,2083,14804,14.3,3,Active
WELL_012,Delta-L-12,Niger Delta Offshore,4/22/2024,2095,14682,14.35,3,Active
WELL_012,Delta-L-12,Niger Delta Onshore,4/23/2024,41,644,14.38,21,Failed
WELL_012,Delta-L-12,Niger Delta Onshore,4/24/2024,287,2795,14.41,10,Failed
WELL_012,Delta-L-12,Niger Delta Onshore,4/25/2024,2124,14680,14.45,0,Active
WELL_012,Delta-L-12,Niger Delta Onshore,4/26/2024,2086,14806,14.46,3,Active
WELL_012,Delta-L-12,Niger Delta Onshore,4/27/2024,2067,14806,14.5,0,Active
WELL_012,Delta-L-12,Niger Delta Offshore,4/28/2024,2082,14676,14.53,2,Active
WELL_012,Delta-L-12,Niger Delta Onshore,4/29/2024,2145,14784,14.55,3,Active
WELL_012,Delta-L-12,Niger Delta Onshore,4/30/2024,2055,14749,14.58,0,Active
WELL_012,Delta-L-12,Niger Delta Onshore,5/1/2024,2111,14720,14.61,2,Active
WELL_012,Delta-L-12,Niger Delta Offshore,5/2/2024,1408,10338,14.64,8,Maintenance
WELL_012,Delta-L-12,Niger Delta Onshore,5/3/2024,2120,14783,14.69,2,Active
WELL_012,Delta-L-12,Niger Delta Onshore,5/4/2024,2082,14744,14.72,0,Active
WELL_012,Delta-L-12,Niger Delta Offshore,5/5/2024,2083,14634,14.76,0,Active
WELL_012,Delta-L-12,Niger Delta Onshore,5/6/2024,2107,14718,14.81,0,Active
WELL_012,Delta-L-12,Niger Delta Offshore,5/7/2024,2135,14764,14.86,0,Active
WELL_012,Delta-L-12,Niger Delta Onshore,5/8/2024,2056,14667,14.89,3,Active
WELL_012,Delta-L-12,Niger Delta Offshore,5/9/2024,1404,10271,14.91,5,Maintenance
WELL_012,Delta-L-12,Niger Delta Onshore,5/10/2024,2051,14649,14.95,3,Active
WELL_012,Delta-L-12,Niger Delta Offshore,5/11/2024,2117,14703,15,0,Active
WELL_012,Delta-L-12,Niger Delta Onshore,5/12/2024,2071,14782,15.04,0,Active
WELL_012,Delta-L-12,Niger Delta Onshore,5/13/2024,1387,10123,15.06,5,Maintenance
WELL_012,Delta-L-12,Niger Delta Onshore,5/14/2024,559,557,15.08,14,Failed
WELL_012,Delta-L-12,Niger Delta Onshore,5/15/2024,2117,14629,15.1,3,Active
WELL_012,Delta-L-12,Niger Delta Offshore,5/16/2024,2046,14656,15.15,3,Active
WELL_012,Delta-L-12,Niger Delta Onshore,5/17/2024,2133,14715,15.17,1,Active
WELL_012,Delta-L-12,Niger Delta Onshore,5/18/2024,1452,10165,15.18,5,Maintenance
WELL_012,Delta-L-12,Niger Delta Offshore,5/19/2024,2123,14685,15.21,1,Active
WELL_012,Delta-L-12,Niger Delta Offshore,5/20/2024,433,4304,15.25,10,Failed
WELL_012,Delta-L-12,Niger Delta Onshore,5/21/2024,2121,14675,15.3,1,Active
WELL_012,Delta-L-12,Niger Delta Onshore,5/22/2024,2045,14663,15.33,1,Active
WELL_012,Delta-L-12,Niger Delta Offshore,5/23/2024,2096,14676,15.34,2,Active
WELL_012,Delta-L-12,Niger Delta Onshore,5/24/2024,425,3580,15.36,16,Failed
WELL_012,Delta-L-12,Niger Delta Offshore,5/25/2024,2114,14692,15.38,0,Active
WELL_012,Delta-L-12,Niger Delta Offshore,5/26/2024,143,3882,15.4,19,Failed
WELL_012,Delta-L-12,Niger Delta Onshore,5/27/2024,1379,10170,15.42,5,Maintenance
WELL_012,Delta-L-12,Niger Delta Onshore,5/28/2024,2128,14726,15.46,0,Active
WELL_012,Delta-L-12,Niger Delta Offshore,5/29/2024,1401,10206,15.47,9,Maintenance
WELL_012,Delta-L-12,Niger Delta Offshore,5/30/2024,2113,14635,15.48,2,Active
WELL_012,Delta-L-12,Niger Delta Offshore,5/31/2024,1408,10205,15.52,7,Maintenance
WELL_012,Delta-L-12,Niger Delta Onshore,6/1/2024,2120,14681,15.54,2,Active
WELL_012,Delta-L-12,Niger Delta Onshore,6/2/2024,2071,14751,15.56,2,Active
WELL_012,Delta-L-12,Niger Delta Onshore,6/3/2024,1464,10243,15.58,6,Maintenance
WELL_012,Delta-L-12,Niger Delta Offshore,6/4/2024,2106,14760,15.61,0,Active
WELL_012,Delta-L-12,Niger Delta Offshore,6/5/2024,2119,14690,15.66,1,Active
WELL_012,Delta-L-12,Niger Delta Offshore,6/6/2024,1404,10193,15.68,9,Maintenance
WELL_012,Delta-L-12,Niger Delta Onshore,6/7/2024,2056,14613,15.73,0,Active
WELL_012,Delta-L-12,Niger Delta Offshore,6/8/2024,2069,14588,15.74,3,Active
WELL_012,Delta-L-12,Niger Delta Onshore,6/9/2024,2064,14590,15.76,2,Active
WELL_012,Delta-L-12,Niger Delta Onshore,6/10/2024,2061,14679,15.78,1,Active
WELL_012,Delta-L-12,Niger Delta Offshore,6/11/2024,2109,14592,15.82,0,Active
WELL_012,Delta-L-12,Niger Delta Onshore,6/12/2024,2029,14608,15.86,0,Active
WELL_012,Delta-L-12,Niger Delta Onshore,6/13/2024,2033,14618,15.9,1,Active
WELL_012,Delta-L-12,Niger Delta Onshore,6/14/2024,2068,14556,15.91,3,Active
WELL_012,Delta-L-12,Niger Delta Offshore,6/15/2024,2039,14612,15.96,1,Active
WELL_012,Delta-L-12,Niger Delta Offshore,6/16/2024,215,3033,16,23,Failed
WELL_012,Delta-L-12,Niger Delta Offshore,6/17/2024,1428,10116,16.02,4,Maintenance
WELL_012,Delta-L-12,Niger Delta Onshore,6/18/2024,2055,14716,16.04,2,Active
WELL_012,Delta-L-12,Niger Delta Onshore,6/19/2024,1379,10245,16.07,7,Maintenance
WELL_012,Delta-L-12,Niger Delta Offshore,6/20/2024,1416,10094,16.1,7,Maintenance
WELL_012,Delta-L-12,Niger Delta Onshore,6/21/2024,2040,14633,16.14,3,Active
WELL_012,Delta-L-12,Niger Delta Offshore,6/22/2024,415,3421,16.18,16,Failed
WELL_012,Delta-L-12,Niger Delta Offshore,6/23/2024,2108,14621,16.2,1,Active
WELL_012,Delta-L-12,Niger Delta Offshore,6/24/2024,2072,14581,16.25,0,Active
WELL_012,Delta-L-12,Niger Delta Offshore,6/25/2024,2037,14552,16.27,1,Active
WELL_012,Delta-L-12,Niger Delta Offshore,6/26/2024,2011,14528,16.29,0,Active
WELL_012,Delta-L-12,Niger Delta Onshore,6/27/2024,1440,10053,16.34,7,Maintenance
WELL_012,Delta-L-12,Niger Delta Offshore,6/28/2024,1425,10150,16.39,8,Maintenance
WELL_012,Delta-L-12,Niger Delta Onshore,6/29/2024,2041,14628,16.4,3,Active
WELL_012,Delta-L-12,Niger Delta Offshore,6/30/2024,2049,14697,16.44,2,Active
WELL_012,Delta-L-12,Niger Delta Onshore,7/1/2024,2100,14638,16.46,2,Active
WELL_012,Delta-L-12,Niger Delta Onshore,7/2/2024,2040,14622,16.48,1,Active
WELL_012,Delta-L-12,Niger Delta Onshore,7/3/2024,2065,14522,16.49,0,Active
WELL_012,Delta-L-12,Niger Delta Offshore,7/4/2024,2021,14562,16.54,1,Active
WELL_012,Delta-L-12,Niger Delta Onshore,7/5/2024,1352,10071,16.55,8,Maintenance
WELL_012,Delta-L-12,Niger Delta Offshore,7/6/2024,2091,14535,16.57,1,Active
WELL_012,Delta-L-12,Niger Delta Offshore,7/7/2024,1351,10032,16.6,6,Maintenance
WELL_012,Delta-L-12,Niger Delta Onshore,7/8/2024,2008,14588,16.64,3,Active
WELL_012,Delta-L-12,Niger Delta Onshore,7/9/2024,2046,14592,16.68,3,Active
WELL_012,Delta-L-12,Niger Delta Onshore,7/10/2024,2045,14695,16.69,0,Active
WELL_012,Delta-L-12,Niger Delta Onshore,7/11/2024,2077,14533,16.73,2,Active
WELL_012,Delta-L-12,Niger Delta Offshore,7/12/2024,2093,14588,16.77,2,Active
WELL_012,Delta-L-12,Niger Delta Onshore,7/13/2024,2093,14533,16.8,3,Active
WELL_012,Delta-L-12,Niger Delta Onshore,7/14/2024,2021,14599,16.81,2,Active
WELL_012,Delta-L-12,Niger Delta Offshore,7/15/2024,593,3120,16.83,22,Failed
WELL_012,Delta-L-12,Niger Delta Onshore,7/16/2024,2011,14489,16.86,3,Active
WELL_012,Delta-L-12,Niger Delta Onshore,7/17/2024,1401,10072,16.89,6,Maintenance
WELL_012,Delta-L-12,Niger Delta Onshore,7/18/2024,2009,14499,16.91,2,Active
WELL_012,Delta-L-12,Niger Delta Onshore,7/19/2024,2020,14602,16.94,1,Active
WELL_012,Delta-L-12,Niger Delta Offshore,7/20/2024,2004,14606,16.98,0,Active
WELL_012,Delta-L-12,Niger Delta Onshore,7/21/2024,2026,14667,16.99,0,Active
WELL_012,Delta-L-12,Niger Delta Onshore,7/22/2024,153,2370,17.01,17,Failed
WELL_012,Delta-L-12,Niger Delta Onshore,7/23/2024,2012,14634,17.02,1,Active
WELL_012,Delta-L-12,Niger Delta Offshore,7/24/2024,1993,14628,17.04,2,Active
WELL_012,Delta-L-12,Niger Delta Onshore,7/25/2024,2040,14482,17.09,1,Active
WELL_012,Delta-L-12,Niger Delta Offshore,7/26/2024,2028,14600,17.11,0,Active
WELL_012,Delta-L-12,Niger Delta Onshore,7/27/2024,1362,10146,17.13,9,Maintenance
WELL_012,Delta-L-12,Niger Delta Onshore,7/28/2024,2040,14476,17.17,0,Active
WELL_012,Delta-L-12,Niger Delta Onshore,7/29/2024,1998,14532,17.2,1,Active
WELL_012,Delta-L-12,Niger Delta Offshore,7/30/2024,2060,14547,17.22,1,Active
WELL_012,Delta-L-12,Niger Delta Onshore,7/31/2024,1996,14567,17.24,0,Active
WELL_012,Delta-L-12,Niger Delta Offshore,8/1/2024,287,2955,17.28,22,Failed
WELL_012,Delta-L-12,Niger Delta Offshore,8/2/2024,2003,14585,17.32,2,Active
WELL_012,Delta-L-12,Niger Delta Offshore,8/3/2024,514,2799,17.37,16,Failed
WELL_012,Delta-L-12,Niger Delta Onshore,8/4/2024,1994,14568,17.41,3,Active
WELL_012,Delta-L-12,Niger Delta Onshore,8/5/2024,2031,14564,17.44,0,Active
WELL_012,Delta-L-12,Niger Delta Onshore,8/6/2024,1976,14556,17.47,3,Active
WELL_012,Delta-L-12,Niger Delta Offshore,8/7/2024,1338,10038,17.49,8,Maintenance
WELL_012,Delta-L-12,Niger Delta Offshore,8/8/2024,290,2469,17.54,14,Failed
WELL_012,Delta-L-12,Niger Delta Onshore,8/9/2024,1977,14545,17.59,1,Active
WELL_012,Delta-L-12,Niger Delta Offshore,8/10/2024,2062,14576,17.62,2,Active
WELL_012,Delta-L-12,Niger Delta Onshore,8/11/2024,2025,14522,17.65,1,Active
WELL_012,Delta-L-12,Niger Delta Onshore,8/12/2024,1974,14442,17.67,3,Active
WELL_012,Delta-L-12,Niger Delta Onshore,8/13/2024,1403,10051,17.68,5,Maintenance
WELL_012,Delta-L-12,Niger Delta Onshore,8/14/2024,2013,14536,17.72,1,Active
WELL_012,Delta-L-12,Niger Delta Offshore,8/15/2024,2066,14585,17.76,3,Active
WELL_012,Delta-L-12,Niger Delta Onshore,8/16/2024,1986,14456,17.77,2,Active
WELL_012,Delta-L-12,Niger Delta Onshore,8/17/2024,2058,14470,17.79,0,Active
WELL_012,Delta-L-12,Niger Delta Onshore,8/18/2024,2053,14612,17.81,1,Active
WELL_012,Delta-L-12,Niger Delta Offshore,8/19/2024,2034,14506,17.84,2,Active
WELL_012,Delta-L-12,Niger Delta Offshore,8/20/2024,2023,14567,17.88,1,Active
WELL_012,Delta-L-12,Niger Delta Onshore,8/21/2024,2025,14560,17.9,3,Active
WELL_012,Delta-L-12,Niger Delta Onshore,8/22/2024,2057,14490,17.94,0,Active
WELL_012,Delta-L-12,Niger Delta Onshore,8/23/2024,2056,14600,17.98,2,Active
WELL_012,Delta-L-12,Niger Delta Offshore,8/24/2024,2046,14502,18.02,2,Active
WELL_012,Delta-L-12,Niger Delta Offshore,8/25/2024,1999,14596,18.03,3,Active
WELL_012,Delta-L-12,Niger Delta Onshore,8/26/2024,1357,10080,18.07,5,Maintenance
WELL_012,Delta-L-12,Niger Delta Onshore,8/27/2024,396,3750,18.1,16,Failed
WELL_012,Delta-L-12,Niger Delta Onshore,8/28/2024,2018,14459,18.14,0,Active
WELL_012,Delta-L-12,Niger Delta Offshore,8/29/2024,2013,14519,18.18,2,Active
WELL_012,Delta-L-12,Niger Delta Offshore,8/30/2024,2026,14571,18.21,3,Active
WELL_012,Delta-L-12,Niger Delta Offshore,8/31/2024,2036,14524,18.25,2,Active
WELL_012,Delta-L-12,Niger Delta Onshore,9/1/2024,2023,14525,18.29,3,Active
WELL_012,Delta-L-12,Niger Delta Offshore,9/2/2024,2048,14391,18.31,1,Active
WELL_012,Delta-L-12,Niger Delta Onshore,9/3/2024,1961,14546,18.35,1,Active
WELL_012,Delta-L-12,Niger Delta Onshore,9/4/2024,1985,14499,18.38,1,Active
WELL_012,Delta-L-12,Niger Delta Offshore,9/5/2024,2047,14421,18.4,3,Active
WELL_012,Delta-L-12,Niger Delta Onshore,9/6/2024,2024,14413,18.43,3,Active
WELL_012,Delta-L-12,Niger Delta Onshore,9/7/2024,1976,14532,18.45,3,Active
WELL_012,Delta-L-12,Niger Delta Onshore,9/8/2024,1980,14461,18.48,3,Active
WELL_012,Delta-L-12,Niger Delta Offshore,9/9/2024,1987,14399,18.53,1,Active
WELL_012,Delta-L-12,Niger Delta Offshore,9/10/2024,1973,14396,18.58,2,Active
WELL_012,Delta-L-12,Niger Delta Offshore,9/11/2024,2040,14383,18.6,0,Active
WELL_012,Delta-L-12,Niger Delta Onshore,9/12/2024,1949,14496,18.61,2,Active
WELL_012,Delta-L-12,Niger Delta Onshore,9/13/2024,1956,14489,18.63,3,Active
WELL_012,Delta-L-12,Niger Delta Onshore,9/14/2024,2008,14537,18.65,3,Active
WELL_012,Delta-L-12,Niger Delta Onshore,9/15/2024,1373,10033,18.66,7,Maintenance
WELL_012,Delta-L-12,Niger Delta Onshore,9/16/2024,2030,14378,18.68,3,Active
WELL_012,Delta-L-12,Niger Delta Offshore,9/17/2024,1952,14485,18.7,0,Active
WELL_012,Delta-L-12,Niger Delta Onshore,9/18/2024,2007,14530,18.72,1,Active
WELL_012,Delta-L-12,Niger Delta Offshore,9/19/2024,1369,9950,18.75,4,Maintenance
WELL_012,Delta-L-12,Niger Delta Onshore,9/20/2024,2034,14500,18.8,2,Active
WELL_012,Delta-L-12,Niger Delta Onshore,9/21/2024,2025,14421,18.84,2,Active
WELL_012,Delta-L-12,Niger Delta Offshore,9/22/2024,1316,9859,18.86,9,Maintenance
WELL_012,Delta-L-12,Niger Delta Onshore,9/23/2024,2016,14425,18.89,1,Active
WELL_012,Delta-L-12,Niger Delta Offshore,9/24/2024,2017,14513,18.91,2,Active
WELL_012,Delta-L-12,Niger Delta Onshore,9/25/2024,1960,14433,18.94,3,Active
WELL_012,Delta-L-12,Niger Delta Onshore,9/26/2024,1304,10013,18.95,5,Maintenance
WELL_012,Delta-L-12,Niger Delta Offshore,9/27/2024,1350,9918,19,7,Maintenance
WELL_012,Delta-L-12,Niger Delta Offshore,9/28/2024,123,2847,19.05,19,Failed
WELL_012,Delta-L-12,Niger Delta Onshore,9/29/2024,47,2860,19.07,21,Failed
WELL_012,Delta-L-12,Niger Delta Offshore,9/30/2024,1978,14456,19.12,2,Active
WELL_012,Delta-L-12,Niger Delta Onshore,10/1/2024,2019,14508,19.16,2,Active
WELL_012,Delta-L-12,Niger Delta Onshore,10/2/2024,1313,9960,19.17,8,Maintenance
WELL_012,Delta-L-12,Niger Delta Onshore,10/3/2024,1971,14469,19.18,1,Active
WELL_012,Delta-L-12,Niger Delta Offshore,10/4/2024,1974,14442,19.19,1,Active
WELL_012,Delta-L-12,Niger Delta Onshore,10/5/2024,1955,14377,19.23,3,Active
WELL_012,Delta-L-12,Niger Delta Offshore,10/6/2024,1943,14360,19.27,1,Active
WELL_012,Delta-L-12,Niger Delta Onshore,10/7/2024,1952,14397,19.3,3,Active
WELL_012,Delta-L-12,Niger Delta Onshore,10/8/2024,375,4174,19.32,23,Failed
WELL_012,Delta-L-12,Niger Delta Offshore,10/9/2024,650,4321,19.34,17,Failed
WELL_012,Delta-L-12,Niger Delta Onshore,10/10/2024,2006,14358,19.38,2,Active
WELL_012,Delta-L-12,Niger Delta Offshore,10/11/2024,1998,14424,19.42,0,Active
WELL_012,Delta-L-12,Niger Delta Offshore,10/12/2024,1996,14493,19.44,0,Active
WELL_012,Delta-L-12,Niger Delta Onshore,10/13/2024,2003,14449,19.47,0,Active
WELL_012,Delta-L-12,Niger Delta Offshore,10/14/2024,59,4106,19.5,17,Failed
WELL_012,Delta-L-12,Niger Delta Offshore,10/15/2024,1980,14396,19.52,2,Active
WELL_012,Delta-L-12,Niger Delta Offshore,10/16/2024,1945,14497,19.55,1,Active
WELL_012,Delta-L-12,Niger Delta Onshore,10/17/2024,1278,9940,19.57,6,Maintenance
WELL_012,Delta-L-12,Niger Delta Onshore,10/18/2024,125,3430,19.62,15,Failed
WELL_012,Delta-L-12,Niger Delta Offshore,10/19/2024,1954,14482,19.63,0,Active
WELL_012,Delta-L-12,Niger Delta Offshore,10/20/2024,1975,14462,19.65,2,Active
WELL_012,Delta-L-12,Niger Delta Onshore,10/21/2024,1949,14365,19.68,0,Active
WELL_012,Delta-L-12,Niger Delta Offshore,10/22/2024,1961,14292,19.72,0,Active
WELL_012,Delta-L-12,Niger Delta Offshore,10/23/2024,1953,14385,19.75,2,Active
WELL_012,Delta-L-12,Niger Delta Onshore,10/24/2024,2005,14384,19.8,1,Active
WELL_012,Delta-L-12,Niger Delta Offshore,10/25/2024,1919,14298,19.82,1,Active
WELL_012,Delta-L-12,Niger Delta Onshore,10/26/2024,1346,9854,19.84,8,Maintenance
WELL_012,Delta-L-12,Niger Delta Onshore,10/27/2024,1993,14360,19.88,2,Active
WELL_012,Delta-L-12,Niger Delta Onshore,10/28/2024,1980,14458,19.92,1,Active
WELL_012,Delta-L-12,Niger Delta Onshore,10/29/2024,2005,14287,19.95,1,Active
WELL_012,Delta-L-12,Niger Delta Offshore,10/30/2024,1957,14282,19.97,2,Active
WELL_012,Delta-L-12,Niger Delta Offshore,10/31/2024,1951,14307,20,1,Active
WELL_012,Delta-L-12,Niger Delta Onshore,11/1/2024,605,1496,20.01,18,Failed
WELL_012,Delta-L-12,Niger Delta Offshore,11/2/2024,319,2267,20.04,19,Failed
WELL_012,Delta-L-12,Niger Delta Offshore,11/3/2024,81,3334,20.09,15,Failed
WELL_012,Delta-L-12,Niger Delta Onshore,11/4/2024,1993,14266,20.11,0,Active
WELL_012,Delta-L-12,Niger Delta Onshore,11/5/2024,358,3357,20.13,18,Failed
WELL_012,Delta-L-12,Niger Delta Onshore,11/6/2024,1941,14284,20.15,2,Active
WELL_012,Delta-L-12,Niger Delta Offshore,11/7/2024,1932,14350,20.19,0,Active
WELL_012,Delta-L-12,Niger Delta Onshore,11/8/2024,1950,14388,20.22,1,Active
WELL_012,Delta-L-12,Niger Delta Onshore,11/9/2024,653,2600,20.27,21,Failed
WELL_012,Delta-L-12,Niger Delta Offshore,11/10/2024,1280,9921,20.31,6,Maintenance
WELL_012,Delta-L-12,Niger Delta Offshore,11/11/2024,1923,14423,20.33,3,Active
WELL_012,Delta-L-12,Niger Delta Offshore,11/12/2024,1974,14413,20.36,3,Active
WELL_012,Delta-L-12,Niger Delta Offshore,11/13/2024,1942,14402,20.4,3,Active
WELL_012,Delta-L-12,Niger Delta Onshore,11/14/2024,1962,14316,20.44,1,Active
WELL_012,Delta-L-12,Niger Delta Onshore,11/15/2024,1975,14411,20.49,0,Active
WELL_012,Delta-L-12,Niger Delta Offshore,11/16/2024,1271,9826,20.5,7,Maintenance
WELL_012,Delta-L-12,Niger Delta Offshore,11/17/2024,1962,14321,20.52,0,Active
WELL_012,Delta-L-12,Niger Delta Onshore,11/18/2024,1919,14358,20.57,1,Active
WELL_012,Delta-L-12,Niger Delta Offshore,11/19/2024,1895,14380,20.58,3,Active
WELL_012,Delta-L-12,Niger Delta Offshore,11/20/2024,1293,9910,20.61,7,Maintenance
WELL_012,Delta-L-12,Niger Delta Offshore,11/21/2024,1931,14311,20.63,0,Active
WELL_012,Delta-L-12,Niger Delta Offshore,11/22/2024,517,1288,20.65,16,Failed
WELL_012,Delta-L-12,Niger Delta Onshore,11/23/2024,1929,14421,20.68,3,Active
WELL_012,Delta-L-12,Niger Delta Onshore,11/24/2024,1892,14250,20.69,0,Active
WELL_012,Delta-L-12,Niger Delta Onshore,11/25/2024,1924,14226,20.73,2,Active
WELL_012,Delta-L-12,Niger Delta Offshore,11/26/2024,1934,14307,20.77,1,Active
WELL_012,Delta-L-12,Niger Delta Offshore,11/27/2024,1978,14355,20.79,1,Active
WELL_012,Delta-L-12,Niger Delta Offshore,11/28/2024,1911,14321,20.83,1,Active
WELL_012,Delta-L-12,Niger Delta Offshore,11/29/2024,1962,14227,20.85,3,Active
WELL_012,Delta-L-12,Niger Delta Offshore,11/30/2024,1229,9804,20.87,5,Maintenance
WELL_012,Delta-L-12,Niger Delta Offshore,12/1/2024,1917,14275,20.91,0,Active
WELL_012,Delta-L-12,Niger Delta Offshore,12/2/2024,1888,14380,20.92,1,Active
WELL_012,Delta-L-12,Niger Delta Offshore,12/3/2024,1918,14219,20.93,2,Active
WELL_012,Delta-L-12,Niger Delta Offshore,12/4/2024,1904,14228,20.95,0,Active
WELL_012,Delta-L-12,Niger Delta Onshore,12/5/2024,1883,14348,20.98,3,Active
WELL_012,Delta-L-12,Niger Delta Offshore,12/6/2024,1977,14212,21.01,0,Active
WELL_012,Delta-L-12,Niger Delta Onshore,12/7/2024,1901,14207,21.04,3,Active
WELL_012,Delta-L-12,Niger Delta Onshore,12/8/2024,1898,14341,21.05,1,Active
WELL_012,Delta-L-12,Niger Delta Onshore,12/9/2024,1971,14227,21.1,0,Active
WELL_012,Delta-L-12,Niger Delta Onshore,12/10/2024,1956,14240,21.15,3,Active
WELL_012,Delta-L-12,Niger Delta Onshore,12/11/2024,1896,14308,21.18,1,Active
WELL_012,Delta-L-12,Niger Delta Offshore,12/12/2024,512,3733,21.19,22,Failed
WELL_012,Delta-L-12,Niger Delta Offshore,12/13/2024,1933,14294,21.21,1,Active
WELL_012,Delta-L-12,Niger Delta Offshore,12/14/2024,1883,14217,21.26,1,Active
WELL_012,Delta-L-12,Niger Delta Offshore,12/15/2024,1942,14256,21.28,2,Active
WELL_012,Delta-L-12,Niger Delta Onshore,12/16/2024,1967,14239,21.32,2,Active
WELL_012,Delta-L-12,Niger Delta Onshore,12/17/2024,1898,14234,21.37,2,Active
WELL_012,Delta-L-12,Niger Delta Onshore,12/18/2024,1874,14352,21.41,3,Active
WELL_012,Delta-L-12,Niger Delta Onshore,12/19/2024,278,3658,21.42,12,Failed
WELL_012,Delta-L-12,Niger Delta Onshore,12/20/2024,1893,14245,21.44,3,Active
WELL_012,Delta-L-12,Niger Delta Onshore,12/21/2024,1887,14226,21.48,2,Active
WELL_012,Delta-L-12,Niger Delta Onshore,12/22/2024,1923,14336,21.51,2,Active
WELL_012,Delta-L-12,Niger Delta Onshore,12/23/2024,1920,14210,21.56,3,Active
WELL_012,Delta-L-12,Niger Delta Offshore,12/24/2024,1252,9784,21.58,6,Maintenance
WELL_012,Delta-L-12,Niger Delta Onshore,12/25/2024,650,48,21.61,16,Failed
WELL_012,Delta-L-12,Niger Delta Offshore,12/26/2024,1909,14163,21.65,0,Active
WELL_012,Delta-L-12,Niger Delta Offshore,12/27/2024,1898,14308,21.69,1,Active
WELL_012,Delta-L-12,Niger Delta Onshore,12/28/2024,1872,14275,21.72,0,Active
WELL_012,Delta-L-12,Niger Delta Offshore,12/29/2024,1906,14278,21.74,2,Active
WELL_012,Delta-L-12,Niger Delta Offshore,12/30/2024,1873,14351,21.78,0,Active
WELL_012,Delta-L-12,Niger Delta Offshore,12/31/2024,1901,14178,21.82,2,Active
WELL_012,Delta-L-12,Niger Delta Offshore,1/1/2025,1197,9812,21.84,6,Maintenance
WELL_012,Delta-L-12,Niger Delta Onshore,1/2/2025,1937,14164,21.87,3,Active
WELL_012,Delta-L-12,Niger Delta Onshore,1/3/2025,1273,9791,21.91,8,Maintenance
WELL_012,Delta-L-12,Niger Delta Onshore,1/4/2025,1198,9697,21.94,8,Maintenance
WELL_012,Delta-L-12,Niger Delta Onshore,1/5/2025,1953,14270,21.96,2,Active
WELL_012,Delta-L-12,Niger Delta Onshore,1/6/2025,1909,14260,21.98,1,Active
WELL_012,Delta-L-12,Niger Delta Offshore,1/7/2025,1874,14196,22.02,3,Active
WELL_012,Delta-L-12,Niger Delta Offshore,1/8/2025,1857,14215,22.04,3,Active
WELL_012,Delta-L-12,Niger Delta Offshore,1/9/2025,1924,14173,22.07,1,Active
WELL_012,Delta-L-12,Niger Delta Offshore,1/10/2025,1921,14244,22.09,0,Active
WELL_012,Delta-L-12,Niger Delta Onshore,1/11/2025,1277,9652,22.12,6,Maintenance
WELL_012,Delta-L-12,Niger Delta Offshore,1/12/2025,1930,14222,22.16,1,Active
WELL_012,Delta-L-12,Niger Delta Offshore,1/13/2025,572,2085,22.2,12,Failed
WELL_012,Delta-L-12,Niger Delta Onshore,1/14/2025,1915,14205,22.25,0,Active
WELL_012,Delta-L-12,Niger Delta Onshore,1/15/2025,1848,14148,22.28,1,Active
WELL_012,Delta-L-12,Niger Delta Offshore,1/16/2025,1253,9662,22.31,8,Maintenance
WELL_012,Delta-L-12,Niger Delta Offshore,1/17/2025,1876,14198,22.33,1,Active
WELL_012,Delta-L-12,Niger Delta Offshore,1/18/2025,220,3769,22.38,13,Failed
WELL_012,Delta-L-12,Niger Delta Offshore,1/19/2025,1878,14284,22.42,2,Active
WELL_012,Delta-L-12,Niger Delta Onshore,1/20/2025,1889,14244,22.43,2,Active
WELL_012,Delta-L-12,Niger Delta Onshore,1/21/2025,1189,9624,22.48,9,Maintenance
WELL_012,Delta-L-12,Niger Delta Offshore,1/22/2025,1858,14259,22.5,3,Active
WELL_012,Delta-L-12,Niger Delta Onshore,1/23/2025,1840,14295,22.54,2,Active
WELL_012,Delta-L-12,Niger Delta Offshore,1/24/2025,1891,14207,22.57,2,Active
WELL_012,Delta-L-12,Niger Delta Onshore,1/25/2025,1208,9665,22.59,7,Maintenance
WELL_012,Delta-L-12,Niger Delta Offshore,1/26/2025,1852,14246,22.61,0,Active
WELL_012,Delta-L-12,Niger Delta Onshore,1/27/2025,1866,14280,22.65,2,Active
WELL_012,Delta-L-12,Niger Delta Offshore,1/28/2025,1859,14119,22.66,0,Active
WELL_012,Delta-L-12,Niger Delta Onshore,1/29/2025,1911,14267,22.69,3,Active
WELL_012,Delta-L-12,Niger Delta Offshore,1/30/2025,1886,14101,22.72,2,Active
WELL_012,Delta-L-12,Niger Delta Onshore,1/31/2025,1896,14108,22.75,3,Active
WELL_012,Delta-L-12,Niger Delta Offshore,2/1/2025,1864,14113,22.76,3,Active
WELL_012,Delta-L-12,Niger Delta Offshore,2/2/2025,1919,14196,22.78,1,Active
WELL_012,Delta-L-12,Niger Delta Offshore,2/3/2025,1895,14099,22.81,3,Active
WELL_012,Delta-L-12,Niger Delta Offshore,2/4/2025,1868,14172,22.83,1,Active
WELL_012,Delta-L-12,Niger Delta Offshore,2/5/2025,1837,14108,22.84,1,Active
WELL_012,Delta-L-12,Niger Delta Onshore,2/6/2025,1885,14183,22.87,1,Active
WELL_012,Delta-L-12,Niger Delta Offshore,2/7/2025,1902,14079,22.89,1,Active
WELL_012,Delta-L-12,Niger Delta Offshore,2/8/2025,1861,14213,22.92,0,Active
WELL_012,Delta-L-12,Niger Delta Offshore,2/9/2025,1830,14198,22.94,0,Active
WELL_012,Delta-L-12,Niger Delta Onshore,2/10/2025,1856,14126,22.97,0,Active
WELL_012,Delta-L-12,Niger Delta Onshore,2/11/2025,517,2588,22.99,11,Failed
WELL_012,Delta-L-12,Niger Delta Onshore,2/12/2025,1833,14176,23,0,Active
WELL_012,Delta-L-12,Niger Delta Offshore,2/13/2025,1861,14212,23.04,2,Active
WELL_012,Delta-L-12,Niger Delta Offshore,2/14/2025,1914,14249,23.06,1,Active
WELL_012,Delta-L-12,Niger Delta Offshore,2/15/2025,1892,14128,23.08,2,Active
WELL_012,Delta-L-12,Niger Delta Onshore,2/16/2025,1848,14202,23.12,1,Active
WELL_012,Delta-L-12,Niger Delta Offshore,2/17/2025,1859,14139,23.13,1,Active
WELL_012,Delta-L-12,Niger Delta Offshore,2/18/2025,516,1683,23.18,11,Failed
WELL_012,Delta-L-12,Niger Delta Onshore,2/19/2025,1862,14056,23.2,1,Active
WELL_012,Delta-L-12,Niger Delta Offshore,2/20/2025,1876,14224,23.21,2,Active
WELL_012,Delta-L-12,Niger Delta Onshore,2/21/2025,215,282,23.26,22,Failed
WELL_012,Delta-L-12,Niger Delta Onshore,2/22/2025,1860,14193,23.28,1,Active
WELL_012,Delta-L-12,Niger Delta Onshore,2/23/2025,1914,14104,23.32,3,Active
WELL_012,Delta-L-12,Niger Delta Onshore,2/24/2025,1897,14151,23.33,2,Active
WELL_012,Delta-L-12,Niger Delta Onshore,2/25/2025,1239,9555,23.37,7,Maintenance
WELL_012,Delta-L-12,Niger Delta Offshore,2/26/2025,1897,14228,23.4,2,Active
WELL_012,Delta-L-12,Niger Delta Onshore,2/27/2025,1887,14140,23.43,0,Active
WELL_012,Delta-L-12,Niger Delta Offshore,2/28/2025,1880,14140,23.46,1,Active
WELL_012,Delta-L-12,Niger Delta Onshore,3/1/2025,1881,14174,23.49,3,Active
WELL_012,Delta-L-12,Niger Delta Onshore,3/2/2025,1852,14098,23.52,3,Active
WELL_012,Delta-L-12,Niger Delta Onshore,3/3/2025,1848,14181,23.57,1,Active
WELL_012,Delta-L-12,Niger Delta Offshore,3/4/2025,1840,14160,23.59,3,Active
WELL_012,Delta-L-12,Niger Delta Onshore,3/5/2025,1830,14029,23.61,0,Active
WELL_012,Delta-L-12,Niger Delta Offshore,3/6/2025,156,598,23.64,21,Failed
WELL_012,Delta-L-12,Niger Delta Onshore,3/7/2025,1808,14185,23.65,1,Active
WELL_012,Delta-L-12,Niger Delta Offshore,3/8/2025,1835,14122,23.7,3,Active
WELL_012,Delta-L-12,Niger Delta Onshore,3/9/2025,1898,14022,23.73,2,Active
WELL_012,Delta-L-12,Niger Delta Offshore,3/10/2025,1809,14052,23.77,1,Active
WELL_012,Delta-L-12,Niger Delta Offshore,3/11/2025,1867,14051,23.8,3,Active
WELL_012,Delta-L-12,Niger Delta Onshore,3/12/2025,1151,9614,23.84,8,Maintenance
WELL_012,Delta-L-12,Niger Delta Onshore,3/13/2025,1820,14162,23.86,2,Active
WELL_012,Delta-L-12,Niger Delta Onshore,3/14/2025,1872,14159,23.88,0,Active
WELL_012,Delta-L-12,Niger Delta Onshore,3/15/2025,1893,14049,23.89,2,Active
WELL_012,Delta-L-12,Niger Delta Offshore,3/16/2025,1889,14058,23.92,0,Active
WELL_012,Delta-L-12,Niger Delta Onshore,3/17/2025,1235,9614,23.97,4,Maintenance
WELL_012,Delta-L-12,Niger Delta Offshore,3/18/2025,1823,14179,24,3,Active
WELL_012,Delta-L-12,Niger Delta Onshore,3/19/2025,1189,9603,24.03,6,Maintenance
WELL_012,Delta-L-12,Niger Delta Offshore,3/20/2025,1889,14144,24.05,1,Active
WELL_012,Delta-L-12,Niger Delta Offshore,3/21/2025,1821,14075,24.09,2,Active
WELL_012,Delta-L-12,Niger Delta Onshore,3/22/2025,1803,14119,24.11,2,Active
WELL_012,Delta-L-12,Niger Delta Offshore,3/23/2025,1194,9643,24.16,8,Maintenance
WELL_012,Delta-L-12,Niger Delta Offshore,3/24/2025,1194,9493,24.17,4,Maintenance
WELL_012,Delta-L-12,Niger Delta Onshore,3/25/2025,175,1216,24.2,20,Failed
WELL_012,Delta-L-12,Niger Delta Offshore,3/26/2025,1827,13985,24.23,2,Active
WELL_012,Delta-L-12,Niger Delta Offshore,3/27/2025,1810,14173,24.25,0,Active
WELL_012,Delta-L-12,Niger Delta Offshore,3/28/2025,145,102,24.29,12,Failed
WELL_012,Delta-L-12,Niger Delta Offshore,3/29/2025,1852,14153,24.31,3,Active
WELL_012,Delta-L-12,Niger Delta Offshore,3/30/2025,1871,14121,24.35,0,Active
WELL_012,Delta-L-12,Niger Delta Offshore,3/31/2025,1848,14140,24.39,1,Active
WELL_012,Delta-L-12,Niger Delta Offshore,4/1/2025,1883,14079,24.41,1,Active
WELL_012,Delta-L-12,Niger Delta Offshore,4/2/2025,1878,13985,24.43,2,Active
WELL_012,Delta-L-12,Niger Delta Onshore,4/3/2025,1859,14107,24.44,2,Active
WELL_012,Delta-L-12,Niger Delta Offshore,4/4/2025,1881,14012,24.46,1,Active
WELL_012,Delta-L-12,Niger Delta Onshore,4/5/2025,1867,14012,24.5,3,Active
WELL_012,Delta-L-12,Niger Delta Onshore,4/6/2025,1162,9612,24.53,4,Maintenance
WELL_012,Delta-L-12,Niger Delta Onshore,4/7/2025,1813,14059,24.57,0,Active
WELL_012,Delta-L-12,Niger Delta Offshore,4/8/2025,1784,14060,24.61,3,Active
WELL_012,Delta-L-12,Niger Delta Onshore,4/9/2025,1859,14007,24.66,2,Active
WELL_012,Delta-L-12,Niger Delta Offshore,4/10/2025,1849,14149,24.69,3,Active
WELL_012,Delta-L-12,Niger Delta Offshore,4/11/2025,1781,13978,24.73,0,Active
WELL_012,Delta-L-12,Niger Delta Offshore,4/12/2025,1862,14050,24.76,2,Active
WELL_012,Delta-L-12,Niger Delta Onshore,4/13/2025,1846,14012,24.8,0,Active
WELL_012,Delta-L-12,Niger Delta Onshore,4/14/2025,1212,9617,24.83,4,Maintenance
WELL_012,Delta-L-12,Niger Delta Offshore,4/15/2025,1868,14048,24.88,1,Active
WELL_012,Delta-L-12,Niger Delta Offshore,4/16/2025,1776,14123,24.89,1,Active
WELL_012,Delta-L-12,Niger Delta Onshore,4/17/2025,1799,13958,24.94,1,Active
WELL_012,Delta-L-12,Niger Delta Offshore,4/18/2025,1798,13970,24.98,3,Active
WELL_012,Delta-L-12,Niger Delta Offshore,4/19/2025,1844,14098,25.02,0,Active
WELL_012,Delta-L-12,Niger Delta Onshore,4/20/2025,1774,14108,25.07,1,Active
WELL_012,Delta-L-12,Niger Delta Offshore,4/21/2025,606,1350,25.11,23,Failed
WELL_012,Delta-L-12,Niger Delta Onshore,4/22/2025,1781,13951,25.13,0,Active
WELL_012,Delta-L-12,Niger Delta Offshore,4/23/2025,1813,14085,25.16,0,Active
WELL_012,Delta-L-12,Niger Delta Offshore,4/24/2025,1805,13938,25.19,1,Active
WELL_012,Delta-L-12,Niger Delta Onshore,4/25/2025,300,4404,25.24,12,Failed
WELL_012,Delta-L-12,Niger Delta Onshore,4/26/2025,1804,14111,25.25,1,Active
WELL_012,Delta-L-12,Niger Delta Offshore,4/27/2025,389,3379,25.28,12,Failed
WELL_012,Delta-L-12,Niger Delta Offshore,4/28/2025,121,3529,25.3,22,Failed
WELL_012,Delta-L-12,Niger Delta Offshore,4/29/2025,1767,13958,25.35,1,Active
WELL_012,Delta-L-12,Niger Delta Onshore,4/30/2025,1834,13930,25.36,1,Active
WELL_012,Delta-L-12,Niger Delta Onshore,5/1/2025,1800,14029,25.38,2,Active
WELL_012,Delta-L-12,Niger Delta Offshore,5/2/2025,1783,14086,25.41,0,Active
WELL_012,Delta-L-12,Niger Delta Offshore,5/3/2025,1856,14009,25.43,1,Active
WELL_012,Delta-L-12,Niger Delta Offshore,5/4/2025,1837,13971,25.47,3,Active
WELL_012,Delta-L-12,Niger Delta Onshore,5/5/2025,1166,9420,25.51,6,Maintenance
WELL_012,Delta-L-12,Niger Delta Onshore,5/6/2025,1174,9555,25.53,9,Maintenance
WELL_012,Delta-L-12,Niger Delta Onshore,5/7/2025,1825,14060,25.58,1,Active
WELL_012,Delta-L-12,Niger Delta Offshore,5/8/2025,1844,14058,25.61,1,Active
WELL_012,Delta-L-12,Niger Delta Offshore,5/9/2025,1757,13980,25.62,0,Active
WELL_012,Delta-L-12,Niger Delta Onshore,5/10/2025,1096,9541,25.65,4,Maintenance
WELL_012,Delta-L-12,Niger Delta Offshore,5/11/2025,1779,14068,25.68,3,Active
WELL_012,Delta-L-12,Niger Delta Offshore,5/12/2025,1805,13899,25.7,0,Active
WELL_012,Delta-L-12,Niger Delta Onshore,5/13/2025,1770,14082,25.75,2,Active
WELL_012,Delta-L-12,Niger Delta Onshore,5/14/2025,1769,13968,25.79,3,Active
WELL_013,Delta-M-13,Niger Delta Offshore,1/1/2024,2737,8469,7.04,2,Active
WELL_013,Delta-M-13,Niger Delta Offshore,1/2/2024,2724,8483,7.08,1,Active
WELL_013,Delta-M-13,Niger Delta Onshore,1/3/2024,2673,8480,7.09,0,Active
WELL_013,Delta-M-13,Niger Delta Onshore,1/4/2024,1925,5857,7.13,8,Maintenance
WELL_013,Delta-M-13,Niger Delta Offshore,1/5/2024,2654,8525,7.17,1,Active
WELL_013,Delta-M-13,Niger Delta Onshore,1/6/2024,2678,8499,7.22,2,Active
WELL_013,Delta-M-13,Niger Delta Onshore,1/7/2024,2722,8410,7.27,0,Active
WELL_013,Delta-M-13,Niger Delta Offshore,1/8/2024,2686,8553,7.31,0,Active
WELL_013,Delta-M-13,Niger Delta Onshore,1/9/2024,2696,8411,7.36,3,Active
WELL_013,Delta-M-13,Niger Delta Onshore,1/10/2024,520,2544,7.41,17,Failed
WELL_013,Delta-M-13,Niger Delta Offshore,1/11/2024,2678,8488,7.43,2,Active
WELL_013,Delta-M-13,Niger Delta Onshore,1/12/2024,1927,5987,7.47,7,Maintenance
WELL_013,Delta-M-13,Niger Delta Onshore,1/13/2024,2717,8503,7.49,3,Active
WELL_013,Delta-M-13,Niger Delta Offshore,1/14/2024,2732,8536,7.53,0,Active
WELL_013,Delta-M-13,Niger Delta Offshore,1/15/2024,2652,8511,7.54,2,Active
WELL_013,Delta-M-13,Niger Delta Onshore,1/16/2024,1848,5878,7.57,4,Maintenance
WELL_013,Delta-M-13,Niger Delta Onshore,1/17/2024,2665,8529,7.6,3,Active
WELL_013,Delta-M-13,Niger Delta Offshore,1/18/2024,602,1654,7.61,19,Failed
WELL_013,Delta-M-13,Niger Delta Onshore,1/19/2024,2726,8435,7.63,3,Active
WELL_013,Delta-M-13,Niger Delta Onshore,1/20/2024,1833,5875,7.68,5,Maintenance
WELL_013,Delta-M-13,Niger Delta Offshore,1/21/2024,1847,5954,7.72,6,Maintenance
WELL_013,Delta-M-13,Niger Delta Offshore,1/22/2024,2645,8525,7.74,2,Active
WELL_013,Delta-M-13,Niger Delta Offshore,1/23/2024,529,754,7.77,10,Failed
WELL_013,Delta-M-13,Niger Delta Offshore,1/24/2024,1851,6010,7.81,9,Maintenance
WELL_013,Delta-M-13,Niger Delta Onshore,1/25/2024,1899,5989,7.82,8,Maintenance
WELL_013,Delta-M-13,Niger Delta Onshore,1/26/2024,1826,5929,7.85,8,Maintenance
WELL_013,Delta-M-13,Niger Delta Offshore,1/27/2024,622,1878,7.88,23,Failed
WELL_013,Delta-M-13,Niger Delta Onshore,1/28/2024,1889,5810,7.92,6,Maintenance
WELL_013,Delta-M-13,Niger Delta Offshore,1/29/2024,2657,8469,7.97,2,Active
WELL_013,Delta-M-13,Niger Delta Onshore,1/30/2024,2670,8416,8,0,Active
WELL_013,Delta-M-13,Niger Delta Offshore,1/31/2024,284,2398,8.04,15,Failed
WELL_013,Delta-M-13,Niger Delta Offshore,2/1/2024,2719,8449,8.08,2,Active
WELL_013,Delta-M-13,Niger Delta Onshore,2/2/2024,2694,8513,8.12,3,Active
WELL_013,Delta-M-13,Niger Delta Onshore,2/3/2024,2645,8539,8.15,2,Active
WELL_013,Delta-M-13,Niger Delta Onshore,2/4/2024,2636,8514,8.17,2,Active
WELL_013,Delta-M-13,Niger Delta Offshore,2/5/2024,2655,8537,8.2,1,Active
WELL_013,Delta-M-13,Niger Delta Offshore,2/6/2024,2643,8475,8.23,2,Active
WELL_013,Delta-M-13,Niger Delta Onshore,2/7/2024,2627,8513,8.28,3,Active
WELL_013,Delta-M-13,Niger Delta Onshore,2/8/2024,2628,8393,8.32,3,Active
WELL_013,Delta-M-13,Niger Delta Offshore,2/9/2024,2685,8514,8.36,2,Active
WELL_013,Delta-M-13,Niger Delta Onshore,2/10/2024,2649,8414,8.41,2,Active
WELL_013,Delta-M-13,Niger Delta Offshore,2/11/2024,2630,8411,8.43,0,Active
WELL_013,Delta-M-13,Niger Delta Onshore,2/12/2024,2619,8462,8.44,0,Active
WELL_013,Delta-M-13,Niger Delta Offshore,2/13/2024,2633,8416,8.46,1,Active
WELL_013,Delta-M-13,Niger Delta Onshore,2/14/2024,2687,8402,8.5,2,Active
WELL_013,Delta-M-13,Niger Delta Onshore,2/15/2024,2691,8509,8.52,0,Active
WELL_013,Delta-M-13,Niger Delta Offshore,2/16/2024,2619,8502,8.55,3,Active
WELL_013,Delta-M-13,Niger Delta Onshore,2/17/2024,2621,8458,8.57,2,Active
WELL_013,Delta-M-13,Niger Delta Offshore,2/18/2024,1886,5949,8.59,7,Maintenance
WELL_013,Delta-M-13,Niger Delta Offshore,2/19/2024,2700,8374,8.61,1,Active
WELL_013,Delta-M-13,Niger Delta Onshore,2/20/2024,2613,8424,8.64,0,Active
WELL_013,Delta-M-13,Niger Delta Offshore,2/21/2024,2631,8474,8.68,1,Active
WELL_013,Delta-M-13,Niger Delta Onshore,2/22/2024,733,1817,8.69,12,Failed
WELL_013,Delta-M-13,Niger Delta Onshore,2/23/2024,2672,8453,8.72,2,Active
WELL_013,Delta-M-13,Niger Delta Offshore,2/24/2024,2695,8350,8.77,2,Active
WELL_013,Delta-M-13,Niger Delta Onshore,2/25/2024,2662,8310,8.81,0,Active
WELL_013,Delta-M-13,Niger Delta Onshore,2/26/2024,1836,5780,8.82,4,Maintenance
WELL_013,Delta-M-13,Niger Delta Onshore,2/27/2024,2651,8450,8.87,0,Active
WELL_013,Delta-M-13,Niger Delta Onshore,2/28/2024,2624,8408,8.91,2,Active
WELL_013,Delta-M-13,Niger Delta Offshore,2/29/2024,2626,8426,8.95,3,Active
WELL_013,Delta-M-13,Niger Delta Onshore,3/1/2024,2669,8469,8.98,2,Active
WELL_013,Delta-M-13,Niger Delta Onshore,3/2/2024,2657,8373,9.01,2,Active
WELL_013,Delta-M-13,Niger Delta Onshore,3/3/2024,2624,8317,9.05,1,Active
WELL_013,Delta-M-13,Niger Delta Offshore,3/4/2024,2684,8361,9.07,3,Active
WELL_013,Delta-M-13,Niger Delta Onshore,3/5/2024,2695,8456,9.11,0,Active
WELL_013,Delta-M-13,Niger Delta Offshore,3/6/2024,1885,5752,9.12,4,Maintenance
WELL_013,Delta-M-13,Niger Delta Onshore,3/7/2024,613,1186,9.15,15,Failed
WELL_013,Delta-M-13,Niger Delta Offshore,3/8/2024,1838,5789,9.17,7,Maintenance
WELL_013,Delta-M-13,Niger Delta Onshore,3/9/2024,1863,5755,9.19,9,Maintenance
WELL_013,Delta-M-13,Niger Delta Onshore,3/10/2024,2626,8296,9.2,3,Active
WELL_013,Delta-M-13,Niger Delta Onshore,3/11/2024,524,2221,9.25,11,Failed
WELL_013,Delta-M-13,Niger Delta Onshore,3/12/2024,641,1046,9.28,17,Failed
WELL_013,Delta-M-13,Niger Delta Offshore,3/13/2024,1835,5818,9.31,6,Maintenance
WELL_013,Delta-M-13,Niger Delta Offshore,3/14/2024,2636,8377,9.35,2,Active
WELL_013,Delta-M-13,Niger Delta Offshore,3/15/2024,1802,5900,9.39,6,Maintenance
WELL_013,Delta-M-13,Niger Delta Onshore,3/16/2024,2657,8414,9.44,3,Active
WELL_013,Delta-M-13,Niger Delta Onshore,3/17/2024,2623,8391,9.46,1,Active
WELL_013,Delta-M-13,Niger Delta Offshore,3/18/2024,2615,8394,9.51,1,Active
WELL_013,Delta-M-13,Niger Delta Onshore,3/19/2024,2680,8311,9.55,0,Active
WELL_013,Delta-M-13,Niger Delta Offshore,3/20/2024,2656,8288,9.58,1,Active
WELL_013,Delta-M-13,Niger Delta Onshore,3/21/2024,2669,8320,9.62,0,Active
WELL_013,Delta-M-13,Niger Delta Onshore,3/22/2024,2621,8404,9.66,2,Active
WELL_013,Delta-M-13,Niger Delta Offshore,3/23/2024,2641,8383,9.68,3,Active
WELL_013,Delta-M-13,Niger Delta Offshore,3/24/2024,2599,8319,9.72,0,Active
WELL_013,Delta-M-13,Niger Delta Onshore,3/25/2024,657,1643,9.74,14,Failed
WELL_013,Delta-M-13,Niger Delta Onshore,3/26/2024,2587,8408,9.78,3,Active
WELL_013,Delta-M-13,Niger Delta Onshore,3/27/2024,2630,8330,9.82,2,Active
WELL_013,Delta-M-13,Niger Delta Onshore,3/28/2024,2635,8388,9.85,2,Active
WELL_013,Delta-M-13,Niger Delta Offshore,3/29/2024,1857,5820,9.88,9,Maintenance
WELL_013,Delta-M-13,Niger Delta Offshore,3/30/2024,2638,8255,9.89,0,Active
WELL_013,Delta-M-13,Niger Delta Onshore,3/31/2024,2668,8372,9.91,3,Active
WELL_013,Delta-M-13,Niger Delta Offshore,4/1/2024,2631,8321,9.95,0,Active
WELL_013,Delta-M-13,Niger Delta Offshore,4/2/2024,2663,8424,9.97,3,Active
WELL_013,Delta-M-13,Niger Delta Onshore,4/3/2024,2647,8352,9.99,2,Active
WELL_013,Delta-M-13,Niger Delta Onshore,4/4/2024,2670,8245,10.02,1,Active
WELL_013,Delta-M-13,Niger Delta Onshore,4/5/2024,2593,8320,10.06,3,Active
WELL_013,Delta-M-13,Niger Delta Onshore,4/6/2024,2628,8393,10.1,2,Active
WELL_013,Delta-M-13,Niger Delta Offshore,4/7/2024,2596,8315,10.12,3,Active
WELL_013,Delta-M-13,Niger Delta Onshore,4/8/2024,2612,8276,10.15,2,Active
WELL_013,Delta-M-13,Niger Delta Offshore,4/9/2024,2659,8287,10.18,0,Active
WELL_013,Delta-M-13,Niger Delta Onshore,4/10/2024,2619,8336,10.21,3,Active
WELL_013,Delta-M-13,Niger Delta Offshore,4/11/2024,733,2117,10.25,22,Failed
WELL_013,Delta-M-13,Niger Delta Offshore,4/12/2024,2631,8268,10.27,2,Active
WELL_013,Delta-M-13,Niger Delta Offshore,4/13/2024,2592,8327,10.3,0,Active
WELL_013,Delta-M-13,Niger Delta Onshore,4/14/2024,2620,8398,10.33,2,Active
WELL_013,Delta-M-13,Niger Delta Offshore,4/15/2024,2580,8244,10.37,2,Active
WELL_013,Delta-M-13,Niger Delta Offshore,4/16/2024,2607,8306,10.41,0,Active
WELL_013,Delta-M-13,Niger Delta Offshore,4/17/2024,2568,8204,10.45,1,Active
WELL_013,Delta-M-13,Niger Delta Offshore,4/18/2024,1803,5695,10.47,6,Maintenance
WELL_013,Delta-M-13,Niger Delta Offshore,4/19/2024,2603,8332,10.49,2,Active
WELL_013,Delta-M-13,Niger Delta Onshore,4/20/2024,2574,8254,10.51,3,Active
WELL_013,Delta-M-13,Niger Delta Offshore,4/21/2024,2604,8323,10.53,1,Active
WELL_013,Delta-M-13,Niger Delta Onshore,4/22/2024,1780,5737,10.58,8,Maintenance
WELL_013,Delta-M-13,Niger Delta Onshore,4/23/2024,394,1650,10.59,17,Failed
WELL_013,Delta-M-13,Niger Delta Onshore,4/24/2024,2621,8363,10.61,1,Active
WELL_013,Delta-M-13,Niger Delta Offshore,4/25/2024,2627,8281,10.65,1,Active
WELL_013,Delta-M-13,Niger Delta Onshore,4/26/2024,2560,8274,10.67,3,Active
WELL_013,Delta-M-13,Niger Delta Onshore,4/27/2024,2635,8289,10.69,0,Active
WELL_013,Delta-M-13,Niger Delta Offshore,4/28/2024,452,1429,10.7,17,Failed
WELL_013,Delta-M-13,Niger Delta Offshore,4/29/2024,685,1547,10.73,12,Failed
WELL_013,Delta-M-13,Niger Delta Offshore,4/30/2024,2553,8224,10.75,1,Active
WELL_013,Delta-M-13,Niger Delta Onshore,5/1/2024,2619,8249,10.77,3,Active
WELL_013,Delta-M-13,Niger Delta Offshore,5/2/2024,2639,8279,10.81,3,Active
WELL_013,Delta-M-13,Niger Delta Offshore,5/3/2024,337,456,10.85,17,Failed
WELL_013,Delta-M-13,Niger Delta Onshore,5/4/2024,2646,8271,10.9,1,Active
WELL_013,Delta-M-13,Niger Delta Onshore,5/5/2024,2628,8181,10.94,2,Active
WELL_013,Delta-M-13,Niger Delta Onshore,5/6/2024,2555,8222,10.97,2,Active
WELL_013,Delta-M-13,Niger Delta Offshore,5/7/2024,2582,8300,10.99,1,Active
WELL_013,Delta-M-13,Niger Delta Onshore,5/8/2024,255,1089,11.02,13,Failed
WELL_013,Delta-M-13,Niger Delta Offshore,5/9/2024,2599,8210,11.06,3,Active
WELL_013,Delta-M-13,Niger Delta Onshore,5/10/2024,780,2373,11.09,10,Failed
WELL_013,Delta-M-13,Niger Delta Onshore,5/11/2024,2613,8263,11.11,2,Active
WELL_013,Delta-M-13,Niger Delta Onshore,5/12/2024,2591,8323,11.12,2,Active
WELL_013,Delta-M-13,Niger Delta Offshore,5/13/2024,2591,8153,11.16,2,Active
WELL_013,Delta-M-13,Niger Delta Offshore,5/14/2024,2604,8302,11.19,2,Active
WELL_013,Delta-M-13,Niger Delta Onshore,5/15/2024,2569,8157,11.23,0,Active
WELL_013,Delta-M-13,Niger Delta Offshore,5/16/2024,2622,8198,11.27,1,Active
WELL_013,Delta-M-13,Niger Delta Onshore,5/17/2024,2590,8150,11.29,3,Active
WELL_013,Delta-M-13,Niger Delta Onshore,5/18/2024,2629,8149,11.32,0,Active
WELL_013,Delta-M-13,Niger Delta Onshore,5/19/2024,2557,8264,11.35,0,Active
WELL_013,Delta-M-13,Niger Delta Onshore,5/20/2024,2601,8320,11.4,0,Active
WELL_013,Delta-M-13,Niger Delta Offshore,5/21/2024,1781,5675,11.43,8,Maintenance
WELL_013,Delta-M-13,Niger Delta Offshore,5/22/2024,2546,8277,11.47,2,Active
WELL_013,Delta-M-13,Niger Delta Offshore,5/23/2024,678,1433,11.5,21,Failed
WELL_013,Delta-M-13,Niger Delta Offshore,5/24/2024,1757,5690,11.53,8,Maintenance
WELL_013,Delta-M-13,Niger Delta Onshore,5/25/2024,2580,8230,11.56,0,Active
WELL_013,Delta-M-13,Niger Delta Offshore,5/26/2024,2583,8233,11.6,1,Active
WELL_013,Delta-M-13,Niger Delta Onshore,5/27/2024,1807,5597,11.64,6,Maintenance
WELL_013,Delta-M-13,Niger Delta Offshore,5/28/2024,2545,8257,11.69,2,Active
WELL_013,Delta-M-13,Niger Delta Offshore,5/29/2024,2628,8144,11.74,3,Active
WELL_013,Delta-M-13,Niger Delta Offshore,5/30/2024,2592,8167,11.77,0,Active
WELL_013,Delta-M-13,Niger Delta Onshore,5/31/2024,2531,8201,11.81,3,Active
WELL_013,Delta-M-13,Niger Delta Onshore,6/1/2024,2601,8119,11.82,3,Active
WELL_013,Delta-M-13,Niger Delta Onshore,6/2/2024,2568,8208,11.86,1,Active
WELL_013,Delta-M-13,Niger Delta Onshore,6/3/2024,1719,5700,11.9,9,Maintenance
WELL_013,Delta-M-13,Niger Delta Onshore,6/4/2024,2540,8266,11.94,2,Active
WELL_013,Delta-M-13,Niger Delta Offshore,6/5/2024,2570,8212,11.96,1,Active
WELL_013,Delta-M-13,Niger Delta Offshore,6/6/2024,454,1609,12.01,10,Failed
WELL_013,Delta-M-13,Niger Delta Onshore,6/7/2024,1789,5557,12.02,4,Maintenance
WELL_013,Delta-M-13,Niger Delta Onshore,6/8/2024,2604,8245,12.03,0,Active
WELL_013,Delta-M-13,Niger Delta Onshore,6/9/2024,1739,5553,12.05,6,Maintenance
WELL_013,Delta-M-13,Niger Delta Onshore,6/10/2024,2595,8166,12.07,0,Active
WELL_013,Delta-M-13,Niger Delta Offshore,6/11/2024,2591,8192,12.11,2,Active
WELL_013,Delta-M-13,Niger Delta Onshore,6/12/2024,2610,8216,12.16,2,Active
WELL_013,Delta-M-13,Niger Delta Onshore,6/13/2024,2549,8199,12.19,3,Active
WELL_013,Delta-M-13,Niger Delta Offshore,6/14/2024,304,792,12.22,11,Failed
WELL_013,Delta-M-13,Niger Delta Onshore,6/15/2024,2533,8099,12.23,0,Active
WELL_013,Delta-M-13,Niger Delta Onshore,6/16/2024,527,539,12.26,13,Failed
WELL_013,Delta-M-13,Niger Delta Offshore,6/17/2024,2571,8093,12.29,3,Active
WELL_013,Delta-M-13,Niger Delta Onshore,6/18/2024,2536,8076,12.3,1,Active
WELL_013,Delta-M-13,Niger Delta Offshore,6/19/2024,1725,5603,12.32,7,Maintenance
WELL_013,Delta-M-13,Niger Delta Onshore,6/20/2024,2543,8257,12.33,0,Active
WELL_013,Delta-M-13,Niger Delta Offshore,6/21/2024,2524,8248,12.36,1,Active
WELL_013,Delta-M-13,Niger Delta Offshore,6/22/2024,2582,8065,12.39,0,Active
WELL_013,Delta-M-13,Niger Delta Onshore,6/23/2024,2585,8160,12.42,1,Active
WELL_013,Delta-M-13,Niger Delta Onshore,6/24/2024,7,1046,12.45,12,Failed
WELL_013,Delta-M-13,Niger Delta Offshore,6/25/2024,2518,8210,12.47,1,Active
WELL_013,Delta-M-13,Niger Delta Offshore,6/26/2024,677,1180,12.5,18,Failed
WELL_013,Delta-M-13,Niger Delta Onshore,6/27/2024,1702,5664,12.54,9,Maintenance
WELL_013,Delta-M-13,Niger Delta Offshore,6/28/2024,790,1084,12.55,11,Failed
WELL_013,Delta-M-13,Niger Delta Onshore,6/29/2024,2599,8197,12.6,1,Active
WELL_013,Delta-M-13,Niger Delta Onshore,6/30/2024,2573,8082,12.62,2,Active
WELL_013,Delta-M-13,Niger Delta Onshore,7/1/2024,2559,8146,12.65,0,Active
WELL_013,Delta-M-13,Niger Delta Offshore,7/2/2024,2530,8147,12.68,0,Active
WELL_013,Delta-M-13,Niger Delta Onshore,7/3/2024,2594,8119,12.7,0,Active
WELL_013,Delta-M-13,Niger Delta Offshore,7/4/2024,1729,5578,12.75,9,Maintenance
WELL_013,Delta-M-13,Niger Delta Onshore,7/5/2024,2585,8090,12.77,0,Active
WELL_013,Delta-M-13,Niger Delta Onshore,7/6/2024,1695,5673,12.8,8,Maintenance
WELL_013,Delta-M-13,Niger Delta Onshore,7/7/2024,2584,8130,12.84,2,Active
WELL_013,Delta-M-13,Niger Delta Onshore,7/8/2024,1725,5481,12.88,6,Maintenance
WELL_013,Delta-M-13,Niger Delta Onshore,7/9/2024,2583,8032,12.91,2,Active
WELL_013,Delta-M-13,Niger Delta Offshore,7/10/2024,2539,8100,12.96,3,Active
WELL_013,Delta-M-13,Niger Delta Offshore,7/11/2024,2495,8064,12.99,1,Active
WELL_013,Delta-M-13,Niger Delta Offshore,7/12/2024,2566,8133,13.01,3,Active
WELL_013,Delta-M-13,Niger Delta Offshore,7/13/2024,2580,8030,13.06,0,Active
WELL_013,Delta-M-13,Niger Delta Onshore,7/14/2024,2536,8062,13.1,1,Active
WELL_013,Delta-M-13,Niger Delta Offshore,7/15/2024,725,1412,13.14,14,Failed
WELL_013,Delta-M-13,Niger Delta Offshore,7/16/2024,2494,8116,13.16,2,Active
WELL_013,Delta-M-13,Niger Delta Onshore,7/17/2024,2527,8079,13.18,1,Active
WELL_013,Delta-M-13,Niger Delta Onshore,7/18/2024,2513,8077,13.22,2,Active
WELL_013,Delta-M-13,Niger Delta Onshore,7/19/2024,2588,8187,13.24,3,Active
WELL_013,Delta-M-13,Niger Delta Onshore,7/20/2024,2556,8152,13.29,2,Active
WELL_013,Delta-M-13,Niger Delta Onshore,7/21/2024,2528,8036,13.33,3,Active
WELL_013,Delta-M-13,Niger Delta Offshore,7/22/2024,1716,5568,13.37,9,Maintenance
WELL_013,Delta-M-13,Niger Delta Onshore,7/23/2024,2580,8128,13.41,1,Active
WELL_013,Delta-M-13,Niger Delta Onshore,7/24/2024,387,71,13.46,20,Failed
WELL_013,Delta-M-13,Niger Delta Offshore,7/25/2024,2572,8151,13.48,3,Active
WELL_013,Delta-M-13,Niger Delta Onshore,7/26/2024,2544,8039,13.51,1,Active
WELL_013,Delta-M-13,Niger Delta Offshore,7/27/2024,2486,8114,13.54,1,Active
WELL_013,Delta-M-13,Niger Delta Offshore,7/28/2024,2505,8070,13.56,1,Active
WELL_013,Delta-M-13,Niger Delta Offshore,7/29/2024,1741,5582,13.59,4,Maintenance
WELL_013,Delta-M-13,Niger Delta Onshore,7/30/2024,2511,8128,13.63,2,Active
WELL_013,Delta-M-13,Niger Delta Offshore,7/31/2024,2495,8151,13.66,2,Active
WELL_013,Delta-M-13,Niger Delta Onshore,8/1/2024,2545,8038,13.67,0,Active
WELL_013,Delta-M-13,Niger Delta Offshore,8/2/2024,2492,8047,13.71,1,Active
WELL_013,Delta-M-13,Niger Delta Onshore,8/3/2024,1748,5549,13.73,9,Maintenance
WELL_013,Delta-M-13,Niger Delta Onshore,8/4/2024,309,2007,13.76,23,Failed
WELL_013,Delta-M-13,Niger Delta Offshore,8/5/2024,2515,8080,13.77,0,Active
WELL_013,Delta-M-13,Niger Delta Offshore,8/6/2024,2490,8144,13.8,0,Active
WELL_013,Delta-M-13,Niger Delta Offshore,8/7/2024,2495,8105,13.83,0,Active
WELL_013,Delta-M-13,Niger Delta Onshore,8/8/2024,2491,7997,13.85,2,Active
WELL_013,Delta-M-13,Niger Delta Onshore,8/9/2024,1668,5451,13.89,4,Maintenance
WELL_013,Delta-M-13,Niger Delta Onshore,8/10/2024,1741,5474,13.94,4,Maintenance
WELL_013,Delta-M-13,Niger Delta Offshore,8/11/2024,1756,5465,13.96,6,Maintenance
WELL_013,Delta-M-13,Niger Delta Onshore,8/12/2024,2527,8064,13.98,0,Active
WELL_013,Delta-M-13,Niger Delta Onshore,8/13/2024,2527,8153,14.01,1,Active
WELL_013,Delta-M-13,Niger Delta Offshore,8/14/2024,2518,7979,14.05,0,Active
WELL_013,Delta-M-13,Niger Delta Offshore,8/15/2024,2555,7984,14.08,2,Active
WELL_013,Delta-M-13,Niger Delta Onshore,8/16/2024,2537,8131,14.1,1,Active
WELL_013,Delta-M-13,Niger Delta Onshore,8/17/2024,1702,5566,14.11,7,Maintenance
WELL_013,Delta-M-13,Niger Delta Onshore,8/18/2024,182,15,14.13,20,Failed
WELL_013,Delta-M-13,Niger Delta Onshore,8/19/2024,1694,5444,14.14,9,Maintenance
WELL_013,Delta-M-13,Niger Delta Offshore,8/20/2024,2519,8012,14.19,0,Active
WELL_013,Delta-M-13,Niger Delta Offshore,8/21/2024,2495,8024,14.22,1,Active
WELL_013,Delta-M-13,Niger Delta Onshore,8/22/2024,2509,7945,14.24,0,Active
WELL_013,Delta-M-13,Niger Delta Offshore,8/23/2024,1713,5468,14.28,9,Maintenance
WELL_013,Delta-M-13,Niger Delta Onshore,8/24/2024,309,1693,14.29,18,Failed
WELL_013,Delta-M-13,Niger Delta Offshore,8/25/2024,375,2273,14.3,14,Failed
WELL_013,Delta-M-13,Niger Delta Offshore,8/26/2024,1700,5428,14.34,7,Maintenance
WELL_013,Delta-M-13,Niger Delta Onshore,8/27/2024,2539,8088,14.38,2,Active
WELL_013,Delta-M-13,Niger Delta Onshore,8/28/2024,2550,8110,14.42,0,Active
WELL_013,Delta-M-13,Niger Delta Onshore,8/29/2024,2510,8039,14.46,1,Active
WELL_013,Delta-M-13,Niger Delta Onshore,8/30/2024,2473,8062,14.5,3,Active
WELL_013,Delta-M-13,Niger Delta Onshore,8/31/2024,2511,8011,14.55,1,Active
WELL_013,Delta-M-13,Niger Delta Offshore,9/1/2024,2480,7937,14.6,1,Active
WELL_013,Delta-M-13,Niger Delta Onshore,9/2/2024,2477,7985,14.61,3,Active
WELL_013,Delta-M-13,Niger Delta Offshore,9/3/2024,605,1044,14.66,18,Failed
WELL_013,Delta-M-13,Niger Delta Offshore,9/4/2024,2515,8044,14.69,1,Active
WELL_013,Delta-M-13,Niger Delta Onshore,9/5/2024,451,1618,14.7,20,Failed
WELL_013,Delta-M-13,Niger Delta Offshore,9/6/2024,2481,8047,14.72,1,Active
WELL_013,Delta-M-13,Niger Delta Onshore,9/7/2024,2539,8066,14.74,2,Active
WELL_013,Delta-M-13,Niger Delta Onshore,9/8/2024,2497,7963,14.78,0,Active
WELL_013,Delta-M-13,Niger Delta Offshore,9/9/2024,2518,7984,14.82,0,Active
WELL_013,Delta-M-13,Niger Delta Onshore,9/10/2024,2521,7974,14.86,3,Active
WELL_013,Delta-M-13,Niger Delta Onshore,9/11/2024,2468,7946,14.91,0,Active
WELL_013,Delta-M-13,Niger Delta Onshore,9/12/2024,2476,8084,14.92,0,Active
WELL_013,Delta-M-13,Niger Delta Onshore,9/13/2024,2539,8055,14.95,3,Active
WELL_013,Delta-M-13,Niger Delta Offshore,9/14/2024,2509,7926,14.99,1,Active
WELL_013,Delta-M-13,Niger Delta Onshore,9/15/2024,1662,5369,15.03,6,Maintenance
WELL_013,Delta-M-13,Niger Delta Offshore,9/16/2024,2527,8037,15.05,0,Active
WELL_013,Delta-M-13,Niger Delta Onshore,9/17/2024,2453,7977,15.06,1,Active
WELL_013,Delta-M-13,Niger Delta Onshore,9/18/2024,2460,7893,15.11,2,Active
WELL_013,Delta-M-13,Niger Delta Offshore,9/19/2024,1714,5469,15.15,8,Maintenance
WELL_013,Delta-M-13,Niger Delta Onshore,9/20/2024,1719,5401,15.19,4,Maintenance
WELL_013,Delta-M-13,Niger Delta Offshore,9/21/2024,33,254,15.21,15,Failed
WELL_013,Delta-M-13,Niger Delta Onshore,9/22/2024,1724,5511,15.23,4,Maintenance
WELL_013,Delta-M-13,Niger Delta Onshore,9/23/2024,2477,7949,15.26,1,Active
WELL_013,Delta-M-13,Niger Delta Onshore,9/24/2024,1634,5330,15.31,6,Maintenance
WELL_013,Delta-M-13,Niger Delta Offshore,9/25/2024,2436,7926,15.34,3,Active
WELL_013,Delta-M-13,Niger Delta Offshore,9/26/2024,1715,5474,15.37,9,Maintenance
WELL_013,Delta-M-13,Niger Delta Offshore,9/27/2024,2457,7887,15.4,0,Active
WELL_013,Delta-M-13,Niger Delta Offshore,9/28/2024,2474,8001,15.42,2,Active
WELL_013,Delta-M-13,Niger Delta Onshore,9/29/2024,2495,8031,15.46,0,Active
WELL_013,Delta-M-13,Niger Delta Offshore,9/30/2024,2502,7997,15.48,0,Active
WELL_013,Delta-M-13,Niger Delta Offshore,10/1/2024,2474,7939,15.5,0,Active
WELL_013,Delta-M-13,Niger Delta Onshore,10/2/2024,2470,7937,15.54,0,Active
WELL_013,Delta-M-13,Niger Delta Offshore,10/3/2024,2470,7950,15.57,1,Active
WELL_013,Delta-M-13,Niger Delta Offshore,10/4/2024,2446,8039,15.59,1,Active
WELL_013,Delta-M-13,Niger Delta Offshore,10/5/2024,2474,8038,15.6,1,Active
WELL_013,Delta-M-13,Niger Delta Onshore,10/6/2024,1629,5420,15.62,5,Maintenance
WELL_013,Delta-M-13,Niger Delta Offshore,10/7/2024,2513,7900,15.66,1,Active
WELL_013,Delta-M-13,Niger Delta Offshore,10/8/2024,708,1735,15.68,16,Failed
WELL_013,Delta-M-13,Niger Delta Offshore,10/9/2024,614,487,15.7,21,Failed
WELL_013,Delta-M-13,Niger Delta Offshore,10/10/2024,2502,7888,15.71,0,Active
WELL_013,Delta-M-13,Niger Delta Onshore,10/11/2024,1689,5464,15.75,8,Maintenance
WELL_013,Delta-M-13,Niger Delta Onshore,10/12/2024,1699,5385,15.78,5,Maintenance
WELL_013,Delta-M-13,Niger Delta Onshore,10/13/2024,2477,7864,15.83,2,Active
WELL_013,Delta-M-13,Niger Delta Onshore,10/14/2024,2472,7905,15.87,2,Active
WELL_013,Delta-M-13,Niger Delta Offshore,10/15/2024,2478,8001,15.9,2,Active
WELL_013,Delta-M-13,Niger Delta Onshore,10/16/2024,2419,7921,15.91,2,Active
WELL_013,Delta-M-13,Niger Delta Offshore,10/17/2024,2493,7934,15.94,0,Active
WELL_013,Delta-M-13,Niger Delta Onshore,10/18/2024,1693,5440,15.98,9,Maintenance
WELL_013,Delta-M-13,Niger Delta Offshore,10/19/2024,2495,7887,16.03,3,Active
WELL_013,Delta-M-13,Niger Delta Onshore,10/20/2024,2495,7960,16.05,3,Active
WELL_013,Delta-M-13,Niger Delta Onshore,10/21/2024,1646,5414,16.06,7,Maintenance
WELL_013,Delta-M-13,Niger Delta Onshore,10/22/2024,1695,5310,16.09,4,Maintenance
WELL_013,Delta-M-13,Niger Delta Onshore,10/23/2024,2447,7872,16.14,3,Active
WELL_013,Delta-M-13,Niger Delta Offshore,10/24/2024,2450,7839,16.15,3,Active
WELL_013,Delta-M-13,Niger Delta Onshore,10/25/2024,2416,7851,16.17,0,Active
WELL_013,Delta-M-13,Niger Delta Offshore,10/26/2024,2505,7984,16.2,2,Active
WELL_013,Delta-M-13,Niger Delta Offshore,10/27/2024,2472,8005,16.24,0,Active
WELL_013,Delta-M-13,Niger Delta Onshore,10/28/2024,2480,7965,16.26,2,Active
WELL_013,Delta-M-13,Niger Delta Offshore,10/29/2024,2452,7902,16.27,1,Active
WELL_013,Delta-M-13,Niger Delta Onshore,10/30/2024,2424,7947,16.3,2,Active
WELL_013,Delta-M-13,Niger Delta Onshore,10/31/2024,1653,5326,16.34,5,Maintenance
WELL_013,Delta-M-13,Niger Delta Offshore,11/1/2024,65,1124,16.37,20,Failed
WELL_013,Delta-M-13,Niger Delta Offshore,11/2/2024,2414,7837,16.41,1,Active
WELL_013,Delta-M-13,Niger Delta Offshore,11/3/2024,1593,5251,16.44,5,Maintenance
WELL_013,Delta-M-13,Niger Delta Offshore,11/4/2024,2495,7865,16.45,3,Active
WELL_013,Delta-M-13,Niger Delta Onshore,11/5/2024,1642,5260,16.47,4,Maintenance
WELL_013,Delta-M-13,Niger Delta Onshore,11/6/2024,269,1195,16.51,20,Failed
WELL_013,Delta-M-13,Niger Delta Offshore,11/7/2024,1636,5244,16.52,6,Maintenance
WELL_013,Delta-M-13,Niger Delta Offshore,11/8/2024,472,2339,16.57,11,Failed
WELL_013,Delta-M-13,Niger Delta Offshore,11/9/2024,2481,7863,16.61,1,Active
WELL_013,Delta-M-13,Niger Delta Onshore,11/10/2024,2439,7883,16.63,3,Active
WELL_013,Delta-M-13,Niger Delta Onshore,11/11/2024,223,1133,16.66,20,Failed
WELL_013,Delta-M-13,Niger Delta Onshore,11/12/2024,2402,7863,16.7,2,Active
WELL_013,Delta-M-13,Niger Delta Offshore,11/13/2024,19,1466,16.75,14,Failed
WELL_013,Delta-M-13,Niger Delta Onshore,11/14/2024,2441,7931,16.78,3,Active
WELL_013,Delta-M-13,Niger Delta Onshore,11/15/2024,2424,7912,16.83,2,Active
WELL_013,Delta-M-13,Niger Delta Onshore,11/16/2024,1598,5257,16.86,9,Maintenance
WELL_013,Delta-M-13,Niger Delta Offshore,11/17/2024,4,919,16.88,21,Failed
WELL_013,Delta-M-13,Niger Delta Onshore,11/18/2024,2449,7800,16.9,1,Active
WELL_013,Delta-M-13,Niger Delta Offshore,11/19/2024,2433,7879,16.92,1,Active
WELL_013,Delta-M-13,Niger Delta Onshore,11/20/2024,2436,7831,16.93,0,Active
WELL_013,Delta-M-13,Niger Delta Offshore,11/21/2024,1659,5261,16.94,7,Maintenance
WELL_013,Delta-M-13,Niger Delta Onshore,11/22/2024,2409,7882,16.99,2,Active
WELL_013,Delta-M-13,Niger Delta Offshore,11/23/2024,2408,7865,17.02,1,Active
WELL_013,Delta-M-13,Niger Delta Onshore,11/24/2024,2412,7808,17.06,3,Active
WELL_013,Delta-M-13,Niger Delta Onshore,11/25/2024,2447,7814,17.08,1,Active
WELL_013,Delta-M-13,Niger Delta Onshore,11/26/2024,2408,7781,17.12,0,Active
WELL_013,Delta-M-13,Niger Delta Offshore,11/27/2024,2476,7850,17.15,3,Active
WELL_013,Delta-M-13,Niger Delta Onshore,11/28/2024,2399,7892,17.2,3,Active
WELL_013,Delta-M-13,Niger Delta Offshore,11/29/2024,1613,5363,17.24,5,Maintenance
WELL_013,Delta-M-13,Niger Delta Offshore,11/30/2024,2385,7894,17.29,3,Active
WELL_013,Delta-M-13,Niger Delta Onshore,12/1/2024,2399,7751,17.31,1,Active
WELL_013,Delta-M-13,Niger Delta Onshore,12/2/2024,2387,7849,17.36,3,Active
WELL_013,Delta-M-13,Niger Delta Onshore,12/3/2024,2474,7736,17.4,3,Active
WELL_013,Delta-M-13,Niger Delta Offshore,12/4/2024,1628,5323,17.42,6,Maintenance
WELL_013,Delta-M-13,Niger Delta Offshore,12/5/2024,2399,7852,17.45,0,Active
WELL_013,Delta-M-13,Niger Delta Onshore,12/6/2024,2424,7755,17.49,3,Active
WELL_013,Delta-M-13,Niger Delta Onshore,12/7/2024,2450,7809,17.5,2,Active
WELL_013,Delta-M-13,Niger Delta Onshore,12/8/2024,2379,7911,17.55,2,Active
WELL_013,Delta-M-13,Niger Delta Offshore,12/9/2024,1643,5244,17.59,4,Maintenance
WELL_013,Delta-M-13,Niger Delta Onshore,12/10/2024,793,2096,17.61,10,Failed
WELL_013,Delta-M-13,Niger Delta Onshore,12/11/2024,2381,7788,17.63,0,Active
WELL_013,Delta-M-13,Niger Delta Onshore,12/12/2024,254,4,17.67,17,Failed
WELL_013,Delta-M-13,Niger Delta Onshore,12/13/2024,1582,5177,17.69,4,Maintenance
WELL_013,Delta-M-13,Niger Delta Offshore,12/14/2024,2375,7899,17.73,2,Active
WELL_013,Delta-M-13,Niger Delta Onshore,12/15/2024,2445,7841,17.77,2,Active
WELL_013,Delta-M-13,Niger Delta Onshore,12/16/2024,2436,7743,17.82,0,Active
WELL_013,Delta-M-13,Niger Delta Onshore,12/17/2024,2375,7805,17.86,3,Active
WELL_013,Delta-M-13,Niger Delta Onshore,12/18/2024,2420,7862,17.9,0,Active
WELL_013,Delta-M-13,Niger Delta Offshore,12/19/2024,2411,7807,17.93,2,Active
WELL_013,Delta-M-13,Niger Delta Offshore,12/20/2024,2397,7756,17.95,0,Active
WELL_013,Delta-M-13,Niger Delta Onshore,12/21/2024,2406,7849,17.97,3,Active
WELL_013,Delta-M-13,Niger Delta Onshore,12/22/2024,2409,7824,18,3,Active
WELL_013,Delta-M-13,Niger Delta Onshore,12/23/2024,2449,7845,18.05,1,Active
WELL_013,Delta-M-13,Niger Delta Onshore,12/24/2024,2432,7778,18.1,2,Active
WELL_013,Delta-M-13,Niger Delta Onshore,12/25/2024,2390,7836,18.11,0,Active
WELL_013,Delta-M-13,Niger Delta Offshore,12/26/2024,2384,7840,18.16,2,Active
WELL_013,Delta-M-13,Niger Delta Offshore,12/27/2024,2456,7747,18.19,3,Active
WELL_013,Delta-M-13,Niger Delta Offshore,12/28/2024,2422,7806,18.22,0,Active
WELL_013,Delta-M-13,Niger Delta Onshore,12/29/2024,2366,7843,18.27,3,Active
WELL_013,Delta-M-13,Niger Delta Onshore,12/30/2024,2378,7701,18.3,1,Active
WELL_013,Delta-M-13,Niger Delta Onshore,12/31/2024,2361,7808,18.34,1,Active
WELL_013,Delta-M-13,Niger Delta Onshore,1/1/2025,1609,5242,18.37,6,Maintenance
WELL_013,Delta-M-13,Niger Delta Onshore,1/2/2025,2385,7750,18.39,0,Active
WELL_013,Delta-M-13,Niger Delta Onshore,1/3/2025,2440,7796,18.42,0,Active
WELL_013,Delta-M-13,Niger Delta Offshore,1/4/2025,2379,7869,18.44,3,Active
WELL_013,Delta-M-13,Niger Delta Offshore,1/5/2025,2449,7702,18.47,1,Active
WELL_013,Delta-M-13,Niger Delta Offshore,1/6/2025,2360,7685,18.5,1,Active
WELL_013,Delta-M-13,Niger Delta Onshore,1/7/2025,2421,7688,18.54,0,Active
WELL_013,Delta-M-13,Niger Delta Offshore,1/8/2025,2370,7739,18.57,1,Active
WELL_013,Delta-M-13,Niger Delta Offshore,1/9/2025,2358,7733,18.59,1,Active
WELL_013,Delta-M-13,Niger Delta Onshore,1/10/2025,2396,7827,18.63,0,Active
WELL_013,Delta-M-13,Niger Delta Offshore,1/11/2025,807,2379,18.68,18,Failed
WELL_013,Delta-M-13,Niger Delta Onshore,1/12/2025,411,905,18.7,18,Failed
WELL_013,Delta-M-13,Niger Delta Offshore,1/13/2025,501,1177,18.73,14,Failed
WELL_013,Delta-M-13,Niger Delta Offshore,1/14/2025,168,2026,18.77,16,Failed
WELL_013,Delta-M-13,Niger Delta Offshore,1/15/2025,1543,5211,18.82,7,Maintenance
WELL_013,Delta-M-13,Niger Delta Onshore,1/16/2025,2351,7746,18.84,1,Active
WELL_013,Delta-M-13,Niger Delta Offshore,1/17/2025,2353,7793,18.87,2,Active
WELL_013,Delta-M-13,Niger Delta Offshore,1/18/2025,1598,5207,18.92,7,Maintenance
WELL_013,Delta-M-13,Niger Delta Onshore,1/19/2025,1543,5147,18.94,8,Maintenance
WELL_013,Delta-M-13,Niger Delta Onshore,1/20/2025,2403,7750,18.96,0,Active
WELL_013,Delta-M-13,Niger Delta Onshore,1/21/2025,2356,7680,18.99,3,Active
WELL_013,Delta-M-13,Niger Delta Offshore,1/22/2025,2362,7664,19,3,Active
WELL_013,Delta-M-13,Niger Delta Onshore,1/23/2025,2416,7759,19.05,3,Active
WELL_013,Delta-M-13,Niger Delta Offshore,1/24/2025,2418,7787,19.07,2,Active
WELL_013,Delta-M-13,Niger Delta Onshore,1/25/2025,1602,5126,19.09,6,Maintenance
WELL_013,Delta-M-13,Niger Delta Onshore,1/26/2025,1593,5255,19.12,4,Maintenance
WELL_013,Delta-M-13,Niger Delta Offshore,1/27/2025,2409,7656,19.14,2,Active
WELL_013,Delta-M-13,Niger Delta Offshore,1/28/2025,2380,7800,19.18,2,Active
WELL_013,Delta-M-13,Niger Delta Offshore,1/29/2025,2413,7774,19.2,3,Active
WELL_013,Delta-M-13,Niger Delta Offshore,1/30/2025,2339,7730,19.23,0,Active
WELL_013,Delta-M-13,Niger Delta Offshore,1/31/2025,2416,7638,19.24,2,Active
WELL_013,Delta-M-13,Niger Delta Onshore,2/1/2025,2371,7669,19.28,0,Active
WELL_013,Delta-M-13,Niger Delta Offshore,2/2/2025,1589,5084,19.3,4,Maintenance
WELL_013,Delta-M-13,Niger Delta Onshore,2/3/2025,2426,7683,19.34,2,Active
WELL_013,Delta-M-13,Niger Delta Offshore,2/4/2025,2349,7730,19.36,2,Active
WELL_013,Delta-M-13,Niger Delta Offshore,2/5/2025,520,561,19.41,14,Failed
WELL_013,Delta-M-13,Niger Delta Offshore,2/6/2025,2360,7760,19.42,2,Active
WELL_013,Delta-M-13,Niger Delta Offshore,2/7/2025,1578,5239,19.46,8,Maintenance
WELL_013,Delta-M-13,Niger Delta Onshore,2/8/2025,2356,7642,19.47,0,Active
WELL_013,Delta-M-13,Niger Delta Onshore,2/9/2025,2356,7737,19.51,1,Active
WELL_013,Delta-M-13,Niger Delta Onshore,2/10/2025,2368,7749,19.53,0,Active
WELL_013,Delta-M-13,Niger Delta Offshore,2/11/2025,1567,5192,19.57,5,Maintenance
WELL_013,Delta-M-13,Niger Delta Offshore,2/12/2025,398,621,19.58,15,Failed
WELL_013,Delta-M-13,Niger Delta Offshore,2/13/2025,2339,7631,19.6,1,Active
WELL_013,Delta-M-13,Niger Delta Offshore,2/14/2025,2334,7653,19.62,1,Active
WELL_013,Delta-M-13,Niger Delta Onshore,2/15/2025,2348,7741,19.63,2,Active
WELL_013,Delta-M-13,Niger Delta Offshore,2/16/2025,2379,7699,19.67,3,Active
WELL_013,Delta-M-13,Niger Delta Offshore,2/17/2025,2330,7612,19.7,1,Active
WELL_013,Delta-M-13,Niger Delta Onshore,2/18/2025,2414,7719,19.74,0,Active
WELL_013,Delta-M-13,Niger Delta Onshore,2/19/2025,2399,7754,19.76,2,Active
WELL_013,Delta-M-13,Niger Delta Offshore,2/20/2025,2399,7684,19.79,1,Active
WELL_013,Delta-M-13,Niger Delta Offshore,2/21/2025,2366,7658,19.84,2,Active
WELL_013,Delta-M-13,Niger Delta Offshore,2/22/2025,2412,7658,19.85,1,Active
WELL_013,Delta-M-13,Niger Delta Onshore,2/23/2025,2391,7756,19.87,0,Active
WELL_013,Delta-M-13,Niger Delta Offshore,2/24/2025,2314,7586,19.9,0,Active
WELL_013,Delta-M-13,Niger Delta Onshore,2/25/2025,2401,7727,19.93,2,Active
WELL_013,Delta-M-13,Niger Delta Onshore,2/26/2025,280,1332,19.96,14,Failed
WELL_013,Delta-M-13,Niger Delta Offshore,2/27/2025,2391,7644,20,0,Active
WELL_013,Delta-M-13,Niger Delta Onshore,2/28/2025,2363,7608,20.03,2,Active
WELL_013,Delta-M-13,Niger Delta Offshore,3/1/2025,2386,7655,20.06,2,Active
WELL_013,Delta-M-13,Niger Delta Onshore,3/2/2025,2332,7577,20.1,1,Active
WELL_013,Delta-M-13,Niger Delta Onshore,3/3/2025,1538,5068,20.11,6,Maintenance
WELL_013,Delta-M-13,Niger Delta Offshore,3/4/2025,2316,7700,20.14,1,Active
WELL_013,Delta-M-13,Niger Delta Offshore,3/5/2025,32,535,20.16,15,Failed
WELL_013,Delta-M-13,Niger Delta Onshore,3/6/2025,2312,7634,20.2,0,Active
WELL_013,Delta-M-13,Niger Delta Offshore,3/7/2025,2369,7712,20.24,0,Active
WELL_013,Delta-M-13,Niger Delta Onshore,3/8/2025,2350,7675,20.25,1,Active
WELL_013,Delta-M-13,Niger Delta Onshore,3/9/2025,2384,7686,20.27,2,Active
WELL_013,Delta-M-13,Niger Delta Onshore,3/10/2025,1508,5068,20.31,9,Maintenance
WELL_013,Delta-M-13,Niger Delta Offshore,3/11/2025,2370,7591,20.35,3,Active
WELL_013,Delta-M-13,Niger Delta Offshore,3/12/2025,1536,5059,20.36,9,Maintenance
WELL_013,Delta-M-13,Niger Delta Offshore,3/13/2025,2393,7596,20.41,1,Active
WELL_013,Delta-M-13,Niger Delta Onshore,3/14/2025,2351,7702,20.45,2,Active
WELL_013,Delta-M-13,Niger Delta Offshore,3/15/2025,2387,7717,20.49,1,Active
WELL_013,Delta-M-13,Niger Delta Onshore,3/16/2025,2373,7618,20.53,3,Active
WELL_013,Delta-M-13,Niger Delta Onshore,3/17/2025,2297,7667,20.56,2,Active
WELL_013,Delta-M-13,Niger Delta Onshore,3/18/2025,2365,7690,20.6,1,Active
WELL_013,Delta-M-13,Niger Delta Offshore,3/19/2025,168,378,20.63,14,Failed
WELL_013,Delta-M-13,Niger Delta Onshore,3/20/2025,2356,7530,20.64,2,Active
WELL_013,Delta-M-13,Niger Delta Onshore,3/21/2025,2354,7521,20.69,1,Active
WELL_013,Delta-M-13,Niger Delta Onshore,3/22/2025,2379,7645,20.74,0,Active
WELL_013,Delta-M-13,Niger Delta Onshore,3/23/2025,2356,7560,20.76,3,Active
WELL_013,Delta-M-13,Niger Delta Onshore,3/24/2025,2332,7649,20.8,3,Active
WELL_013,Delta-M-13,Niger Delta Offshore,3/25/2025,2327,7537,20.83,0,Active
WELL_013,Delta-M-13,Niger Delta Offshore,3/26/2025,2295,7544,20.85,3,Active
WELL_013,Delta-M-13,Niger Delta Offshore,3/27/2025,2333,7685,20.87,2,Active
WELL_013,Delta-M-13,Niger Delta Onshore,3/28/2025,2325,7625,20.88,1,Active
WELL_013,Delta-M-13,Niger Delta Onshore,3/29/2025,1559,5112,20.92,9,Maintenance
WELL_013,Delta-M-13,Niger Delta Offshore,3/30/2025,1529,4990,20.95,7,Maintenance
WELL_013,Delta-M-13,Niger Delta Offshore,3/31/2025,2316,7582,20.99,0,Active
WELL_013,Delta-M-13,Niger Delta Onshore,4/1/2025,2361,7551,21,2,Active
WELL_013,Delta-M-13,Niger Delta Onshore,4/2/2025,2334,7509,21.02,2,Active
WELL_013,Delta-M-13,Niger Delta Onshore,4/3/2025,2333,7565,21.04,1,Active
WELL_013,Delta-M-13,Niger Delta Onshore,4/4/2025,1548,5056,21.08,4,Maintenance
WELL_013,Delta-M-13,Niger Delta Onshore,4/5/2025,1508,5076,21.09,7,Maintenance
WELL_013,Delta-M-13,Niger Delta Onshore,4/6/2025,2356,7680,21.14,2,Active
WELL_013,Delta-M-13,Niger Delta Offshore,4/7/2025,2288,7642,21.15,2,Active
WELL_013,Delta-M-13,Niger Delta Offshore,4/8/2025,2309,7571,21.19,2,Active
WELL_013,Delta-M-13,Niger Delta Onshore,4/9/2025,2303,7535,21.24,3,Active
WELL_013,Delta-M-13,Niger Delta Onshore,4/10/2025,2306,7576,21.29,2,Active
WELL_013,Delta-M-13,Niger Delta Offshore,4/11/2025,2308,7673,21.32,0,Active
WELL_013,Delta-M-13,Niger Delta Offshore,4/12/2025,2336,7567,21.36,0,Active
WELL_013,Delta-M-13,Niger Delta Offshore,4/13/2025,1475,4987,21.38,9,Maintenance
WELL_013,Delta-M-13,Niger Delta Offshore,4/14/2025,2283,7487,21.42,2,Active
WELL_013,Delta-M-13,Niger Delta Onshore,4/15/2025,2289,7588,21.45,1,Active
WELL_013,Delta-M-13,Niger Delta Offshore,4/16/2025,2320,7476,21.49,3,Active
WELL_013,Delta-M-13,Niger Delta Offshore,4/17/2025,1471,4949,21.5,5,Maintenance
WELL_013,Delta-M-13,Niger Delta Offshore,4/18/2025,1461,5043,21.55,8,Maintenance
WELL_013,Delta-M-13,Niger Delta Offshore,4/19/2025,2272,7548,21.59,2,Active
WELL_013,Delta-M-13,Niger Delta Onshore,4/20/2025,2294,7530,21.61,1,Active
WELL_013,Delta-M-13,Niger Delta Onshore,4/21/2025,2328,7545,21.63,1,Active
WELL_013,Delta-M-13,Niger Delta Onshore,4/22/2025,2311,7486,21.67,3,Active
WELL_013,Delta-M-13,Niger Delta Onshore,4/23/2025,2313,7498,21.69,0,Active
WELL_013,Delta-M-13,Niger Delta Offshore,4/24/2025,331,2546,21.72,13,Failed
WELL_013,Delta-M-13,Niger Delta Offshore,4/25/2025,2352,7564,21.76,0,Active
WELL_013,Delta-M-13,Niger Delta Offshore,4/26/2025,2354,7469,21.81,3,Active
WELL_013,Delta-M-13,Niger Delta Onshore,4/27/2025,2327,7518,21.83,3,Active
WELL_013,Delta-M-13,Niger Delta Onshore,4/28/2025,1525,4915,21.88,6,Maintenance
WELL_013,Delta-M-13,Niger Delta Onshore,4/29/2025,1526,5026,21.91,5,Maintenance
WELL_013,Delta-M-13,Niger Delta Onshore,4/30/2025,2348,7517,21.93,2,Active
WELL_013,Delta-M-13,Niger Delta Onshore,5/1/2025,2261,7498,21.95,2,Active
WELL_013,Delta-M-13,Niger Delta Offshore,5/2/2025,2300,7442,21.97,0,Active
WELL_013,Delta-M-13,Niger Delta Offshore,5/3/2025,2263,7581,21.99,3,Active
WELL_013,Delta-M-13,Niger Delta Onshore,5/4/2025,2288,7478,22.03,1,Active
WELL_013,Delta-M-13,Niger Delta Onshore,5/5/2025,2289,7584,22.04,1,Active
WELL_013,Delta-M-13,Niger Delta Onshore,5/6/2025,2350,7495,22.07,1,Active
WELL_013,Delta-M-13,Niger Delta Offshore,5/7/2025,1530,5009,22.1,7,Maintenance
WELL_013,Delta-M-13,Niger Delta Offshore,5/8/2025,2289,7595,22.13,1,Active
WELL_013,Delta-M-13,Niger Delta Offshore,5/9/2025,2256,7561,22.14,2,Active
WELL_013,Delta-M-13,Niger Delta Offshore,5/10/2025,1533,4968,22.17,7,Maintenance
WELL_013,Delta-M-13,Niger Delta Offshore,5/11/2025,2316,7529,22.21,1,Active
WELL_013,Delta-M-13,Niger Delta Offshore,5/12/2025,2309,7504,22.24,0,Active
WELL_013,Delta-M-13,Niger Delta Onshore,5/13/2025,2287,7549,22.27,0,Active
WELL_013,Delta-M-13,Niger Delta Offshore,5/14/2025,2338,7454,22.29,2,Active
WELL_014,Delta-N-14,Niger Delta Offshore,1/1/2024,1686,14860,6.02,1,Active
WELL_014,Delta-N-14,Niger Delta Offshore,1/2/2024,1659,14795,6.06,2,Active
WELL_014,Delta-N-14,Niger Delta Onshore,1/3/2024,1664,14901,6.09,1,Active
WELL_014,Delta-N-14,Niger Delta Onshore,1/4/2024,1655,14931,6.13,1,Active
WELL_014,Delta-N-14,Niger Delta Offshore,1/5/2024,1705,14827,6.15,2,Active
WELL_014,Delta-N-14,Niger Delta Onshore,1/6/2024,1611,14877,6.17,0,Active
WELL_014,Delta-N-14,Niger Delta Offshore,1/7/2024,1667,14955,6.18,3,Active
WELL_014,Delta-N-14,Niger Delta Offshore,1/8/2024,1620,14780,6.2,1,Active
WELL_014,Delta-N-14,Niger Delta Offshore,1/9/2024,1661,14902,6.23,0,Active
WELL_014,Delta-N-14,Niger Delta Onshore,1/10/2024,1607,14795,6.27,0,Active
WELL_014,Delta-N-14,Niger Delta Offshore,1/11/2024,1668,14946,6.31,2,Active
WELL_014,Delta-N-14,Niger Delta Onshore,1/12/2024,1628,14805,6.35,3,Active
WELL_014,Delta-N-14,Niger Delta Offshore,1/13/2024,1149,10317,6.37,6,Maintenance
WELL_014,Delta-N-14,Niger Delta Offshore,1/14/2024,1672,14934,6.39,0,Active
WELL_014,Delta-N-14,Niger Delta Onshore,1/15/2024,1666,14796,6.43,3,Active
WELL_014,Delta-N-14,Niger Delta Offshore,1/16/2024,1607,14849,6.47,1,Active
WELL_014,Delta-N-14,Niger Delta Offshore,1/17/2024,1602,14762,6.52,2,Active
WELL_014,Delta-N-14,Niger Delta Onshore,1/18/2024,421,2611,6.56,22,Failed
WELL_014,Delta-N-14,Niger Delta Onshore,1/19/2024,1597,14943,6.57,2,Active
WELL_014,Delta-N-14,Niger Delta Onshore,1/20/2024,1099,10444,6.59,7,Maintenance
WELL_014,Delta-N-14,Niger Delta Offshore,1/21/2024,1685,14876,6.62,1,Active
WELL_014,Delta-N-14,Niger Delta Onshore,1/22/2024,1673,14756,6.66,0,Active
WELL_014,Delta-N-14,Niger Delta Onshore,1/23/2024,1649,14817,6.68,2,Active
WELL_014,Delta-N-14,Niger Delta Offshore,1/24/2024,1611,14771,6.73,0,Active
WELL_014,Delta-N-14,Niger Delta Onshore,1/25/2024,1619,14868,6.75,2,Active
WELL_014,Delta-N-14,Niger Delta Offshore,1/26/2024,1609,14869,6.78,1,Active
WELL_014,Delta-N-14,Niger Delta Onshore,1/27/2024,1601,14862,6.83,1,Active
WELL_014,Delta-N-14,Niger Delta Offshore,1/28/2024,1592,14799,6.85,1,Active
WELL_014,Delta-N-14,Niger Delta Onshore,1/29/2024,1639,14828,6.88,3,Active
WELL_014,Delta-N-14,Niger Delta Onshore,1/30/2024,1672,14884,6.92,1,Active
WELL_014,Delta-N-14,Niger Delta Offshore,1/31/2024,1653,14843,6.94,1,Active
WELL_014,Delta-N-14,Niger Delta Offshore,2/1/2024,1623,14849,6.99,1,Active
WELL_014,Delta-N-14,Niger Delta Onshore,2/2/2024,1675,14847,7.01,1,Active
WELL_014,Delta-N-14,Niger Delta Offshore,2/3/2024,483,869,7.04,22,Failed
WELL_014,Delta-N-14,Niger Delta Onshore,2/4/2024,1660,14845,7.07,1,Active
WELL_014,Delta-N-14,Niger Delta Onshore,2/5/2024,1603,14882,7.1,3,Active
WELL_014,Delta-N-14,Niger Delta Offshore,2/6/2024,1623,14800,7.12,3,Active
WELL_014,Delta-N-14,Niger Delta Onshore,2/7/2024,1635,14878,7.16,0,Active
WELL_014,Delta-N-14,Niger Delta Offshore,2/8/2024,1671,14716,7.17,2,Active
WELL_014,Delta-N-14,Niger Delta Offshore,2/9/2024,1665,14737,7.21,2,Active
WELL_014,Delta-N-14,Niger Delta Offshore,2/10/2024,1658,14893,7.24,1,Active
WELL_014,Delta-N-14,Niger Delta Offshore,2/11/2024,1591,14860,7.25,1,Active
WELL_014,Delta-N-14,Niger Delta Offshore,2/12/2024,1135,10322,7.29,4,Maintenance
WELL_014,Delta-N-14,Niger Delta Onshore,2/13/2024,1619,14881,7.32,1,Active
WELL_014,Delta-N-14,Niger Delta Onshore,2/14/2024,1656,14772,7.36,0,Active
WELL_014,Delta-N-14,Niger Delta Onshore,2/15/2024,1133,10355,7.37,9,Maintenance
WELL_014,Delta-N-14,Niger Delta Onshore,2/16/2024,1667,14751,7.41,2,Active
WELL_014,Delta-N-14,Niger Delta Onshore,2/17/2024,1590,14872,7.46,3,Active
WELL_014,Delta-N-14,Niger Delta Onshore,2/18/2024,1609,14763,7.5,3,Active
WELL_014,Delta-N-14,Niger Delta Offshore,2/19/2024,1653,14886,7.54,1,Active
WELL_014,Delta-N-14,Niger Delta Offshore,2/20/2024,1632,14710,7.57,0,Active
WELL_014,Delta-N-14,Niger Delta Onshore,2/21/2024,1631,14750,7.61,3,Active
WELL_014,Delta-N-14,Niger Delta Offshore,2/22/2024,1609,14781,7.62,1,Active
WELL_014,Delta-N-14,Niger Delta Onshore,2/23/2024,1618,14735,7.65,3,Active
WELL_014,Delta-N-14,Niger Delta Offshore,2/24/2024,1591,14746,7.66,1,Active
WELL_014,Delta-N-14,Niger Delta Onshore,2/25/2024,1575,14829,7.71,1,Active
WELL_014,Delta-N-14,Niger Delta Offshore,2/26/2024,1665,14802,7.74,0,Active
WELL_014,Delta-N-14,Niger Delta Offshore,2/27/2024,1591,14818,7.76,3,Active
WELL_014,Delta-N-14,Niger Delta Offshore,2/28/2024,423,2105,7.81,18,Failed
WELL_014,Delta-N-14,Niger Delta Offshore,2/29/2024,1638,14826,7.82,3,Active
WELL_014,Delta-N-14,Niger Delta Offshore,3/1/2024,1585,14801,7.85,1,Active
WELL_014,Delta-N-14,Niger Delta Onshore,3/2/2024,1636,14828,7.87,2,Active
WELL_014,Delta-N-14,Niger Delta Onshore,3/3/2024,489,2474,7.91,18,Failed
WELL_014,Delta-N-14,Niger Delta Onshore,3/4/2024,1625,14685,7.96,3,Active
WELL_014,Delta-N-14,Niger Delta Offshore,3/5/2024,1610,14713,7.97,0,Active
WELL_014,Delta-N-14,Niger Delta Onshore,3/6/2024,1610,14838,7.99,1,Active
WELL_014,Delta-N-14,Niger Delta Offshore,3/7/2024,89,3614,8.02,15,Failed
WELL_014,Delta-N-14,Niger Delta Onshore,3/8/2024,191,3282,8.07,12,Failed
WELL_014,Delta-N-14,Niger Delta Offshore,3/9/2024,1581,14711,8.08,2,Active
WELL_014,Delta-N-14,Niger Delta Onshore,3/10/2024,1626,14739,8.12,3,Active
WELL_014,Delta-N-14,Niger Delta Offshore,3/11/2024,1612,14778,8.16,3,Active
WELL_014,Delta-N-14,Niger Delta Onshore,3/12/2024,160,2187,8.2,11,Failed
WELL_014,Delta-N-14,Niger Delta Offshore,3/13/2024,1643,14725,8.23,0,Active
WELL_014,Delta-N-14,Niger Delta Onshore,3/14/2024,1147,10323,8.25,7,Maintenance
WELL_014,Delta-N-14,Niger Delta Onshore,3/15/2024,1572,14646,8.27,0,Active
WELL_014,Delta-N-14,Niger Delta Onshore,3/16/2024,1605,14663,8.29,1,Active
WELL_014,Delta-N-14,Niger Delta Onshore,3/17/2024,111,3677,8.32,20,Failed
WELL_014,Delta-N-14,Niger Delta Onshore,3/18/2024,1593,14707,8.34,2,Active
WELL_014,Delta-N-14,Niger Delta Offshore,3/19/2024,1614,14731,8.36,3,Active
WELL_014,Delta-N-14,Niger Delta Offshore,3/20/2024,41,4451,8.38,15,Failed
WELL_014,Delta-N-14,Niger Delta Onshore,3/21/2024,1642,14691,8.39,3,Active
WELL_014,Delta-N-14,Niger Delta Offshore,3/22/2024,352,2019,8.42,17,Failed
WELL_014,Delta-N-14,Niger Delta Offshore,3/23/2024,1616,14636,8.47,1,Active
WELL_014,Delta-N-14,Niger Delta Offshore,3/24/2024,1557,14663,8.51,3,Active
WELL_014,Delta-N-14,Niger Delta Offshore,3/25/2024,1566,14684,8.55,0,Active
WELL_014,Delta-N-14,Niger Delta Offshore,3/26/2024,1113,10235,8.58,8,Maintenance
WELL_014,Delta-N-14,Niger Delta Offshore,3/27/2024,1577,14688,8.63,1,Active
WELL_014,Delta-N-14,Niger Delta Onshore,3/28/2024,1576,14750,8.67,2,Active
WELL_014,Delta-N-14,Niger Delta Offshore,3/29/2024,1565,14743,8.7,1,Active
WELL_014,Delta-N-14,Niger Delta Offshore,3/30/2024,1630,14806,8.72,3,Active
WELL_014,Delta-N-14,Niger Delta Onshore,3/31/2024,1119,10340,8.76,8,Maintenance
WELL_014,Delta-N-14,Niger Delta Onshore,4/1/2024,1618,14632,8.78,3,Active
WELL_014,Delta-N-14,Niger Delta Onshore,4/2/2024,1594,14641,8.81,0,Active
WELL_014,Delta-N-14,Niger Delta Offshore,4/3/2024,1548,14775,8.84,1,Active
WELL_014,Delta-N-14,Niger Delta Onshore,4/4/2024,318,823,8.87,23,Failed
WELL_014,Delta-N-14,Niger Delta Onshore,4/5/2024,1617,14749,8.92,2,Active
WELL_014,Delta-N-14,Niger Delta Onshore,4/6/2024,1579,14717,8.96,2,Active
WELL_014,Delta-N-14,Niger Delta Offshore,4/7/2024,1616,14776,8.97,0,Active
WELL_014,Delta-N-14,Niger Delta Onshore,4/8/2024,1631,14782,8.99,0,Active
WELL_014,Delta-N-14,Niger Delta Offshore,4/9/2024,1567,14697,9,2,Active
WELL_014,Delta-N-14,Niger Delta Offshore,4/10/2024,1562,14658,9.04,1,Active
WELL_014,Delta-N-14,Niger Delta Offshore,4/11/2024,1545,14673,9.06,2,Active
WELL_014,Delta-N-14,Niger Delta Onshore,4/12/2024,1071,10249,9.09,9,Maintenance
WELL_014,Delta-N-14,Niger Delta Offshore,4/13/2024,1535,14735,9.14,1,Active
WELL_014,Delta-N-14,Niger Delta Onshore,4/14/2024,1579,14655,9.15,3,Active
WELL_014,Delta-N-14,Niger Delta Onshore,4/15/2024,1553,14702,9.19,0,Active
WELL_014,Delta-N-14,Niger Delta Onshore,4/16/2024,136,3840,9.23,13,Failed
WELL_014,Delta-N-14,Niger Delta Onshore,4/17/2024,1601,14622,9.25,1,Active
WELL_014,Delta-N-14,Niger Delta Onshore,4/18/2024,1563,14758,9.28,0,Active
WELL_014,Delta-N-14,Niger Delta Offshore,4/19/2024,1031,10277,9.31,7,Maintenance
WELL_014,Delta-N-14,Niger Delta Onshore,4/20/2024,1567,14608,9.36,2,Active
WELL_014,Delta-N-14,Niger Delta Offshore,4/21/2024,1558,14715,9.38,2,Active
WELL_014,Delta-N-14,Niger Delta Offshore,4/22/2024,1573,14580,9.43,0,Active
WELL_014,Delta-N-14,Niger Delta Onshore,4/23/2024,1052,10137,9.44,8,Maintenance
WELL_014,Delta-N-14,Niger Delta Offshore,4/24/2024,186,3745,9.46,18,Failed
WELL_014,Delta-N-14,Niger Delta Offshore,4/25/2024,1565,14562,9.51,1,Active
WELL_014,Delta-N-14,Niger Delta Offshore,4/26/2024,1612,14568,9.52,2,Active
WELL_014,Delta-N-14,Niger Delta Offshore,4/27/2024,317,4014,9.54,20,Failed
WELL_014,Delta-N-14,Niger Delta Onshore,4/28/2024,1525,14695,9.56,1,Active
WELL_014,Delta-N-14,Niger Delta Onshore,4/29/2024,1529,14608,9.61,1,Active
WELL_014,Delta-N-14,Niger Delta Offshore,4/30/2024,1115,10130,9.64,9,Maintenance
WELL_014,Delta-N-14,Niger Delta Onshore,5/1/2024,1065,10152,9.67,7,Maintenance
WELL_014,Delta-N-14,Niger Delta Onshore,5/2/2024,54,84,9.71,14,Failed
WELL_014,Delta-N-14,Niger Delta Onshore,5/3/2024,1053,10184,9.74,7,Maintenance
WELL_014,Delta-N-14,Niger Delta Onshore,5/4/2024,1534,14619,9.78,0,Active
WELL_014,Delta-N-14,Niger Delta Offshore,5/5/2024,1111,10190,9.8,6,Maintenance
WELL_014,Delta-N-14,Niger Delta Onshore,5/6/2024,1512,14679,9.81,2,Active
WELL_014,Delta-N-14,Niger Delta Offshore,5/7/2024,1071,10086,9.86,8,Maintenance
WELL_014,Delta-N-14,Niger Delta Onshore,5/8/2024,1526,14674,9.88,0,Active
WELL_014,Delta-N-14,Niger Delta Onshore,5/9/2024,1068,10239,9.92,4,Maintenance
WELL_014,Delta-N-14,Niger Delta Onshore,5/10/2024,1560,14529,9.93,1,Active
WELL_014,Delta-N-14,Niger Delta Offshore,5/11/2024,1099,10226,9.97,6,Maintenance
WELL_014,Delta-N-14,Niger Delta Offshore,5/12/2024,1548,14537,10,3,Active
WELL_014,Delta-N-14,Niger Delta Onshore,5/13/2024,1592,14533,10.04,1,Active
WELL_014,Delta-N-14,Niger Delta Onshore,5/14/2024,1544,14526,10.08,3,Active
WELL_014,Delta-N-14,Niger Delta Offshore,5/15/2024,1572,14564,10.09,2,Active
WELL_014,Delta-N-14,Niger Delta Onshore,5/16/2024,1561,14662,10.11,2,Active
WELL_014,Delta-N-14,Niger Delta Onshore,5/17/2024,1029,10232,10.15,5,Maintenance
WELL_014,Delta-N-14,Niger Delta Onshore,5/18/2024,309,2935,10.17,13,Failed
WELL_014,Delta-N-14,Niger Delta Onshore,5/19/2024,1541,14529,10.21,1,Active
WELL_014,Delta-N-14,Niger Delta Offshore,5/20/2024,1091,10193,10.24,6,Maintenance
WELL_014,Delta-N-14,Niger Delta Offshore,5/21/2024,1576,14686,10.29,2,Active
WELL_014,Delta-N-14,Niger Delta Onshore,5/22/2024,1525,14601,10.34,3,Active
WELL_014,Delta-N-14,Niger Delta Offshore,5/23/2024,1006,10066,10.36,4,Maintenance
WELL_014,Delta-N-14,Niger Delta Onshore,5/24/2024,1577,14609,10.38,2,Active
WELL_014,Delta-N-14,Niger Delta Onshore,5/25/2024,1520,14591,10.39,3,Active
WELL_014,Delta-N-14,Niger Delta Onshore,5/26/2024,1556,14678,10.42,2,Active
WELL_014,Delta-N-14,Niger Delta Offshore,5/27/2024,1515,14647,10.47,3,Active
WELL_014,Delta-N-14,Niger Delta Offshore,5/28/2024,1540,14683,10.49,2,Active
WELL_014,Delta-N-14,Niger Delta Onshore,5/29/2024,1525,14672,10.52,3,Active
WELL_014,Delta-N-14,Niger Delta Offshore,5/30/2024,1512,14592,10.55,0,Active
WELL_014,Delta-N-14,Niger Delta Offshore,5/31/2024,443,2024,10.57,18,Failed
WELL_014,Delta-N-14,Niger Delta Offshore,6/1/2024,475,503,10.58,17,Failed
WELL_014,Delta-N-14,Niger Delta Offshore,6/2/2024,1039,10145,10.63,6,Maintenance
WELL_014,Delta-N-14,Niger Delta Offshore,6/3/2024,1533,14615,10.67,1,Active
WELL_014,Delta-N-14,Niger Delta Onshore,6/4/2024,1583,14537,10.7,0,Active
WELL_014,Delta-N-14,Niger Delta Offshore,6/5/2024,1044,10191,10.73,8,Maintenance
WELL_014,Delta-N-14,Niger Delta Onshore,6/6/2024,1573,14626,10.75,3,Active
WELL_014,Delta-N-14,Niger Delta Onshore,6/7/2024,1573,14534,10.78,2,Active
WELL_014,Delta-N-14,Niger Delta Offshore,6/8/2024,1555,14533,10.8,0,Active
WELL_014,Delta-N-14,Niger Delta Offshore,6/9/2024,1488,14660,10.84,0,Active
WELL_014,Delta-N-14,Niger Delta Offshore,6/10/2024,1548,14610,10.89,0,Active
WELL_014,Delta-N-14,Niger Delta Offshore,6/11/2024,436,4309,10.9,19,Failed
WELL_014,Delta-N-14,Niger Delta Onshore,6/12/2024,1068,10058,10.93,8,Maintenance
WELL_014,Delta-N-14,Niger Delta Offshore,6/13/2024,1507,14520,10.95,1,Active
WELL_014,Delta-N-14,Niger Delta Onshore,6/14/2024,1498,14464,10.99,3,Active
WELL_014,Delta-N-14,Niger Delta Offshore,6/15/2024,1498,14484,11.01,0,Active
WELL_014,Delta-N-14,Niger Delta Onshore,6/16/2024,1535,14557,11.05,3,Active
WELL_014,Delta-N-14,Niger Delta Offshore,6/17/2024,1521,14645,11.06,1,Active
WELL_014,Delta-N-14,Niger Delta Offshore,6/18/2024,1553,14564,11.08,0,Active
WELL_014,Delta-N-14,Niger Delta Onshore,6/19/2024,1544,14602,11.11,3,Active
WELL_014,Delta-N-14,Niger Delta Onshore,6/20/2024,1534,14640,11.13,1,Active
WELL_014,Delta-N-14,Niger Delta Onshore,6/21/2024,1525,14549,11.17,3,Active
WELL_014,Delta-N-14,Niger Delta Onshore,6/22/2024,1515,14546,11.2,1,Active
WELL_014,Delta-N-14,Niger Delta Offshore,6/23/2024,1542,14504,11.24,3,Active
WELL_014,Delta-N-14,Niger Delta Onshore,6/24/2024,977,10036,11.29,5,Maintenance
WELL_014,Delta-N-14,Niger Delta Offshore,6/25/2024,1565,14592,11.3,2,Active
WELL_014,Delta-N-14,Niger Delta Onshore,6/26/2024,985,10114,11.33,9,Maintenance
WELL_014,Delta-N-14,Niger Delta Onshore,6/27/2024,1477,14472,11.38,2,Active
WELL_014,Delta-N-14,Niger Delta Onshore,6/28/2024,1481,14564,11.4,3,Active
WELL_014,Delta-N-14,Niger Delta Onshore,6/29/2024,1517,14498,11.44,1,Active
WELL_014,Delta-N-14,Niger Delta Onshore,6/30/2024,1495,14548,11.47,0,Active
WELL_014,Delta-N-14,Niger Delta Offshore,7/1/2024,1501,14494,11.51,2,Active
WELL_014,Delta-N-14,Niger Delta Offshore,7/2/2024,1508,14598,11.53,0,Active
WELL_014,Delta-N-14,Niger Delta Onshore,7/3/2024,989,10043,11.57,6,Maintenance
WELL_014,Delta-N-14,Niger Delta Onshore,7/4/2024,1486,14616,11.59,2,Active
WELL_014,Delta-N-14,Niger Delta Onshore,7/5/2024,978,10055,11.6,5,Maintenance
WELL_014,Delta-N-14,Niger Delta Offshore,7/6/2024,1538,14581,11.62,0,Active
WELL_014,Delta-N-14,Niger Delta Onshore,7/7/2024,978,10112,11.64,8,Maintenance
WELL_014,Delta-N-14,Niger Delta Onshore,7/8/2024,225,4269,11.66,20,Failed
WELL_014,Delta-N-14,Niger Delta Onshore,7/9/2024,1476,14493,11.69,0,Active
WELL_014,Delta-N-14,Niger Delta Offshore,7/10/2024,1511,14453,11.7,3,Active
WELL_014,Delta-N-14,Niger Delta Onshore,7/11/2024,1503,14538,11.73,3,Active
WELL_014,Delta-N-14,Niger Delta Onshore,7/12/2024,1500,14512,11.78,0,Active
WELL_014,Delta-N-14,Niger Delta Offshore,7/13/2024,1536,14577,11.8,1,Active
WELL_014,Delta-N-14,Niger Delta Offshore,7/14/2024,1535,14451,11.84,0,Active
WELL_014,Delta-N-14,Niger Delta Offshore,7/15/2024,1529,14468,11.88,0,Active
WELL_014,Delta-N-14,Niger Delta Offshore,7/16/2024,270,2667,11.93,22,Failed
WELL_014,Delta-N-14,Niger Delta Offshore,7/17/2024,226,221,11.96,21,Failed
WELL_014,Delta-N-14,Niger Delta Offshore,7/18/2024,1472,14422,11.98,3,Active
WELL_014,Delta-N-14,Niger Delta Onshore,7/19/2024,1519,14451,12,1,Active
WELL_014,Delta-N-14,Niger Delta Offshore,7/20/2024,1471,14478,12.05,1,Active
WELL_014,Delta-N-14,Niger Delta Offshore,7/21/2024,374,1583,12.07,18,Failed
WELL_014,Delta-N-14,Niger Delta Offshore,7/22/2024,1500,14549,12.08,2,Active
WELL_014,Delta-N-14,Niger Delta Offshore,7/23/2024,1501,14505,12.12,2,Active
WELL_014,Delta-N-14,Niger Delta Onshore,7/24/2024,6,1111,12.14,12,Failed
WELL_014,Delta-N-14,Niger Delta Offshore,7/25/2024,1515,14482,12.17,2,Active
WELL_014,Delta-N-14,Niger Delta Onshore,7/26/2024,1026,10005,12.21,6,Maintenance
WELL_014,Delta-N-14,Niger Delta Onshore,7/27/2024,976,9928,12.25,6,Maintenance
WELL_014,Delta-N-14,Niger Delta Onshore,7/28/2024,1516,14387,12.28,3,Active
WELL_014,Delta-N-14,Niger Delta Offshore,7/29/2024,955,10084,12.33,4,Maintenance
WELL_014,Delta-N-14,Niger Delta Offshore,7/30/2024,1466,14549,12.35,3,Active
WELL_014,Delta-N-14,Niger Delta Offshore,7/31/2024,1529,14542,12.38,0,Active
WELL_014,Delta-N-14,Niger Delta Onshore,8/1/2024,1527,14384,12.41,1,Active
WELL_014,Delta-N-14,Niger Delta Onshore,8/2/2024,1505,14489,12.44,0,Active
WELL_014,Delta-N-14,Niger Delta Onshore,8/3/2024,1535,14469,12.47,1,Active
WELL_014,Delta-N-14,Niger Delta Onshore,8/4/2024,1512,14386,12.52,3,Active
WELL_014,Delta-N-14,Niger Delta Offshore,8/5/2024,1492,14535,12.55,1,Active
WELL_014,Delta-N-14,Niger Delta Onshore,8/6/2024,1481,14405,12.59,1,Active
WELL_014,Delta-N-14,Niger Delta Offshore,8/7/2024,1491,14421,12.62,2,Active
WELL_014,Delta-N-14,Niger Delta Offshore,8/8/2024,1487,14469,12.64,0,Active
WELL_014,Delta-N-14,Niger Delta Onshore,8/9/2024,1510,14432,12.67,1,Active
WELL_014,Delta-N-14,Niger Delta Offshore,8/10/2024,1021,9879,12.69,5,Maintenance
WELL_014,Delta-N-14,Niger Delta Onshore,8/11/2024,1497,14532,12.73,2,Active
WELL_014,Delta-N-14,Niger Delta Offshore,8/12/2024,1436,14472,12.76,1,Active
WELL_014,Delta-N-14,Niger Delta Offshore,8/13/2024,1474,14481,12.8,2,Active
WELL_014,Delta-N-14,Niger Delta Onshore,8/14/2024,1472,14403,12.83,2,Active
WELL_014,Delta-N-14,Niger Delta Onshore,8/15/2024,136,1471,12.86,10,Failed
WELL_014,Delta-N-14,Niger Delta Offshore,8/16/2024,1445,14491,12.9,3,Active
WELL_014,Delta-N-14,Niger Delta Offshore,8/17/2024,1502,14392,12.93,0,Active
WELL_014,Delta-N-14,Niger Delta Onshore,8/18/2024,1437,14494,12.96,1,Active
WELL_014,Delta-N-14,Niger Delta Onshore,8/19/2024,1497,14390,12.98,1,Active
WELL_014,Delta-N-14,Niger Delta Onshore,8/20/2024,1426,14359,12.99,2,Active
WELL_014,Delta-N-14,Niger Delta Offshore,8/21/2024,967,9875,13.01,7,Maintenance
WELL_014,Delta-N-14,Niger Delta Onshore,8/22/2024,1508,14412,13.03,1,Active
WELL_014,Delta-N-14,Niger Delta Onshore,8/23/2024,1468,14426,13.08,1,Active
WELL_014,Delta-N-14,Niger Delta Onshore,8/24/2024,1476,14318,13.12,2,Active
WELL_014,Delta-N-14,Niger Delta Offshore,8/25/2024,1503,14362,13.15,2,Active
WELL_014,Delta-N-14,Niger Delta Offshore,8/26/2024,1514,14351,13.19,2,Active
WELL_014,Delta-N-14,Niger Delta Offshore,8/27/2024,1451,14413,13.21,2,Active
WELL_014,Delta-N-14,Niger Delta Onshore,8/28/2024,1490,14391,13.23,0,Active
WELL_014,Delta-N-14,Niger Delta Offshore,8/29/2024,1496,14317,13.26,1,Active
WELL_014,Delta-N-14,Niger Delta Offshore,8/30/2024,1442,14478,13.29,0,Active
WELL_014,Delta-N-14,Niger Delta Onshore,8/31/2024,1491,14321,13.33,2,Active
WELL_014,Delta-N-14,Niger Delta Onshore,9/1/2024,1424,14477,13.36,1,Active
WELL_014,Delta-N-14,Niger Delta Offshore,9/2/2024,1421,14327,13.41,2,Active
WELL_014,Delta-N-14,Niger Delta Onshore,9/3/2024,931,9987,13.42,5,Maintenance
WELL_014,Delta-N-14,Niger Delta Onshore,9/4/2024,985,9872,13.44,7,Maintenance
WELL_014,Delta-N-14,Niger Delta Offshore,9/5/2024,1431,14459,13.46,2,Active
WELL_014,Delta-N-14,Niger Delta Onshore,9/6/2024,1504,14360,13.5,1,Active
WELL_014,Delta-N-14,Niger Delta Offshore,9/7/2024,1440,14460,13.54,1,Active
WELL_014,Delta-N-14,Niger Delta Onshore,9/8/2024,1422,14410,13.59,0,Active
WELL_014,Delta-N-14,Niger Delta Onshore,9/9/2024,1497,14286,13.62,1,Active
WELL_014,Delta-N-14,Niger Delta Onshore,9/10/2024,1478,14469,13.63,1,Active
WELL_014,Delta-N-14,Niger Delta Onshore,9/11/2024,1499,14409,13.66,0,Active
WELL_014,Delta-N-14,Niger Delta Offshore,9/12/2024,217,57,13.68,20,Failed
WELL_014,Delta-N-14,Niger Delta Offshore,9/13/2024,1421,14375,13.7,0,Active
WELL_014,Delta-N-14,Niger Delta Onshore,9/14/2024,1428,14411,13.72,1,Active
WELL_014,Delta-N-14,Niger Delta Offshore,9/15/2024,1005,9807,13.75,6,Maintenance
WELL_014,Delta-N-14,Niger Delta Onshore,9/16/2024,1450,14446,13.77,1,Active
WELL_014,Delta-N-14,Niger Delta Onshore,9/17/2024,1476,14416,13.81,1,Active
WELL_014,Delta-N-14,Niger Delta Onshore,9/18/2024,1453,14278,13.83,1,Active
WELL_014,Delta-N-14,Niger Delta Offshore,9/19/2024,1415,14271,13.85,3,Active
WELL_014,Delta-N-14,Niger Delta Offshore,9/20/2024,1491,14382,13.87,0,Active
WELL_014,Delta-N-14,Niger Delta Onshore,9/21/2024,1464,14413,13.88,1,Active
WELL_014,Delta-N-14,Niger Delta Onshore,9/22/2024,1471,14388,13.92,2,Active
WELL_014,Delta-N-14,Niger Delta Offshore,9/23/2024,923,9966,13.97,4,Maintenance
WELL_014,Delta-N-14,Niger Delta Onshore,9/24/2024,1417,14422,13.99,3,Active
WELL_014,Delta-N-14,Niger Delta Offshore,9/25/2024,952,9816,14.02,7,Maintenance
WELL_014,Delta-N-14,Niger Delta Onshore,9/26/2024,1408,14440,14.06,2,Active
WELL_014,Delta-N-14,Niger Delta Onshore,9/27/2024,1448,14320,14.08,2,Active
WELL_014,Delta-N-14,Niger Delta Offshore,9/28/2024,1423,14355,14.11,2,Active
WELL_014,Delta-N-14,Niger Delta Onshore,9/29/2024,914,9975,14.14,4,Maintenance
WELL_014,Delta-N-14,Niger Delta Offshore,9/30/2024,1475,14352,14.19,2,Active
WELL_014,Delta-N-14,Niger Delta Offshore,10/1/2024,1406,14394,14.21,1,Active
WELL_014,Delta-N-14,Niger Delta Onshore,10/2/2024,1404,14289,14.23,1,Active
WELL_014,Delta-N-14,Niger Delta Onshore,10/3/2024,1480,14252,14.25,3,Active
WELL_014,Delta-N-14,Niger Delta Offshore,10/4/2024,923,9767,14.28,8,Maintenance
WELL_014,Delta-N-14,Niger Delta Offshore,10/5/2024,1445,14403,14.31,0,Active
WELL_014,Delta-N-14,Niger Delta Onshore,10/6/2024,1449,14332,14.32,3,Active
WELL_014,Delta-N-14,Niger Delta Offshore,10/7/2024,1404,14282,14.34,1,Active
WELL_014,Delta-N-14,Niger Delta Offshore,10/8/2024,185,3224,14.39,13,Failed
WELL_014,Delta-N-14,Niger Delta Offshore,10/9/2024,907,9916,14.42,6,Maintenance
WELL_014,Delta-N-14,Niger Delta Offshore,10/10/2024,1437,14296,14.44,1,Active
WELL_014,Delta-N-14,Niger Delta Offshore,10/11/2024,1477,14336,14.49,3,Active
WELL_014,Delta-N-14,Niger Delta Offshore,10/12/2024,1426,14294,14.51,1,Active
WELL_014,Delta-N-14,Niger Delta Onshore,10/13/2024,1386,14311,14.53,3,Active
WELL_014,Delta-N-14,Niger Delta Offshore,10/14/2024,1390,14347,14.57,1,Active
WELL_014,Delta-N-14,Niger Delta Offshore,10/15/2024,1420,14317,14.62,1,Active
WELL_014,Delta-N-14,Niger Delta Offshore,10/16/2024,1441,14344,14.67,2,Active
WELL_014,Delta-N-14,Niger Delta Offshore,10/17/2024,1419,14395,14.69,0,Active
WELL_014,Delta-N-14,Niger Delta Onshore,10/18/2024,1380,14306,14.7,2,Active
WELL_014,Delta-N-14,Niger Delta Onshore,10/19/2024,1429,14315,14.74,1,Active
WELL_014,Delta-N-14,Niger Delta Onshore,10/20/2024,1387,14380,14.76,3,Active
WELL_014,Delta-N-14,Niger Delta Onshore,10/21/2024,77,718,14.8,18,Failed
WELL_014,Delta-N-14,Niger Delta Onshore,10/22/2024,939,9794,14.83,4,Maintenance
WELL_014,Delta-N-14,Niger Delta Offshore,10/23/2024,1396,14383,14.88,1,Active
WELL_014,Delta-N-14,Niger Delta Onshore,10/24/2024,1429,14268,14.92,1,Active
WELL_014,Delta-N-14,Niger Delta Offshore,10/25/2024,1427,14244,14.96,3,Active
WELL_014,Delta-N-14,Niger Delta Onshore,10/26/2024,1416,14207,14.99,2,Active
WELL_014,Delta-N-14,Niger Delta Onshore,10/27/2024,202,1129,15.04,23,Failed
WELL_014,Delta-N-14,Niger Delta Onshore,10/28/2024,61,2383,15.07,18,Failed
WELL_014,Delta-N-14,Niger Delta Offshore,10/29/2024,1402,14236,15.1,1,Active
WELL_014,Delta-N-14,Niger Delta Onshore,10/30/2024,888,9914,15.14,7,Maintenance
WELL_014,Delta-N-14,Niger Delta Offshore,10/31/2024,1403,14260,15.15,2,Active
WELL_014,Delta-N-14,Niger Delta Offshore,11/1/2024,1456,14189,15.18,2,Active
WELL_014,Delta-N-14,Niger Delta Onshore,11/2/2024,1428,14362,15.22,3,Active
WELL_014,Delta-N-14,Niger Delta Onshore,11/3/2024,1435,14327,15.24,0,Active
WELL_014,Delta-N-14,Niger Delta Offshore,11/4/2024,1409,14314,15.27,1,Active
WELL_014,Delta-N-14,Niger Delta Offshore,11/5/2024,1401,14308,15.32,0,Active
WELL_014,Delta-N-14,Niger Delta Offshore,11/6/2024,1404,14270,15.35,0,Active
WELL_014,Delta-N-14,Niger Delta Onshore,11/7/2024,878,9746,15.39,8,Maintenance
WELL_014,Delta-N-14,Niger Delta Offshore,11/8/2024,1399,14172,15.43,2,Active
WELL_014,Delta-N-14,Niger Delta Offshore,11/9/2024,1447,14258,15.45,3,Active
WELL_014,Delta-N-14,Niger Delta Offshore,11/10/2024,1392,14291,15.47,3,Active
WELL_014,Delta-N-14,Niger Delta Onshore,11/11/2024,1363,14232,15.49,1,Active
WELL_014,Delta-N-14,Niger Delta Offshore,11/12/2024,1384,14285,15.53,2,Active
WELL_014,Delta-N-14,Niger Delta Onshore,11/13/2024,1440,14329,15.54,3,Active
WELL_014,Delta-N-14,Niger Delta Onshore,11/14/2024,1433,14152,15.56,0,Active
WELL_014,Delta-N-14,Niger Delta Offshore,11/15/2024,1369,14346,15.59,3,Active
WELL_014,Delta-N-14,Niger Delta Offshore,11/16/2024,1376,14171,15.6,2,Active
WELL_014,Delta-N-14,Niger Delta Offshore,11/17/2024,1392,14255,15.64,1,Active
WELL_014,Delta-N-14,Niger Delta Onshore,11/18/2024,1424,14271,15.67,3,Active
WELL_014,Delta-N-14,Niger Delta Offshore,11/19/2024,1387,14294,15.69,3,Active
WELL_014,Delta-N-14,Niger Delta Onshore,11/20/2024,944,9708,15.74,4,Maintenance
WELL_014,Delta-N-14,Niger Delta Onshore,11/21/2024,1441,14166,15.76,2,Active
WELL_014,Delta-N-14,Niger Delta Onshore,11/22/2024,1412,14228,15.81,0,Active
WELL_014,Delta-N-14,Niger Delta Onshore,11/23/2024,1436,14249,15.84,0,Active
WELL_014,Delta-N-14,Niger Delta Onshore,11/24/2024,1400,14272,15.87,2,Active
WELL_014,Delta-N-14,Niger Delta Onshore,11/25/2024,1443,14178,15.9,2,Active
WELL_014,Delta-N-14,Niger Delta Offshore,11/26/2024,858,9747,15.93,7,Maintenance
WELL_014,Delta-N-14,Niger Delta Onshore,11/27/2024,892,9705,15.98,8,Maintenance
WELL_014,Delta-N-14,Niger Delta Onshore,11/28/2024,887,9775,16,7,Maintenance
WELL_014,Delta-N-14,Niger Delta Offshore,11/29/2024,1382,14256,16.02,2,Active
WELL_014,Delta-N-14,Niger Delta Onshore,11/30/2024,1410,14310,16.04,0,Active
WELL_014,Delta-N-14,Niger Delta Onshore,12/1/2024,852,9711,16.06,4,Maintenance
WELL_014,Delta-N-14,Niger Delta Onshore,12/2/2024,1369,14291,16.08,1,Active
WELL_014,Delta-N-14,Niger Delta Onshore,12/3/2024,141,1750,16.11,12,Failed
WELL_014,Delta-N-14,Niger Delta Onshore,12/4/2024,1406,14273,16.14,2,Active
WELL_014,Delta-N-14,Niger Delta Onshore,12/5/2024,1390,14284,16.18,0,Active
WELL_014,Delta-N-14,Niger Delta Onshore,12/6/2024,1400,14240,16.21,2,Active
WELL_014,Delta-N-14,Niger Delta Offshore,12/7/2024,1364,14134,16.22,3,Active
WELL_014,Delta-N-14,Niger Delta Onshore,12/8/2024,927,9656,16.25,8,Maintenance
WELL_014,Delta-N-14,Niger Delta Offshore,12/9/2024,1424,14185,16.3,1,Active
WELL_014,Delta-N-14,Niger Delta Offshore,12/10/2024,1394,14210,16.31,3,Active
WELL_014,Delta-N-14,Niger Delta Onshore,12/11/2024,1430,14155,16.34,1,Active
WELL_014,Delta-N-14,Niger Delta Onshore,12/12/2024,1352,14222,16.37,1,Active
WELL_014,Delta-N-14,Niger Delta Offshore,12/13/2024,1346,14151,16.42,2,Active
WELL_014,Delta-N-14,Niger Delta Offshore,12/14/2024,1388,14183,16.46,1,Active
WELL_014,Delta-N-14,Niger Delta Onshore,12/15/2024,1403,14161,16.49,2,Active
WELL_014,Delta-N-14,Niger Delta Onshore,12/16/2024,924,9657,16.53,8,Maintenance
WELL_014,Delta-N-14,Niger Delta Offshore,12/17/2024,100,630,16.57,23,Failed
WELL_014,Delta-N-14,Niger Delta Offshore,12/18/2024,1362,14128,16.6,2,Active
WELL_014,Delta-N-14,Niger Delta Onshore,12/19/2024,1358,14222,16.65,2,Active
WELL_014,Delta-N-14,Niger Delta Offshore,12/20/2024,1344,14227,16.69,2,Active
WELL_014,Delta-N-14,Niger Delta Offshore,12/21/2024,202,2228,16.71,19,Failed
WELL_014,Delta-N-14,Niger Delta Offshore,12/22/2024,907,9774,16.76,7,Maintenance
WELL_014,Delta-N-14,Niger Delta Offshore,12/23/2024,1331,14197,16.77,0,Active
WELL_014,Delta-N-14,Niger Delta Onshore,12/24/2024,1334,14194,16.81,1,Active
WELL_014,Delta-N-14,Niger Delta Offshore,12/25/2024,1328,14181,16.85,0,Active
WELL_014,Delta-N-14,Niger Delta Offshore,12/26/2024,1395,14089,16.87,1,Active
WELL_014,Delta-N-14,Niger Delta Offshore,12/27/2024,1417,14233,16.9,1,Active
WELL_014,Delta-N-14,Niger Delta Onshore,12/28/2024,1359,14165,16.94,2,Active
WELL_014,Delta-N-14,Niger Delta Onshore,12/29/2024,1378,14214,16.97,1,Active
WELL_014,Delta-N-14,Niger Delta Offshore,12/30/2024,1380,14163,16.99,3,Active
WELL_014,Delta-N-14,Niger Delta Onshore,12/31/2024,1344,14111,17.03,2,Active
WELL_014,Delta-N-14,Niger Delta Offshore,1/1/2025,392,2894,17.07,21,Failed
WELL_014,Delta-N-14,Niger Delta Onshore,1/2/2025,1365,14160,17.1,2,Active
WELL_014,Delta-N-14,Niger Delta Onshore,1/3/2025,1380,14109,17.13,1,Active
WELL_014,Delta-N-14,Niger Delta Onshore,1/4/2025,1387,14118,17.16,1,Active
WELL_014,Delta-N-14,Niger Delta Onshore,1/5/2025,1329,14222,17.18,2,Active
WELL_014,Delta-N-14,Niger Delta Offshore,1/6/2025,1333,14102,17.22,2,Active
WELL_014,Delta-N-14,Niger Delta Offshore,1/7/2025,277,4172,17.26,22,Failed
WELL_014,Delta-N-14,Niger Delta Onshore,1/8/2025,1368,14174,17.31,2,Active
WELL_014,Delta-N-14,Niger Delta Onshore,1/9/2025,1375,14232,17.35,0,Active
WELL_014,Delta-N-14,Niger Delta Offshore,1/10/2025,1408,14228,17.38,1,Active
WELL_014,Delta-N-14,Niger Delta Offshore,1/11/2025,1350,14157,17.42,2,Active
WELL_014,Delta-N-14,Niger Delta Onshore,1/12/2025,1364,14169,17.45,3,Active
WELL_014,Delta-N-14,Niger Delta Onshore,1/13/2025,823,9695,17.49,9,Maintenance
WELL_014,Delta-N-14,Niger Delta Offshore,1/14/2025,487,1157,17.54,15,Failed
WELL_014,Delta-N-14,Niger Delta Onshore,1/15/2025,1357,14183,17.58,0,Active
WELL_014,Delta-N-14,Niger Delta Offshore,1/16/2025,1349,14200,17.63,0,Active
WELL_014,Delta-N-14,Niger Delta Offshore,1/17/2025,1341,14214,17.68,0,Active
WELL_014,Delta-N-14,Niger Delta Onshore,1/18/2025,1309,14046,17.73,2,Active
WELL_014,Delta-N-14,Niger Delta Offshore,1/19/2025,1393,14113,17.77,2,Active
WELL_014,Delta-N-14,Niger Delta Onshore,1/20/2025,1368,14072,17.79,0,Active
WELL_014,Delta-N-14,Niger Delta Offshore,1/21/2025,1322,14016,17.81,3,Active
WELL_014,Delta-N-14,Niger Delta Onshore,1/22/2025,1388,14095,17.85,2,Active
WELL_014,Delta-N-14,Niger Delta Offshore,1/23/2025,1352,14139,17.86,2,Active
WELL_014,Delta-N-14,Niger Delta Offshore,1/24/2025,846,9543,17.89,6,Maintenance
WELL_014,Delta-N-14,Niger Delta Onshore,1/25/2025,1309,14197,17.92,3,Active
WELL_014,Delta-N-14,Niger Delta Onshore,1/26/2025,1339,14159,17.94,1,Active
WELL_014,Delta-N-14,Niger Delta Offshore,1/27/2025,105,1776,17.97,13,Failed
WELL_014,Delta-N-14,Niger Delta Onshore,1/28/2025,1298,14040,18.01,0,Active
WELL_014,Delta-N-14,Niger Delta Onshore,1/29/2025,818,9722,18.03,8,Maintenance
WELL_014,Delta-N-14,Niger Delta Offshore,1/30/2025,1356,14040,18.05,1,Active
WELL_014,Delta-N-14,Niger Delta Onshore,1/31/2025,1327,14103,18.09,1,Active
WELL_014,Delta-N-14,Niger Delta Onshore,2/1/2025,802,9615,18.11,5,Maintenance
WELL_014,Delta-N-14,Niger Delta Offshore,2/2/2025,1306,14147,18.15,2,Active
WELL_014,Delta-N-14,Niger Delta Onshore,2/3/2025,1311,14166,18.18,0,Active
WELL_014,Delta-N-14,Niger Delta Onshore,2/4/2025,1304,14049,18.19,3,Active
WELL_014,Delta-N-14,Niger Delta Onshore,2/5/2025,1342,14167,18.23,0,Active
WELL_014,Delta-N-14,Niger Delta Onshore,2/6/2025,1379,14179,18.25,3,Active
WELL_014,Delta-N-14,Niger Delta Offshore,2/7/2025,1345,14163,18.27,2,Active
WELL_014,Delta-N-14,Niger Delta Onshore,2/8/2025,1326,14178,18.29,0,Active
WELL_014,Delta-N-14,Niger Delta Onshore,2/9/2025,114,1258,18.32,11,Failed
WELL_014,Delta-N-14,Niger Delta Offshore,2/10/2025,1289,14172,18.33,1,Active
WELL_014,Delta-N-14,Niger Delta Offshore,2/11/2025,1330,14122,18.36,1,Active
WELL_014,Delta-N-14,Niger Delta Offshore,2/12/2025,823,9577,18.38,8,Maintenance
WELL_014,Delta-N-14,Niger Delta Onshore,2/13/2025,1318,14103,18.41,2,Active
WELL_014,Delta-N-14,Niger Delta Onshore,2/14/2025,1306,14158,18.45,0,Active
WELL_014,Delta-N-14,Niger Delta Onshore,2/15/2025,243,502,18.5,17,Failed
WELL_014,Delta-N-14,Niger Delta Offshore,2/16/2025,1311,14022,18.52,0,Active
WELL_014,Delta-N-14,Niger Delta Offshore,2/17/2025,794,9549,18.57,4,Maintenance
WELL_014,Delta-N-14,Niger Delta Offshore,2/18/2025,1362,14108,18.58,3,Active
WELL_014,Delta-N-14,Niger Delta Offshore,2/19/2025,1362,14083,18.62,2,Active
WELL_014,Delta-N-14,Niger Delta Offshore,2/20/2025,1356,13995,18.64,3,Active
WELL_014,Delta-N-14,Niger Delta Onshore,2/21/2025,873,9625,18.66,8,Maintenance
WELL_014,Delta-N-14,Niger Delta Offshore,2/22/2025,1361,14150,18.69,3,Active
WELL_014,Delta-N-14,Niger Delta Onshore,2/23/2025,1299,14124,18.72,2,Active
WELL_014,Delta-N-14,Niger Delta Onshore,2/24/2025,872,9670,18.74,4,Maintenance
WELL_014,Delta-N-14,Niger Delta Offshore,2/25/2025,1313,14028,18.79,1,Active
WELL_014,Delta-N-14,Niger Delta Onshore,2/26/2025,1338,14058,18.84,0,Active
WELL_014,Delta-N-14,Niger Delta Onshore,2/27/2025,1356,14045,18.89,1,Active
WELL_014,Delta-N-14,Niger Delta Offshore,2/28/2025,1356,14043,18.91,1,Active
WELL_014,Delta-N-14,Niger Delta Offshore,3/1/2025,845,9607,18.96,8,Maintenance
WELL_014,Delta-N-14,Niger Delta Onshore,3/2/2025,1275,13952,19,3,Active
WELL_014,Delta-N-14,Niger Delta Offshore,3/3/2025,1337,14016,19.05,0,Active
WELL_014,Delta-N-14,Niger Delta Offshore,3/4/2025,1329,13998,19.09,2,Active
WELL_014,Delta-N-14,Niger Delta Onshore,3/5/2025,1288,14050,19.14,2,Active
WELL_014,Delta-N-14,Niger Delta Offshore,3/6/2025,1274,14007,19.19,2,Active
WELL_014,Delta-N-14,Niger Delta Offshore,3/7/2025,1270,14115,19.21,1,Active
WELL_014,Delta-N-14,Niger Delta Offshore,3/8/2025,1278,14071,19.25,3,Active
WELL_014,Delta-N-14,Niger Delta Onshore,3/9/2025,1326,14095,19.28,1,Active
WELL_014,Delta-N-14,Niger Delta Onshore,3/10/2025,1321,14031,19.32,1,Active
WELL_014,Delta-N-14,Niger Delta Onshore,3/11/2025,1321,13923,19.36,2,Active
WELL_014,Delta-N-14,Niger Delta Offshore,3/12/2025,1352,13919,19.38,3,Active
WELL_014,Delta-N-14,Niger Delta Onshore,3/13/2025,831,9465,19.4,8,Maintenance
WELL_014,Delta-N-14,Niger Delta Onshore,3/14/2025,1330,13990,19.43,3,Active
WELL_014,Delta-N-14,Niger Delta Onshore,3/15/2025,1341,13986,19.45,2,Active
WELL_014,Delta-N-14,Niger Delta Onshore,3/16/2025,460,531,19.48,22,Failed
WELL_014,Delta-N-14,Niger Delta Onshore,3/17/2025,817,9490,19.5,6,Maintenance
WELL_014,Delta-N-14,Niger Delta Onshore,3/18/2025,1297,14005,19.54,0,Active
WELL_014,Delta-N-14,Niger Delta Offshore,3/19/2025,1286,14003,19.55,1,Active
WELL_014,Delta-N-14,Niger Delta Onshore,3/20/2025,1281,14068,19.58,0,Active
WELL_014,Delta-N-14,Niger Delta Offshore,3/21/2025,1270,14027,19.61,3,Active
WELL_014,Delta-N-14,Niger Delta Offshore,3/22/2025,771,9527,19.63,8,Maintenance
WELL_014,Delta-N-14,Niger Delta Offshore,3/23/2025,1306,14032,19.64,2,Active
WELL_014,Delta-N-14,Niger Delta Onshore,3/24/2025,1321,13957,19.65,3,Active
WELL_014,Delta-N-14,Niger Delta Onshore,3/25/2025,1324,13962,19.69,3,Active
WELL_014,Delta-N-14,Niger Delta Offshore,3/26/2025,1349,14083,19.7,0,Active
WELL_014,Delta-N-14,Niger Delta Onshore,3/27/2025,809,9538,19.74,8,Maintenance
WELL_014,Delta-N-14,Niger Delta Offshore,3/28/2025,1297,13998,19.77,2,Active
WELL_014,Delta-N-14,Niger Delta Offshore,3/29/2025,801,9437,19.81,5,Maintenance
WELL_014,Delta-N-14,Niger Delta Offshore,3/30/2025,1276,13916,19.83,2,Active
WELL_014,Delta-N-14,Niger Delta Onshore,3/31/2025,815,9570,19.85,7,Maintenance
WELL_014,Delta-N-14,Niger Delta Offshore,4/1/2025,1324,13980,19.87,3,Active
WELL_014,Delta-N-14,Niger Delta Onshore,4/2/2025,772,9424,19.9,8,Maintenance
WELL_014,Delta-N-14,Niger Delta Onshore,4/3/2025,1268,14046,19.91,0,Active
WELL_014,Delta-N-14,Niger Delta Offshore,4/4/2025,838,9529,19.93,8,Maintenance
WELL_014,Delta-N-14,Niger Delta Offshore,4/5/2025,1284,13946,19.94,0,Active
WELL_014,Delta-N-14,Niger Delta Offshore,4/6/2025,372,84,19.96,21,Failed
WELL_014,Delta-N-14,Niger Delta Onshore,4/7/2025,1248,14047,19.97,2,Active
WELL_014,Delta-N-14,Niger Delta Offshore,4/8/2025,1247,14055,19.99,3,Active
WELL_014,Delta-N-14,Niger Delta Offshore,4/9/2025,314,3117,20.01,13,Failed
WELL_014,Delta-N-14,Niger Delta Offshore,4/10/2025,1287,13932,20.04,1,Active
WELL_014,Delta-N-14,Niger Delta Onshore,4/11/2025,1252,14055,20.05,2,Active
WELL_014,Delta-N-14,Niger Delta Onshore,4/12/2025,1241,14042,20.09,3,Active
WELL_014,Delta-N-14,Niger Delta Offshore,4/13/2025,1283,13899,20.12,1,Active
WELL_014,Delta-N-14,Niger Delta Offshore,4/14/2025,836,9403,20.17,8,Maintenance
WELL_014,Delta-N-14,Niger Delta Offshore,4/15/2025,329,377,20.18,18,Failed
WELL_014,Delta-N-14,Niger Delta Offshore,4/16/2025,4,2430,20.21,17,Failed
WELL_014,Delta-N-14,Niger Delta Onshore,4/17/2025,452,865,20.23,14,Failed
WELL_014,Delta-N-14,Niger Delta Offshore,4/18/2025,829,9565,20.28,5,Maintenance
WELL_014,Delta-N-14,Niger Delta Offshore,4/19/2025,1326,13844,20.32,3,Active
WELL_014,Delta-N-14,Niger Delta Offshore,4/20/2025,1308,14017,20.34,0,Active
WELL_014,Delta-N-14,Niger Delta Onshore,4/21/2025,812,9564,20.36,6,Maintenance
WELL_014,Delta-N-14,Niger Delta Onshore,4/22/2025,98,744,20.37,15,Failed
WELL_014,Delta-N-14,Niger Delta Onshore,4/23/2025,1290,13972,20.41,1,Active
WELL_014,Delta-N-14,Niger Delta Onshore,4/24/2025,1282,13848,20.44,1,Active
WELL_014,Delta-N-14,Niger Delta Onshore,4/25/2025,1270,14023,20.46,1,Active
WELL_014,Delta-N-14,Niger Delta Onshore,4/26/2025,1229,13942,20.47,2,Active
WELL_014,Delta-N-14,Niger Delta Offshore,4/27/2025,1231,13998,20.5,2,Active
WELL_014,Delta-N-14,Niger Delta Offshore,4/28/2025,1242,13868,20.54,3,Active
WELL_014,Delta-N-14,Niger Delta Offshore,4/29/2025,784,9429,20.58,8,Maintenance
WELL_014,Delta-N-14,Niger Delta Offshore,4/30/2025,817,9397,20.62,9,Maintenance
WELL_014,Delta-N-14,Niger Delta Onshore,5/1/2025,1228,13910,20.66,0,Active
WELL_014,Delta-N-14,Niger Delta Offshore,5/2/2025,1291,13976,20.7,0,Active
WELL_014,Delta-N-14,Niger Delta Onshore,5/3/2025,1313,13939,20.74,3,Active
WELL_014,Delta-N-14,Niger Delta Onshore,5/4/2025,1274,13893,20.77,3,Active
WELL_014,Delta-N-14,Niger Delta Offshore,5/5/2025,1251,13912,20.78,2,Active
WELL_014,Delta-N-14,Niger Delta Onshore,5/6/2025,1222,13823,20.82,0,Active
WELL_014,Delta-N-14,Niger Delta Onshore,5/7/2025,790,9520,20.87,5,Maintenance
WELL_014,Delta-N-14,Niger Delta Offshore,5/8/2025,1236,13981,20.9,2,Active
WELL_014,Delta-N-14,Niger Delta Offshore,5/9/2025,1253,13859,20.95,3,Active
WELL_014,Delta-N-14,Niger Delta Offshore,5/10/2025,1247,13954,21,3,Active
WELL_014,Delta-N-14,Niger Delta Onshore,5/11/2025,1244,13822,21.03,0,Active
WELL_014,Delta-N-14,Niger Delta Onshore,5/12/2025,1218,13927,21.06,0,Active
WELL_014,Delta-N-14,Niger Delta Onshore,5/13/2025,1234,13948,21.09,0,Active
WELL_014,Delta-N-14,Niger Delta Offshore,5/14/2025,411,3249,21.13,14,Failed
WELL_015,Delta-O-15,Niger Delta Offshore,1/1/2024,1961,14443,6.03,3,Active
WELL_015,Delta-O-15,Niger Delta Onshore,1/2/2024,1946,14465,6.08,3,Active
WELL_015,Delta-O-15,Niger Delta Offshore,1/3/2024,1906,14447,6.12,0,Active
WELL_015,Delta-O-15,Niger Delta Onshore,1/4/2024,1899,14478,6.13,2,Active
WELL_015,Delta-O-15,Niger Delta Offshore,1/5/2024,1887,14344,6.15,0,Active
WELL_015,Delta-O-15,Niger Delta Offshore,1/6/2024,1950,14411,6.18,3,Active
WELL_015,Delta-O-15,Niger Delta Onshore,1/7/2024,1956,14477,6.22,1,Active
WELL_015,Delta-O-15,Niger Delta Onshore,1/8/2024,1895,14393,6.24,1,Active
WELL_015,Delta-O-15,Niger Delta Offshore,1/9/2024,1355,10157,6.26,8,Maintenance
WELL_015,Delta-O-15,Niger Delta Offshore,1/10/2024,1919,14442,6.29,2,Active
WELL_015,Delta-O-15,Niger Delta Onshore,1/11/2024,1922,14418,6.31,0,Active
WELL_015,Delta-O-15,Niger Delta Offshore,1/12/2024,1899,14287,6.33,2,Active
WELL_015,Delta-O-15,Niger Delta Onshore,1/13/2024,525,2784,6.35,15,Failed
WELL_015,Delta-O-15,Niger Delta Onshore,1/14/2024,1963,14315,6.39,3,Active
WELL_015,Delta-O-15,Niger Delta Onshore,1/15/2024,1898,14282,6.41,1,Active
WELL_015,Delta-O-15,Niger Delta Offshore,1/16/2024,1930,14372,6.45,3,Active
WELL_015,Delta-O-15,Niger Delta Onshore,1/17/2024,1946,14406,6.49,2,Active
WELL_015,Delta-O-15,Niger Delta Offshore,1/18/2024,1931,14451,6.53,3,Active
WELL_015,Delta-O-15,Niger Delta Offshore,1/19/2024,1954,14394,6.55,1,Active
WELL_015,Delta-O-15,Niger Delta Offshore,1/20/2024,1947,14296,6.59,1,Active
WELL_015,Delta-O-15,Niger Delta Offshore,1/21/2024,1925,14362,6.61,1,Active
WELL_015,Delta-O-15,Niger Delta Offshore,1/22/2024,1881,14448,6.63,1,Active
WELL_015,Delta-O-15,Niger Delta Offshore,1/23/2024,1909,14291,6.65,1,Active
WELL_015,Delta-O-15,Niger Delta Offshore,1/24/2024,1903,14371,6.69,0,Active
WELL_015,Delta-O-15,Niger Delta Onshore,1/25/2024,1889,14450,6.71,0,Active
WELL_015,Delta-O-15,Niger Delta Onshore,1/26/2024,1876,14310,6.75,1,Active
WELL_015,Delta-O-15,Niger Delta Onshore,1/27/2024,1286,10110,6.77,4,Maintenance
WELL_015,Delta-O-15,Niger Delta Offshore,1/28/2024,1881,14441,6.79,0,Active
WELL_015,Delta-O-15,Niger Delta Offshore,1/29/2024,1949,14270,6.84,0,Active
WELL_015,Delta-O-15,Niger Delta Onshore,1/30/2024,1892,14287,6.88,3,Active
WELL_015,Delta-O-15,Niger Delta Offshore,1/31/2024,1371,10083,6.9,5,Maintenance
WELL_015,Delta-O-15,Niger Delta Onshore,2/1/2024,520,3901,6.94,23,Failed
WELL_015,Delta-O-15,Niger Delta Onshore,2/2/2024,1348,10038,6.96,6,Maintenance
WELL_015,Delta-O-15,Niger Delta Onshore,2/3/2024,1908,14315,6.99,0,Active
WELL_015,Delta-O-15,Niger Delta Onshore,2/4/2024,1345,10052,7.01,4,Maintenance
WELL_015,Delta-O-15,Niger Delta Offshore,2/5/2024,1897,14270,7.04,0,Active
WELL_015,Delta-O-15,Niger Delta Onshore,2/6/2024,1323,10024,7.08,4,Maintenance
WELL_015,Delta-O-15,Niger Delta Onshore,2/7/2024,1877,14275,7.12,1,Active
WELL_015,Delta-O-15,Niger Delta Offshore,2/8/2024,1954,14381,7.14,3,Active
WELL_015,Delta-O-15,Niger Delta Offshore,2/9/2024,1314,9974,7.19,4,Maintenance
WELL_015,Delta-O-15,Niger Delta Offshore,2/10/2024,1897,14329,7.21,0,Active
WELL_015,Delta-O-15,Niger Delta Offshore,2/11/2024,1913,14425,7.23,0,Active
WELL_015,Delta-O-15,Niger Delta Onshore,2/12/2024,1860,14251,7.25,3,Active
WELL_015,Delta-O-15,Niger Delta Onshore,2/13/2024,1945,14256,7.28,2,Active
WELL_015,Delta-O-15,Niger Delta Offshore,2/14/2024,1882,14389,7.33,1,Active
WELL_015,Delta-O-15,Niger Delta Offshore,2/15/2024,288,2037,7.35,12,Failed
WELL_015,Delta-O-15,Niger Delta Offshore,2/16/2024,1927,14275,7.39,0,Active
WELL_015,Delta-O-15,Niger Delta Onshore,2/17/2024,1849,14287,7.43,3,Active
WELL_015,Delta-O-15,Niger Delta Offshore,2/18/2024,1862,14296,7.45,0,Active
WELL_015,Delta-O-15,Niger Delta Offshore,2/19/2024,1916,14377,7.47,1,Active
WELL_015,Delta-O-15,Niger Delta Offshore,2/20/2024,1945,14254,7.5,2,Active
WELL_015,Delta-O-15,Niger Delta Offshore,2/21/2024,1305,10079,7.54,8,Maintenance
WELL_015,Delta-O-15,Niger Delta Offshore,2/22/2024,1303,10079,7.59,9,Maintenance
WELL_015,Delta-O-15,Niger Delta Offshore,2/23/2024,1942,14208,7.61,2,Active
WELL_015,Delta-O-15,Niger Delta Onshore,2/24/2024,1912,14304,7.65,3,Active
WELL_015,Delta-O-15,Niger Delta Onshore,2/25/2024,19,4025,7.67,22,Failed
WELL_015,Delta-O-15,Niger Delta Onshore,2/26/2024,1324,9925,7.69,8,Maintenance
WELL_015,Delta-O-15,Niger Delta Offshore,2/27/2024,1894,14254,7.72,3,Active
WELL_015,Delta-O-15,Niger Delta Onshore,2/28/2024,1876,14241,7.75,0,Active
WELL_015,Delta-O-15,Niger Delta Onshore,2/29/2024,1875,14250,7.76,0,Active
WELL_015,Delta-O-15,Niger Delta Onshore,3/1/2024,1909,14259,7.79,1,Active
WELL_015,Delta-O-15,Niger Delta Onshore,3/2/2024,1306,9966,7.82,5,Maintenance
WELL_015,Delta-O-15,Niger Delta Offshore,3/3/2024,1844,14213,7.84,0,Active
WELL_015,Delta-O-15,Niger Delta Offshore,3/4/2024,1909,14306,7.87,3,Active
WELL_015,Delta-O-15,Niger Delta Onshore,3/5/2024,1913,14217,7.91,3,Active
WELL_015,Delta-O-15,Niger Delta Onshore,3/6/2024,1318,9915,7.95,8,Maintenance
WELL_015,Delta-O-15,Niger Delta Offshore,3/7/2024,1900,14242,7.97,0,Active
WELL_015,Delta-O-15,Niger Delta Offshore,3/8/2024,1881,14203,8,3,Active
WELL_015,Delta-O-15,Niger Delta Offshore,3/9/2024,1890,14227,8.03,3,Active
WELL_015,Delta-O-15,Niger Delta Offshore,3/10/2024,1918,14186,8.04,2,Active
WELL_015,Delta-O-15,Niger Delta Onshore,3/11/2024,1847,14282,8.07,1,Active
WELL_015,Delta-O-15,Niger Delta Offshore,3/12/2024,1877,14234,8.11,2,Active
WELL_015,Delta-O-15,Niger Delta Offshore,3/13/2024,1879,14310,8.14,1,Active
WELL_015,Delta-O-15,Niger Delta Onshore,3/14/2024,1305,10034,8.18,4,Maintenance
WELL_015,Delta-O-15,Niger Delta Onshore,3/15/2024,1840,14282,8.23,3,Active
WELL_015,Delta-O-15,Niger Delta Offshore,3/16/2024,1881,14298,8.27,3,Active
WELL_015,Delta-O-15,Niger Delta Onshore,3/17/2024,1286,9998,8.29,6,Maintenance
WELL_015,Delta-O-15,Niger Delta Onshore,3/18/2024,1858,14190,8.31,0,Active
WELL_015,Delta-O-15,Niger Delta Offshore,3/19/2024,1914,14191,8.33,3,Active
WELL_015,Delta-O-15,Niger Delta Offshore,3/20/2024,1892,14217,8.35,0,Active
WELL_015,Delta-O-15,Niger Delta Offshore,3/21/2024,1312,9986,8.39,4,Maintenance
WELL_015,Delta-O-15,Niger Delta Onshore,3/22/2024,1877,14249,8.41,3,Active
WELL_015,Delta-O-15,Niger Delta Onshore,3/23/2024,1895,14211,8.42,2,Active
WELL_015,Delta-O-15,Niger Delta Onshore,3/24/2024,1861,14334,8.45,1,Active
WELL_015,Delta-O-15,Niger Delta Onshore,3/25/2024,1246,9874,8.47,7,Maintenance
WELL_015,Delta-O-15,Niger Delta Offshore,3/26/2024,1881,14338,8.51,1,Active
WELL_015,Delta-O-15,Niger Delta Onshore,3/27/2024,1901,14336,8.54,3,Active
WELL_015,Delta-O-15,Niger Delta Onshore,3/28/2024,1842,14268,8.56,2,Active
WELL_015,Delta-O-15,Niger Delta Offshore,3/29/2024,1901,14260,8.59,0,Active
WELL_015,Delta-O-15,Niger Delta Offshore,3/30/2024,1888,14186,8.62,1,Active
WELL_015,Delta-O-15,Niger Delta Offshore,3/31/2024,1871,14169,8.65,1,Active
WELL_015,Delta-O-15,Niger Delta Offshore,4/1/2024,1824,14266,8.68,1,Active
WELL_015,Delta-O-15,Niger Delta Onshore,4/2/2024,1842,14162,8.73,0,Active
WELL_015,Delta-O-15,Niger Delta Onshore,4/3/2024,1860,14195,8.75,2,Active
WELL_015,Delta-O-15,Niger Delta Onshore,4/4/2024,1816,14263,8.76,0,Active
WELL_015,Delta-O-15,Niger Delta Offshore,4/5/2024,1854,14264,8.78,1,Active
WELL_015,Delta-O-15,Niger Delta Offshore,4/6/2024,1853,14186,8.81,0,Active
WELL_015,Delta-O-15,Niger Delta Onshore,4/7/2024,1825,14281,8.83,1,Active
WELL_015,Delta-O-15,Niger Delta Offshore,4/8/2024,1260,9842,8.86,6,Maintenance
WELL_015,Delta-O-15,Niger Delta Onshore,4/9/2024,1879,14114,8.88,2,Active
WELL_015,Delta-O-15,Niger Delta Onshore,4/10/2024,1897,14201,8.92,2,Active
WELL_015,Delta-O-15,Niger Delta Onshore,4/11/2024,393,2016,8.93,19,Failed
WELL_015,Delta-O-15,Niger Delta Offshore,4/12/2024,137,859,8.98,13,Failed
WELL_015,Delta-O-15,Niger Delta Offshore,4/13/2024,359,972,9.02,19,Failed
WELL_015,Delta-O-15,Niger Delta Offshore,4/14/2024,389,2167,9.06,21,Failed
WELL_015,Delta-O-15,Niger Delta Offshore,4/15/2024,329,1750,9.09,10,Failed
WELL_015,Delta-O-15,Niger Delta Onshore,4/16/2024,1860,14177,9.14,1,Active
WELL_015,Delta-O-15,Niger Delta Onshore,4/17/2024,1854,14114,9.15,1,Active
WELL_015,Delta-O-15,Niger Delta Onshore,4/18/2024,1843,14195,9.19,1,Active
WELL_015,Delta-O-15,Niger Delta Onshore,4/19/2024,1236,9892,9.2,6,Maintenance
WELL_015,Delta-O-15,Niger Delta Offshore,4/20/2024,1811,14250,9.21,2,Active
WELL_015,Delta-O-15,Niger Delta Offshore,4/21/2024,1862,14255,9.23,2,Active
WELL_015,Delta-O-15,Niger Delta Offshore,4/22/2024,1825,14221,9.24,1,Active
WELL_015,Delta-O-15,Niger Delta Offshore,4/23/2024,1832,14274,9.28,0,Active
WELL_015,Delta-O-15,Niger Delta Onshore,4/24/2024,1820,14175,9.29,2,Active
WELL_015,Delta-O-15,Niger Delta Offshore,4/25/2024,1885,14123,9.32,1,Active
WELL_015,Delta-O-15,Niger Delta Offshore,4/26/2024,1800,14111,9.33,3,Active
WELL_015,Delta-O-15,Niger Delta Offshore,4/27/2024,1838,14257,9.38,1,Active
WELL_015,Delta-O-15,Niger Delta Onshore,4/28/2024,1877,14193,9.43,0,Active
WELL_015,Delta-O-15,Niger Delta Onshore,4/29/2024,1881,14099,9.44,0,Active
WELL_015,Delta-O-15,Niger Delta Offshore,4/30/2024,1304,9765,9.46,6,Maintenance
WELL_015,Delta-O-15,Niger Delta Offshore,5/1/2024,1253,9913,9.5,6,Maintenance
WELL_015,Delta-O-15,Niger Delta Offshore,5/2/2024,1856,14180,9.54,3,Active
WELL_015,Delta-O-15,Niger Delta Onshore,5/3/2024,1805,14113,9.59,0,Active
WELL_015,Delta-O-15,Niger Delta Onshore,5/4/2024,1869,14183,9.62,0,Active
WELL_015,Delta-O-15,Niger Delta Offshore,5/5/2024,513,2968,9.66,10,Failed
WELL_015,Delta-O-15,Niger Delta Offshore,5/6/2024,1802,14125,9.68,0,Active
WELL_015,Delta-O-15,Niger Delta Onshore,5/7/2024,1839,14103,9.72,2,Active
WELL_015,Delta-O-15,Niger Delta Offshore,5/8/2024,1820,14236,9.74,3,Active
WELL_015,Delta-O-15,Niger Delta Offshore,5/9/2024,1840,14127,9.78,1,Active
WELL_015,Delta-O-15,Niger Delta Onshore,5/10/2024,1812,14138,9.82,0,Active
WELL_015,Delta-O-15,Niger Delta Offshore,5/11/2024,398,1786,9.86,18,Failed
WELL_015,Delta-O-15,Niger Delta Offshore,5/12/2024,1808,14206,9.9,2,Active
WELL_015,Delta-O-15,Niger Delta Onshore,5/13/2024,1821,14128,9.94,3,Active
WELL_015,Delta-O-15,Niger Delta Offshore,5/14/2024,1870,14131,9.96,0,Active
WELL_015,Delta-O-15,Niger Delta Offshore,5/15/2024,1829,14157,10.01,3,Active
WELL_015,Delta-O-15,Niger Delta Offshore,5/16/2024,1835,14051,10.02,3,Active
WELL_015,Delta-O-15,Niger Delta Offshore,5/17/2024,1811,14203,10.03,2,Active
WELL_015,Delta-O-15,Niger Delta Onshore,5/18/2024,1810,14059,10.05,0,Active
WELL_015,Delta-O-15,Niger Delta Offshore,5/19/2024,1837,14110,10.09,3,Active
WELL_015,Delta-O-15,Niger Delta Onshore,5/20/2024,1842,14053,10.12,1,Active
WELL_015,Delta-O-15,Niger Delta Onshore,5/21/2024,1860,14161,10.15,3,Active
WELL_015,Delta-O-15,Niger Delta Offshore,5/22/2024,1823,14060,10.16,3,Active
WELL_015,Delta-O-15,Niger Delta Offshore,5/23/2024,1860,14090,10.2,1,Active
WELL_015,Delta-O-15,Niger Delta Onshore,5/24/2024,1865,14042,10.22,0,Active
WELL_015,Delta-O-15,Niger Delta Onshore,5/25/2024,1815,14172,10.27,0,Active
WELL_015,Delta-O-15,Niger Delta Onshore,5/26/2024,1804,14185,10.3,1,Active
WELL_015,Delta-O-15,Niger Delta Offshore,5/27/2024,1776,14068,10.34,2,Active
WELL_015,Delta-O-15,Niger Delta Onshore,5/28/2024,1824,14153,10.39,1,Active
WELL_015,Delta-O-15,Niger Delta Onshore,5/29/2024,1791,14101,10.43,3,Active
WELL_015,Delta-O-15,Niger Delta Onshore,5/30/2024,1834,14174,10.44,3,Active
WELL_015,Delta-O-15,Niger Delta Onshore,5/31/2024,1825,14094,10.47,3,Active
WELL_015,Delta-O-15,Niger Delta Onshore,6/1/2024,1248,9875,10.51,7,Maintenance
WELL_015,Delta-O-15,Niger Delta Offshore,6/2/2024,1787,14162,10.53,2,Active
WELL_015,Delta-O-15,Niger Delta Onshore,6/3/2024,119,397,10.54,12,Failed
WELL_015,Delta-O-15,Niger Delta Offshore,6/4/2024,1798,14108,10.56,2,Active
WELL_015,Delta-O-15,Niger Delta Offshore,6/5/2024,1803,14070,10.61,1,Active
WELL_015,Delta-O-15,Niger Delta Onshore,6/6/2024,1818,13996,10.62,0,Active
WELL_015,Delta-O-15,Niger Delta Onshore,6/7/2024,1767,14176,10.64,3,Active
WELL_015,Delta-O-15,Niger Delta Onshore,6/8/2024,1839,13996,10.68,1,Active
WELL_015,Delta-O-15,Niger Delta Onshore,6/9/2024,1784,14035,10.71,3,Active
WELL_015,Delta-O-15,Niger Delta Offshore,6/10/2024,1758,14154,10.76,2,Active
WELL_015,Delta-O-15,Niger Delta Offshore,6/11/2024,1760,13992,10.77,1,Active
WELL_015,Delta-O-15,Niger Delta Onshore,6/12/2024,1785,14046,10.79,3,Active
WELL_015,Delta-O-15,Niger Delta Offshore,6/13/2024,1177,9834,10.83,6,Maintenance
WELL_015,Delta-O-15,Niger Delta Offshore,6/14/2024,1824,14075,10.84,1,Active
WELL_015,Delta-O-15,Niger Delta Offshore,6/15/2024,1173,9786,10.87,4,Maintenance
WELL_015,Delta-O-15,Niger Delta Offshore,6/16/2024,1762,14163,10.92,1,Active
WELL_015,Delta-O-15,Niger Delta Offshore,6/17/2024,1778,14167,10.96,1,Active
WELL_015,Delta-O-15,Niger Delta Offshore,6/18/2024,1228,9685,10.97,8,Maintenance
WELL_015,Delta-O-15,Niger Delta Offshore,6/19/2024,1198,9752,10.98,8,Maintenance
WELL_015,Delta-O-15,Niger Delta Onshore,6/20/2024,1844,13995,11,0,Active
WELL_015,Delta-O-15,Niger Delta Onshore,6/21/2024,1836,14047,11.02,2,Active
WELL_015,Delta-O-15,Niger Delta Offshore,6/22/2024,1816,14151,11.04,3,Active
WELL_015,Delta-O-15,Niger Delta Onshore,6/23/2024,1752,14118,11.07,0,Active
WELL_015,Delta-O-15,Niger Delta Onshore,6/24/2024,1773,14105,11.08,1,Active
WELL_015,Delta-O-15,Niger Delta Offshore,6/25/2024,1799,14039,11.12,0,Active
WELL_015,Delta-O-15,Niger Delta Onshore,6/26/2024,1836,14093,11.15,1,Active
WELL_015,Delta-O-15,Niger Delta Onshore,6/27/2024,1771,14124,11.19,3,Active
WELL_015,Delta-O-15,Niger Delta Onshore,6/28/2024,1759,14000,11.22,2,Active
WELL_015,Delta-O-15,Niger Delta Offshore,6/29/2024,528,418,11.25,14,Failed
WELL_015,Delta-O-15,Niger Delta Onshore,6/30/2024,1828,13964,11.28,0,Active
WELL_015,Delta-O-15,Niger Delta Offshore,7/1/2024,1806,13967,11.31,2,Active
WELL_015,Delta-O-15,Niger Delta Offshore,7/2/2024,1824,14061,11.34,3,Active
WELL_015,Delta-O-15,Niger Delta Offshore,7/3/2024,1171,9669,11.35,9,Maintenance
WELL_015,Delta-O-15,Niger Delta Onshore,7/4/2024,1779,13959,11.38,0,Active
WELL_015,Delta-O-15,Niger Delta Offshore,7/5/2024,1171,9753,11.39,4,Maintenance
WELL_015,Delta-O-15,Niger Delta Onshore,7/6/2024,1830,14001,11.43,0,Active
WELL_015,Delta-O-15,Niger Delta Onshore,7/7/2024,30,377,11.46,19,Failed
WELL_015,Delta-O-15,Niger Delta Onshore,7/8/2024,1793,13999,11.49,2,Active
WELL_015,Delta-O-15,Niger Delta Offshore,7/9/2024,1811,14051,11.52,2,Active
WELL_015,Delta-O-15,Niger Delta Offshore,7/10/2024,1775,14080,11.54,1,Active
WELL_015,Delta-O-15,Niger Delta Offshore,7/11/2024,1765,13967,11.58,1,Active
WELL_015,Delta-O-15,Niger Delta Offshore,7/12/2024,1745,14076,11.63,3,Active
WELL_015,Delta-O-15,Niger Delta Offshore,7/13/2024,1764,13944,11.66,1,Active
WELL_015,Delta-O-15,Niger Delta Onshore,7/14/2024,1775,13952,11.69,0,Active
WELL_015,Delta-O-15,Niger Delta Onshore,7/15/2024,1752,14062,11.71,3,Active
WELL_015,Delta-O-15,Niger Delta Offshore,7/16/2024,1200,9639,11.75,8,Maintenance
WELL_015,Delta-O-15,Niger Delta Onshore,7/17/2024,1809,13980,11.78,1,Active
WELL_015,Delta-O-15,Niger Delta Offshore,7/18/2024,197,3449,11.81,13,Failed
WELL_015,Delta-O-15,Niger Delta Onshore,7/19/2024,1185,9661,11.83,9,Maintenance
WELL_015,Delta-O-15,Niger Delta Onshore,7/20/2024,1741,13965,11.88,3,Active
WELL_015,Delta-O-15,Niger Delta Offshore,7/21/2024,1822,14091,11.9,1,Active
WELL_015,Delta-O-15,Niger Delta Onshore,7/22/2024,1169,9666,11.93,7,Maintenance
WELL_015,Delta-O-15,Niger Delta Offshore,7/23/2024,1817,13966,11.94,3,Active
WELL_015,Delta-O-15,Niger Delta Offshore,7/24/2024,1792,14065,11.96,3,Active
WELL_015,Delta-O-15,Niger Delta Offshore,7/25/2024,1791,13975,12,0,Active
WELL_015,Delta-O-15,Niger Delta Offshore,7/26/2024,1789,14020,12.05,2,Active
WELL_015,Delta-O-15,Niger Delta Onshore,7/27/2024,1749,14006,12.08,3,Active
WELL_015,Delta-O-15,Niger Delta Onshore,7/28/2024,1753,14022,12.1,1,Active
WELL_015,Delta-O-15,Niger Delta Onshore,7/29/2024,1728,13993,12.12,1,Active
WELL_015,Delta-O-15,Niger Delta Offshore,7/30/2024,1182,9704,12.16,5,Maintenance
WELL_015,Delta-O-15,Niger Delta Onshore,7/31/2024,1779,14030,12.18,2,Active
WELL_015,Delta-O-15,Niger Delta Onshore,8/1/2024,1791,14074,12.22,3,Active
WELL_015,Delta-O-15,Niger Delta Onshore,8/2/2024,1771,13925,12.26,1,Active
WELL_015,Delta-O-15,Niger Delta Onshore,8/3/2024,1781,13999,12.29,3,Active
WELL_015,Delta-O-15,Niger Delta Onshore,8/4/2024,1219,9651,12.3,4,Maintenance
WELL_015,Delta-O-15,Niger Delta Onshore,8/5/2024,1774,13939,12.31,0,Active
WELL_015,Delta-O-15,Niger Delta Offshore,8/6/2024,1755,13993,12.35,3,Active
WELL_015,Delta-O-15,Niger Delta Onshore,8/7/2024,1727,13914,12.38,3,Active
WELL_015,Delta-O-15,Niger Delta Offshore,8/8/2024,1791,14051,12.4,0,Active
WELL_015,Delta-O-15,Niger Delta Onshore,8/9/2024,1782,14038,12.43,3,Active
WELL_015,Delta-O-15,Niger Delta Offshore,8/10/2024,76,2198,12.47,22,Failed
WELL_015,Delta-O-15,Niger Delta Onshore,8/11/2024,1799,14046,12.5,3,Active
WELL_015,Delta-O-15,Niger Delta Offshore,8/12/2024,1724,13991,12.51,1,Active
WELL_015,Delta-O-15,Niger Delta Onshore,8/13/2024,1798,14034,12.53,2,Active
WELL_015,Delta-O-15,Niger Delta Offshore,8/14/2024,1713,14040,12.56,0,Active
WELL_015,Delta-O-15,Niger Delta Offshore,8/15/2024,479,2862,12.58,22,Failed
WELL_015,Delta-O-15,Niger Delta Onshore,8/16/2024,1708,14024,12.62,1,Active
WELL_015,Delta-O-15,Niger Delta Offshore,8/17/2024,1740,14032,12.65,3,Active
WELL_015,Delta-O-15,Niger Delta Onshore,8/18/2024,1741,13988,12.67,0,Active
WELL_015,Delta-O-15,Niger Delta Offshore,8/19/2024,1723,13882,12.69,2,Active
WELL_015,Delta-O-15,Niger Delta Offshore,8/20/2024,1705,13848,12.72,0,Active
WELL_015,Delta-O-15,Niger Delta Offshore,8/21/2024,1728,13928,12.75,2,Active
WELL_015,Delta-O-15,Niger Delta Offshore,8/22/2024,1152,9563,12.77,5,Maintenance
WELL_015,Delta-O-15,Niger Delta Offshore,8/23/2024,1164,9559,12.81,4,Maintenance
WELL_015,Delta-O-15,Niger Delta Onshore,8/24/2024,1746,14036,12.85,2,Active
WELL_015,Delta-O-15,Niger Delta Onshore,8/25/2024,1719,13847,12.88,2,Active
WELL_015,Delta-O-15,Niger Delta Offshore,8/26/2024,1171,9585,12.89,9,Maintenance
WELL_015,Delta-O-15,Niger Delta Offshore,8/27/2024,1739,13893,12.92,1,Active
WELL_015,Delta-O-15,Niger Delta Onshore,8/28/2024,360,357,12.93,21,Failed
WELL_015,Delta-O-15,Niger Delta Onshore,8/29/2024,1743,13890,12.94,2,Active
WELL_015,Delta-O-15,Niger Delta Offshore,8/30/2024,1791,13892,12.97,2,Active
WELL_015,Delta-O-15,Niger Delta Onshore,8/31/2024,1769,14008,13,1,Active
WELL_015,Delta-O-15,Niger Delta Offshore,9/1/2024,1787,13968,13.03,1,Active
WELL_015,Delta-O-15,Niger Delta Onshore,9/2/2024,1192,9496,13.05,5,Maintenance
WELL_015,Delta-O-15,Niger Delta Onshore,9/3/2024,1704,13958,13.06,3,Active
WELL_015,Delta-O-15,Niger Delta Onshore,9/4/2024,565,3458,13.1,16,Failed
WELL_015,Delta-O-15,Niger Delta Onshore,9/5/2024,1712,13829,13.12,3,Active
WELL_015,Delta-O-15,Niger Delta Offshore,9/6/2024,1782,13964,13.16,3,Active
WELL_015,Delta-O-15,Niger Delta Onshore,9/7/2024,1727,13870,13.19,2,Active
WELL_015,Delta-O-15,Niger Delta Offshore,9/8/2024,446,2358,13.23,14,Failed
WELL_015,Delta-O-15,Niger Delta Offshore,9/9/2024,1768,13938,13.26,3,Active
WELL_015,Delta-O-15,Niger Delta Onshore,9/10/2024,1743,13947,13.28,1,Active
WELL_015,Delta-O-15,Niger Delta Onshore,9/11/2024,1753,13844,13.33,1,Active
WELL_015,Delta-O-15,Niger Delta Onshore,9/12/2024,1725,13842,13.37,0,Active
WELL_015,Delta-O-15,Niger Delta Offshore,9/13/2024,1758,13916,13.4,2,Active
WELL_015,Delta-O-15,Niger Delta Onshore,9/14/2024,1703,13971,13.44,1,Active
WELL_015,Delta-O-15,Niger Delta Offshore,9/15/2024,1709,13796,13.48,1,Active
WELL_015,Delta-O-15,Niger Delta Offshore,9/16/2024,1736,13801,13.49,1,Active
WELL_015,Delta-O-15,Niger Delta Offshore,9/17/2024,1706,13804,13.54,1,Active
WELL_015,Delta-O-15,Niger Delta Offshore,9/18/2024,1158,9497,13.56,7,Maintenance
WELL_015,Delta-O-15,Niger Delta Onshore,9/19/2024,1756,13872,13.6,1,Active
WELL_015,Delta-O-15,Niger Delta Onshore,9/20/2024,1713,13973,13.62,2,Active
WELL_015,Delta-O-15,Niger Delta Offshore,9/21/2024,1687,13974,13.64,2,Active
WELL_015,Delta-O-15,Niger Delta Onshore,9/22/2024,1700,13877,13.66,3,Active
WELL_015,Delta-O-15,Niger Delta Onshore,9/23/2024,1735,13858,13.71,2,Active
WELL_015,Delta-O-15,Niger Delta Onshore,9/24/2024,1728,13777,13.74,3,Active
WELL_015,Delta-O-15,Niger Delta Onshore,9/25/2024,1701,13825,13.78,0,Active
WELL_015,Delta-O-15,Niger Delta Offshore,9/26/2024,1739,13880,13.83,2,Active
WELL_015,Delta-O-15,Niger Delta Onshore,9/27/2024,1671,13961,13.86,0,Active
WELL_015,Delta-O-15,Niger Delta Offshore,9/28/2024,1749,13863,13.9,1,Active
WELL_015,Delta-O-15,Niger Delta Onshore,9/29/2024,1678,13841,13.94,0,Active
WELL_015,Delta-O-15,Niger Delta Offshore,9/30/2024,1725,13800,13.97,3,Active
WELL_015,Delta-O-15,Niger Delta Onshore,10/1/2024,1762,13953,14,3,Active
WELL_015,Delta-O-15,Niger Delta Onshore,10/2/2024,1711,13818,14.02,3,Active
WELL_015,Delta-O-15,Niger Delta Offshore,10/3/2024,1674,13807,14.06,1,Active
WELL_015,Delta-O-15,Niger Delta Offshore,10/4/2024,1732,13794,14.1,2,Active
WELL_015,Delta-O-15,Niger Delta Onshore,10/5/2024,1738,13837,14.15,3,Active
WELL_015,Delta-O-15,Niger Delta Onshore,10/6/2024,1669,13920,14.16,2,Active
WELL_015,Delta-O-15,Niger Delta Onshore,10/7/2024,1715,13794,14.18,3,Active
WELL_015,Delta-O-15,Niger Delta Onshore,10/8/2024,1753,13888,14.23,2,Active
WELL_015,Delta-O-15,Niger Delta Offshore,10/9/2024,1741,13844,14.25,0,Active
WELL_015,Delta-O-15,Niger Delta Offshore,10/10/2024,1661,13804,14.29,0,Active
WELL_015,Delta-O-15,Niger Delta Onshore,10/11/2024,1683,13802,14.32,3,Active
WELL_015,Delta-O-15,Niger Delta Offshore,10/12/2024,1683,13848,14.35,2,Active
WELL_015,Delta-O-15,Niger Delta Onshore,10/13/2024,1740,13887,14.38,3,Active
WELL_015,Delta-O-15,Niger Delta Onshore,10/14/2024,1694,13764,14.39,0,Active
WELL_015,Delta-O-15,Niger Delta Onshore,10/15/2024,1719,13768,14.43,1,Active
WELL_015,Delta-O-15,Niger Delta Onshore,10/16/2024,389,2109,14.46,11,Failed
WELL_015,Delta-O-15,Niger Delta Onshore,10/17/2024,1747,13792,14.49,3,Active
WELL_015,Delta-O-15,Niger Delta Onshore,10/18/2024,1734,13908,14.5,2,Active
WELL_015,Delta-O-15,Niger Delta Offshore,10/19/2024,1150,9460,14.53,4,Maintenance
WELL_015,Delta-O-15,Niger Delta Offshore,10/20/2024,1730,13793,14.55,1,Active
WELL_015,Delta-O-15,Niger Delta Onshore,10/21/2024,1661,13808,14.56,2,Active
WELL_015,Delta-O-15,Niger Delta Offshore,10/22/2024,1161,9476,14.6,7,Maintenance
WELL_015,Delta-O-15,Niger Delta Offshore,10/23/2024,1733,13865,14.62,2,Active
WELL_015,Delta-O-15,Niger Delta Onshore,10/24/2024,202,3990,14.66,13,Failed
WELL_015,Delta-O-15,Niger Delta Offshore,10/25/2024,423,3055,14.69,13,Failed
WELL_015,Delta-O-15,Niger Delta Offshore,10/26/2024,1684,13882,14.74,1,Active
WELL_015,Delta-O-15,Niger Delta Offshore,10/27/2024,1692,13896,14.79,0,Active
WELL_015,Delta-O-15,Niger Delta Offshore,10/28/2024,1101,9390,14.83,4,Maintenance
WELL_015,Delta-O-15,Niger Delta Onshore,10/29/2024,444,2305,14.86,15,Failed
WELL_015,Delta-O-15,Niger Delta Onshore,10/30/2024,1147,9484,14.88,9,Maintenance
WELL_015,Delta-O-15,Niger Delta Onshore,10/31/2024,185,1987,14.92,20,Failed
WELL_015,Delta-O-15,Niger Delta Offshore,11/1/2024,1688,13825,14.93,2,Active
WELL_015,Delta-O-15,Niger Delta Onshore,11/2/2024,1662,13869,14.96,2,Active
WELL_015,Delta-O-15,Niger Delta Offshore,11/3/2024,1667,13884,14.98,2,Active
WELL_015,Delta-O-15,Niger Delta Onshore,11/4/2024,1723,13837,15.01,3,Active
WELL_015,Delta-O-15,Niger Delta Onshore,11/5/2024,1645,13727,15.02,1,Active
WELL_015,Delta-O-15,Niger Delta Onshore,11/6/2024,1655,13799,15.05,0,Active
WELL_015,Delta-O-15,Niger Delta Offshore,11/7/2024,1713,13778,15.07,0,Active
WELL_015,Delta-O-15,Niger Delta Onshore,11/8/2024,1155,9467,15.08,5,Maintenance
WELL_015,Delta-O-15,Niger Delta Offshore,11/9/2024,1639,13803,15.11,2,Active
WELL_015,Delta-O-15,Niger Delta Offshore,11/10/2024,1635,13728,15.14,1,Active
WELL_015,Delta-O-15,Niger Delta Offshore,11/11/2024,1710,13823,15.17,0,Active
WELL_015,Delta-O-15,Niger Delta Onshore,11/12/2024,1645,13680,15.21,3,Active
WELL_015,Delta-O-15,Niger Delta Onshore,11/13/2024,1694,13754,15.26,2,Active
WELL_015,Delta-O-15,Niger Delta Onshore,11/14/2024,1726,13853,15.27,3,Active
WELL_015,Delta-O-15,Niger Delta Offshore,11/15/2024,1672,13732,15.29,3,Active
WELL_015,Delta-O-15,Niger Delta Onshore,11/16/2024,1644,13699,15.33,2,Active
WELL_015,Delta-O-15,Niger Delta Onshore,11/17/2024,1728,13858,15.36,0,Active
WELL_015,Delta-O-15,Niger Delta Onshore,11/18/2024,1712,13725,15.39,1,Active
WELL_015,Delta-O-15,Niger Delta Offshore,11/19/2024,321,2467,15.41,15,Failed
WELL_015,Delta-O-15,Niger Delta Offshore,11/20/2024,1633,13682,15.44,0,Active
WELL_015,Delta-O-15,Niger Delta Onshore,11/21/2024,1112,9516,15.46,9,Maintenance
WELL_015,Delta-O-15,Niger Delta Onshore,11/22/2024,1717,13722,15.51,0,Active
WELL_015,Delta-O-15,Niger Delta Onshore,11/23/2024,1703,13809,15.54,2,Active
WELL_015,Delta-O-15,Niger Delta Offshore,11/24/2024,1665,13684,15.59,0,Active
WELL_015,Delta-O-15,Niger Delta Onshore,11/25/2024,1644,13684,15.6,0,Active
WELL_015,Delta-O-15,Niger Delta Offshore,11/26/2024,1665,13763,15.65,2,Active
WELL_015,Delta-O-15,Niger Delta Offshore,11/27/2024,1691,13808,15.68,2,Active
WELL_015,Delta-O-15,Niger Delta Onshore,11/28/2024,1072,9474,15.72,4,Maintenance
WELL_015,Delta-O-15,Niger Delta Onshore,11/29/2024,1675,13761,15.76,1,Active
WELL_015,Delta-O-15,Niger Delta Offshore,11/30/2024,1677,13653,15.77,3,Active
WELL_015,Delta-O-15,Niger Delta Onshore,12/1/2024,1639,13742,15.8,2,Active
WELL_015,Delta-O-15,Niger Delta Offshore,12/2/2024,92,573,15.84,10,Failed
WELL_015,Delta-O-15,Niger Delta Onshore,12/3/2024,414,3589,15.85,17,Failed
WELL_015,Delta-O-15,Niger Delta Onshore,12/4/2024,1697,13815,15.89,3,Active
WELL_015,Delta-O-15,Niger Delta Onshore,12/5/2024,98,1053,15.94,19,Failed
WELL_015,Delta-O-15,Niger Delta Offshore,12/6/2024,1632,13660,15.96,3,Active
WELL_015,Delta-O-15,Niger Delta Offshore,12/7/2024,1129,9435,16,9,Maintenance
WELL_015,Delta-O-15,Niger Delta Onshore,12/8/2024,1711,13692,16.04,0,Active
WELL_015,Delta-O-15,Niger Delta Offshore,12/9/2024,1636,13691,16.06,3,Active
WELL_015,Delta-O-15,Niger Delta Onshore,12/10/2024,1616,13711,16.1,2,Active
WELL_015,Delta-O-15,Niger Delta Onshore,12/11/2024,1113,9358,16.14,6,Maintenance
WELL_015,Delta-O-15,Niger Delta Onshore,12/12/2024,1645,13633,16.19,3,Active
WELL_015,Delta-O-15,Niger Delta Offshore,12/13/2024,1657,13695,16.23,0,Active
WELL_015,Delta-O-15,Niger Delta Onshore,12/14/2024,1634,13791,16.24,1,Active
WELL_015,Delta-O-15,Niger Delta Onshore,12/15/2024,1674,13687,16.28,0,Active
WELL_015,Delta-O-15,Niger Delta Onshore,12/16/2024,78,1788,16.31,14,Failed
WELL_015,Delta-O-15,Niger Delta Onshore,12/17/2024,1055,9457,16.33,8,Maintenance
WELL_015,Delta-O-15,Niger Delta Onshore,12/18/2024,1672,13726,16.36,2,Active
WELL_015,Delta-O-15,Niger Delta Offshore,12/19/2024,1681,13801,16.4,0,Active
WELL_015,Delta-O-15,Niger Delta Onshore,12/20/2024,1643,13620,16.44,1,Active
WELL_015,Delta-O-15,Niger Delta Onshore,12/21/2024,1671,13780,16.45,0,Active
WELL_015,Delta-O-15,Niger Delta Offshore,12/22/2024,435,3815,16.48,23,Failed
WELL_015,Delta-O-15,Niger Delta Offshore,12/23/2024,1696,13628,16.51,0,Active
WELL_015,Delta-O-15,Niger Delta Onshore,12/24/2024,526,2140,16.53,14,Failed
WELL_015,Delta-O-15,Niger Delta Offshore,12/25/2024,1684,13661,16.55,0,Active
WELL_015,Delta-O-15,Niger Delta Onshore,12/26/2024,1059,9278,16.57,4,Maintenance
WELL_015,Delta-O-15,Niger Delta Offshore,12/27/2024,1645,13757,16.62,1,Active
WELL_015,Delta-O-15,Niger Delta Offshore,12/28/2024,1656,13713,16.63,0,Active
WELL_015,Delta-O-15,Niger Delta Onshore,12/29/2024,1680,13651,16.68,3,Active
WELL_015,Delta-O-15,Niger Delta Offshore,12/30/2024,1055,9417,16.7,8,Maintenance
WELL_015,Delta-O-15,Niger Delta Onshore,12/31/2024,1636,13614,16.73,1,Active
WELL_015,Delta-O-15,Niger Delta Onshore,1/1/2025,1624,13605,16.76,0,Active
WELL_015,Delta-O-15,Niger Delta Onshore,1/2/2025,1655,13647,16.77,1,Active
WELL_015,Delta-O-15,Niger Delta Offshore,1/3/2025,1593,13695,16.79,1,Active
WELL_015,Delta-O-15,Niger Delta Onshore,1/4/2025,1651,13610,16.84,1,Active
WELL_015,Delta-O-15,Niger Delta Offshore,1/5/2025,1672,13595,16.87,0,Active
WELL_015,Delta-O-15,Niger Delta Offshore,1/6/2025,507,1864,16.89,13,Failed
WELL_015,Delta-O-15,Niger Delta Offshore,1/7/2025,1635,13715,16.93,1,Active
WELL_015,Delta-O-15,Niger Delta Onshore,1/8/2025,559,264,16.97,18,Failed
WELL_015,Delta-O-15,Niger Delta Onshore,1/9/2025,475,3455,17.01,14,Failed
WELL_015,Delta-O-15,Niger Delta Offshore,1/10/2025,1634,13700,17.04,3,Active
WELL_015,Delta-O-15,Niger Delta Onshore,1/11/2025,1635,13563,17.07,3,Active
WELL_015,Delta-O-15,Niger Delta Offshore,1/12/2025,1600,13704,17.09,3,Active
WELL_015,Delta-O-15,Niger Delta Onshore,1/13/2025,1590,13599,17.12,1,Active
WELL_015,Delta-O-15,Niger Delta Offshore,1/14/2025,1596,13631,17.15,0,Active
WELL_015,Delta-O-15,Niger Delta Onshore,1/15/2025,1586,13739,17.19,1,Active
WELL_015,Delta-O-15,Niger Delta Offshore,1/16/2025,1645,13674,17.23,0,Active
WELL_015,Delta-O-15,Niger Delta Onshore,1/17/2025,1067,9276,17.24,5,Maintenance
WELL_015,Delta-O-15,Niger Delta Onshore,1/18/2025,440,1654,17.26,16,Failed
WELL_015,Delta-O-15,Niger Delta Onshore,1/19/2025,1021,9388,17.28,6,Maintenance
WELL_015,Delta-O-15,Niger Delta Onshore,1/20/2025,1630,13639,17.32,1,Active
WELL_015,Delta-O-15,Niger Delta Onshore,1/21/2025,345,763,17.35,12,Failed
WELL_015,Delta-O-15,Niger Delta Offshore,1/22/2025,1060,9324,17.37,8,Maintenance
WELL_015,Delta-O-15,Niger Delta Onshore,1/23/2025,1054,9254,17.38,7,Maintenance
WELL_015,Delta-O-15,Niger Delta Onshore,1/24/2025,1060,9316,17.4,8,Maintenance
WELL_015,Delta-O-15,Niger Delta Onshore,1/25/2025,1610,13713,17.41,1,Active
WELL_015,Delta-O-15,Niger Delta Onshore,1/26/2025,1633,13612,17.45,1,Active
WELL_015,Delta-O-15,Niger Delta Onshore,1/27/2025,1655,13614,17.48,2,Active
WELL_015,Delta-O-15,Niger Delta Offshore,1/28/2025,1655,13573,17.52,3,Active
WELL_015,Delta-O-15,Niger Delta Offshore,1/29/2025,1608,13715,17.54,2,Active
WELL_015,Delta-O-15,Niger Delta Offshore,1/30/2025,1642,13624,17.58,1,Active
WELL_015,Delta-O-15,Niger Delta Onshore,1/31/2025,1606,13594,17.59,2,Active
WELL_015,Delta-O-15,Niger Delta Offshore,2/1/2025,1620,13586,17.64,3,Active
WELL_015,Delta-O-15,Niger Delta Offshore,2/2/2025,274,1794,17.69,20,Failed
WELL_015,Delta-O-15,Niger Delta Offshore,2/3/2025,1594,13686,17.7,1,Active
WELL_015,Delta-O-15,Niger Delta Onshore,2/4/2025,1582,13543,17.73,1,Active
WELL_015,Delta-O-15,Niger Delta Onshore,2/5/2025,1573,13613,17.75,0,Active
WELL_015,Delta-O-15,Niger Delta Onshore,2/6/2025,1043,9191,17.79,7,Maintenance
WELL_015,Delta-O-15,Niger Delta Onshore,2/7/2025,1619,13636,17.82,0,Active
WELL_015,Delta-O-15,Niger Delta Onshore,2/8/2025,1611,13578,17.86,3,Active
WELL_015,Delta-O-15,Niger Delta Offshore,2/9/2025,569,1545,17.9,21,Failed
WELL_015,Delta-O-15,Niger Delta Offshore,2/10/2025,1053,9295,17.94,9,Maintenance
WELL_015,Delta-O-15,Niger Delta Offshore,2/11/2025,1025,9219,17.99,4,Maintenance
WELL_015,Delta-O-15,Niger Delta Offshore,2/12/2025,1628,13585,18.03,2,Active
WELL_015,Delta-O-15,Niger Delta Onshore,2/13/2025,1599,13554,18.04,2,Active
WELL_015,Delta-O-15,Niger Delta Onshore,2/14/2025,1604,13550,18.06,3,Active
WELL_015,Delta-O-15,Niger Delta Offshore,2/15/2025,1601,13505,18.09,3,Active
WELL_015,Delta-O-15,Niger Delta Onshore,2/16/2025,1559,13628,18.12,2,Active
WELL_015,Delta-O-15,Niger Delta Offshore,2/17/2025,1620,13517,18.15,0,Active
WELL_015,Delta-O-15,Niger Delta Offshore,2/18/2025,1562,13507,18.19,3,Active
WELL_015,Delta-O-15,Niger Delta Offshore,2/19/2025,998,9298,18.23,8,Maintenance
WELL_015,Delta-O-15,Niger Delta Offshore,2/20/2025,1569,13617,18.26,2,Active
WELL_015,Delta-O-15,Niger Delta Offshore,2/21/2025,1609,13510,18.3,1,Active
WELL_015,Delta-O-15,Niger Delta Offshore,2/22/2025,1635,13475,18.33,1,Active
WELL_015,Delta-O-15,Niger Delta Onshore,2/23/2025,1571,13647,18.34,3,Active
WELL_015,Delta-O-15,Niger Delta Offshore,2/24/2025,1629,13648,18.36,3,Active
WELL_015,Delta-O-15,Niger Delta Onshore,2/25/2025,1599,13633,18.38,2,Active
WELL_015,Delta-O-15,Niger Delta Onshore,2/26/2025,1614,13569,18.4,1,Active
WELL_015,Delta-O-15,Niger Delta Onshore,2/27/2025,1046,9314,18.43,7,Maintenance
WELL_015,Delta-O-15,Niger Delta Onshore,2/28/2025,1606,13646,18.47,1,Active
WELL_015,Delta-O-15,Niger Delta Offshore,3/1/2025,1602,13655,18.5,1,Active
WELL_015,Delta-O-15,Niger Delta Offshore,3/2/2025,235,1510,18.53,16,Failed
WELL_015,Delta-O-15,Niger Delta Offshore,3/3/2025,1545,13633,18.57,3,Active
WELL_015,Delta-O-15,Niger Delta Onshore,3/4/2025,1570,13576,18.61,1,Active
WELL_015,Delta-O-15,Niger Delta Onshore,3/5/2025,575,240,18.66,16,Failed
WELL_015,Delta-O-15,Niger Delta Onshore,3/6/2025,1551,13471,18.67,0,Active
WELL_015,Delta-O-15,Niger Delta Offshore,3/7/2025,1616,13600,18.69,0,Active
WELL_015,Delta-O-15,Niger Delta Offshore,3/8/2025,1581,13472,18.74,2,Active
WELL_015,Delta-O-15,Niger Delta Offshore,3/9/2025,1548,13535,18.79,2,Active
WELL_015,Delta-O-15,Niger Delta Onshore,3/10/2025,1545,13443,18.8,0,Active
WELL_015,Delta-O-15,Niger Delta Offshore,3/11/2025,1012,9266,18.83,6,Maintenance
WELL_015,Delta-O-15,Niger Delta Offshore,3/12/2025,1599,13575,18.85,1,Active
WELL_015,Delta-O-15,Niger Delta Onshore,3/13/2025,1556,13614,18.87,3,Active
WELL_015,Delta-O-15,Niger Delta Offshore,3/14/2025,1619,13581,18.89,1,Active
WELL_015,Delta-O-15,Niger Delta Onshore,3/15/2025,1572,13449,18.92,0,Active
WELL_015,Delta-O-15,Niger Delta Onshore,3/16/2025,1551,13523,18.96,0,Active
WELL_015,Delta-O-15,Niger Delta Offshore,3/17/2025,1616,13612,18.97,2,Active
WELL_015,Delta-O-15,Niger Delta Onshore,3/18/2025,998,9201,19.02,8,Maintenance
WELL_015,Delta-O-15,Niger Delta Onshore,3/19/2025,1617,13597,19.04,2,Active
WELL_015,Delta-O-15,Niger Delta Offshore,3/20/2025,1575,13536,19.07,0,Active
WELL_015,Delta-O-15,Niger Delta Offshore,3/21/2025,1585,13464,19.12,2,Active
WELL_015,Delta-O-15,Niger Delta Onshore,3/22/2025,1004,9279,19.15,4,Maintenance
WELL_015,Delta-O-15,Niger Delta Offshore,3/23/2025,1609,13431,19.17,2,Active
WELL_015,Delta-O-15,Niger Delta Offshore,3/24/2025,1617,13416,19.21,3,Active
WELL_015,Delta-O-15,Niger Delta Onshore,3/25/2025,1601,13561,19.24,3,Active
WELL_015,Delta-O-15,Niger Delta Offshore,3/26/2025,1527,13606,19.25,0,Active
WELL_015,Delta-O-15,Niger Delta Onshore,3/27/2025,1585,13430,19.27,0,Active
WELL_015,Delta-O-15,Niger Delta Offshore,3/28/2025,1563,13487,19.32,0,Active
WELL_015,Delta-O-15,Niger Delta Offshore,3/29/2025,1532,13424,19.37,0,Active
WELL_015,Delta-O-15,Niger Delta Onshore,3/30/2025,1534,13580,19.4,0,Active
WELL_015,Delta-O-15,Niger Delta Onshore,3/31/2025,1561,13461,19.45,3,Active
WELL_015,Delta-O-15,Niger Delta Onshore,4/1/2025,1542,13457,19.48,2,Active
WELL_015,Delta-O-15,Niger Delta Onshore,4/2/2025,1521,13554,19.53,0,Active
WELL_015,Delta-O-15,Niger Delta Offshore,4/3/2025,1574,13503,19.55,1,Active
WELL_015,Delta-O-15,Niger Delta Offshore,4/4/2025,1593,13428,19.58,2,Active
WELL_015,Delta-O-15,Niger Delta Offshore,4/5/2025,125,2461,19.6,14,Failed
WELL_015,Delta-O-15,Niger Delta Onshore,4/6/2025,1534,13481,19.63,0,Active
WELL_015,Delta-O-15,Niger Delta Onshore,4/7/2025,1530,13400,19.67,0,Active
WELL_015,Delta-O-15,Niger Delta Onshore,4/8/2025,1548,13476,19.71,1,Active
WELL_015,Delta-O-15,Niger Delta Offshore,4/9/2025,1526,13567,19.75,2,Active
WELL_015,Delta-O-15,Niger Delta Onshore,4/10/2025,1559,13458,19.79,2,Active
WELL_015,Delta-O-15,Niger Delta Onshore,4/11/2025,1584,13546,19.82,1,Active
WELL_015,Delta-O-15,Niger Delta Onshore,4/12/2025,381,4245,19.83,17,Failed
WELL_015,Delta-O-15,Niger Delta Onshore,4/13/2025,1589,13475,19.88,1,Active
WELL_015,Delta-O-15,Niger Delta Offshore,4/14/2025,1590,13537,19.91,0,Active
WELL_015,Delta-O-15,Niger Delta Onshore,4/15/2025,1530,13404,19.96,1,Active
WELL_015,Delta-O-15,Niger Delta Onshore,4/16/2025,1561,13496,20,2,Active
WELL_015,Delta-O-15,Niger Delta Offshore,4/17/2025,966,9083,20.02,4,Maintenance
WELL_015,Delta-O-15,Niger Delta Offshore,4/18/2025,204,194,20.04,21,Failed
WELL_015,Delta-O-15,Niger Delta Onshore,4/19/2025,1512,13530,20.09,2,Active
WELL_015,Delta-O-15,Niger Delta Onshore,4/20/2025,1568,13422,20.1,2,Active
WELL_015,Delta-O-15,Niger Delta Onshore,4/21/2025,1587,13548,20.14,3,Active
WELL_015,Delta-O-15,Niger Delta Onshore,4/22/2025,1569,13430,20.18,1,Active
WELL_015,Delta-O-15,Niger Delta Offshore,4/23/2025,1523,13412,20.2,2,Active
WELL_015,Delta-O-15,Niger Delta Onshore,4/24/2025,1538,13462,20.22,0,Active
WELL_015,Delta-O-15,Niger Delta Onshore,4/25/2025,1586,13504,20.27,1,Active
WELL_015,Delta-O-15,Niger Delta Offshore,4/26/2025,1526,13437,20.29,1,Active
WELL_015,Delta-O-15,Niger Delta Onshore,4/27/2025,1530,13403,20.33,3,Active
WELL_015,Delta-O-15,Niger Delta Offshore,4/28/2025,975,9148,20.35,6,Maintenance
WELL_015,Delta-O-15,Niger Delta Offshore,4/29/2025,998,9054,20.39,6,Maintenance
WELL_015,Delta-O-15,Niger Delta Offshore,4/30/2025,945,9129,20.43,5,Maintenance
WELL_015,Delta-O-15,Niger Delta Onshore,5/1/2025,1518,13394,20.46,0,Active
WELL_015,Delta-O-15,Niger Delta Onshore,5/2/2025,1511,13374,20.49,0,Active
WELL_015,Delta-O-15,Niger Delta Onshore,5/3/2025,1569,13429,20.51,1,Active
WELL_015,Delta-O-15,Niger Delta Onshore,5/4/2025,257,2162,20.54,14,Failed
WELL_015,Delta-O-15,Niger Delta Onshore,5/5/2025,97,3701,20.56,22,Failed
WELL_015,Delta-O-15,Niger Delta Onshore,5/6/2025,1544,13495,20.61,1,Active
WELL_015,Delta-O-15,Niger Delta Onshore,5/7/2025,1575,13504,20.65,0,Active
WELL_015,Delta-O-15,Niger Delta Offshore,5/8/2025,1563,13417,20.68,3,Active
WELL_015,Delta-O-15,Niger Delta Offshore,5/9/2025,1573,13402,20.7,1,Active
WELL_015,Delta-O-15,Niger Delta Offshore,5/10/2025,1548,13375,20.74,3,Active
WELL_015,Delta-O-15,Niger Delta Onshore,5/11/2025,1504,13324,20.76,0,Active
WELL_015,Delta-O-15,Niger Delta Offshore,5/12/2025,1579,13321,20.79,3,Active
WELL_015,Delta-O-15,Niger Delta Onshore,5/13/2025,998,9123,20.81,6,Maintenance
WELL_015,Delta-O-15,Niger Delta Offshore,5/14/2025,1564,13489,20.85,1,Active
WELL_016,Delta-P-16,Niger Delta Offshore,1/1/2024,2149,10912,8.02,2,Active
WELL_016,Delta-P-16,Niger Delta Onshore,1/2/2024,2098,10857,8.06,2,Active
WELL_016,Delta-P-16,Niger Delta Onshore,1/3/2024,2121,10871,8.08,3,Active
WELL_016,Delta-P-16,Niger Delta Onshore,1/4/2024,2176,10787,8.13,1,Active
WELL_016,Delta-P-16,Niger Delta Offshore,1/5/2024,2077,10735,8.16,2,Active
WELL_016,Delta-P-16,Niger Delta Offshore,1/6/2024,2116,10928,8.21,2,Active
WELL_016,Delta-P-16,Niger Delta Onshore,1/7/2024,2104,10804,8.26,2,Active
WELL_016,Delta-P-16,Niger Delta Onshore,1/8/2024,2150,10907,8.28,1,Active
WELL_016,Delta-P-16,Niger Delta Offshore,1/9/2024,2087,10853,8.33,2,Active
WELL_016,Delta-P-16,Niger Delta Offshore,1/10/2024,2130,10818,8.34,3,Active
WELL_016,Delta-P-16,Niger Delta Onshore,1/11/2024,2111,10753,8.38,0,Active
WELL_016,Delta-P-16,Niger Delta Onshore,1/12/2024,2131,10819,8.41,1,Active
WELL_016,Delta-P-16,Niger Delta Offshore,1/13/2024,2168,10854,8.43,0,Active
WELL_016,Delta-P-16,Niger Delta Offshore,1/14/2024,2109,10770,8.44,2,Active
WELL_016,Delta-P-16,Niger Delta Offshore,1/15/2024,2089,10911,8.48,3,Active
WELL_016,Delta-P-16,Niger Delta Onshore,1/16/2024,1450,7602,8.52,4,Maintenance
WELL_016,Delta-P-16,Niger Delta Offshore,1/17/2024,2090,10834,8.55,3,Active
WELL_016,Delta-P-16,Niger Delta Offshore,1/18/2024,1511,7579,8.6,4,Maintenance
WELL_016,Delta-P-16,Niger Delta Offshore,1/19/2024,2066,10848,8.64,1,Active
WELL_016,Delta-P-16,Niger Delta Onshore,1/20/2024,1469,7497,8.66,4,Maintenance
WELL_016,Delta-P-16,Niger Delta Onshore,1/21/2024,1519,7581,8.69,9,Maintenance
WELL_016,Delta-P-16,Niger Delta Onshore,1/22/2024,2084,10736,8.74,2,Active
WELL_016,Delta-P-16,Niger Delta Onshore,1/23/2024,507,403,8.77,15,Failed
WELL_016,Delta-P-16,Niger Delta Offshore,1/24/2024,2090,10873,8.79,0,Active
WELL_016,Delta-P-16,Niger Delta Offshore,1/25/2024,2111,10744,8.84,2,Active
WELL_016,Delta-P-16,Niger Delta Onshore,1/26/2024,2152,10825,8.85,3,Active
WELL_016,Delta-P-16,Niger Delta Onshore,1/27/2024,2138,10883,8.89,1,Active
WELL_016,Delta-P-16,Niger Delta Offshore,1/28/2024,2152,10883,8.91,2,Active
WELL_016,Delta-P-16,Niger Delta Offshore,1/29/2024,2068,10698,8.95,3,Active
WELL_016,Delta-P-16,Niger Delta Offshore,1/30/2024,2065,10805,8.97,0,Active
WELL_016,Delta-P-16,Niger Delta Offshore,1/31/2024,1422,7440,9,4,Maintenance
WELL_016,Delta-P-16,Niger Delta Offshore,2/1/2024,2070,10732,9.05,2,Active
WELL_016,Delta-P-16,Niger Delta Offshore,2/2/2024,2123,10866,9.09,3,Active
WELL_016,Delta-P-16,Niger Delta Onshore,2/3/2024,2055,10873,9.12,0,Active
WELL_016,Delta-P-16,Niger Delta Onshore,2/4/2024,2078,10697,9.15,1,Active
WELL_016,Delta-P-16,Niger Delta Offshore,2/5/2024,2094,10675,9.2,3,Active
WELL_016,Delta-P-16,Niger Delta Onshore,2/6/2024,2122,10757,9.24,0,Active
WELL_016,Delta-P-16,Niger Delta Offshore,2/7/2024,1461,7498,9.26,7,Maintenance
WELL_016,Delta-P-16,Niger Delta Offshore,2/8/2024,2129,10852,9.28,0,Active
WELL_016,Delta-P-16,Niger Delta Offshore,2/9/2024,344,2515,9.32,21,Failed
WELL_016,Delta-P-16,Niger Delta Offshore,2/10/2024,2056,10690,9.36,2,Active
WELL_016,Delta-P-16,Niger Delta Onshore,2/11/2024,2105,10717,9.39,3,Active
WELL_016,Delta-P-16,Niger Delta Onshore,2/12/2024,2126,10820,9.42,2,Active
WELL_016,Delta-P-16,Niger Delta Onshore,2/13/2024,1433,7465,9.45,9,Maintenance
WELL_016,Delta-P-16,Niger Delta Onshore,2/14/2024,2065,10680,9.49,3,Active
WELL_016,Delta-P-16,Niger Delta Offshore,2/15/2024,2087,10735,9.52,1,Active
WELL_016,Delta-P-16,Niger Delta Onshore,2/16/2024,2043,10811,9.54,2,Active
WELL_016,Delta-P-16,Niger Delta Onshore,2/17/2024,451,203,9.57,23,Failed
WELL_016,Delta-P-16,Niger Delta Onshore,2/18/2024,2041,10788,9.59,3,Active
WELL_016,Delta-P-16,Niger Delta Offshore,2/19/2024,1448,7574,9.6,7,Maintenance
WELL_016,Delta-P-16,Niger Delta Offshore,2/20/2024,2108,10720,9.62,2,Active
WELL_016,Delta-P-16,Niger Delta Offshore,2/21/2024,2115,10817,9.66,3,Active
WELL_016,Delta-P-16,Niger Delta Offshore,2/22/2024,2072,10691,9.7,3,Active
WELL_016,Delta-P-16,Niger Delta Onshore,2/23/2024,1410,7563,9.73,8,Maintenance
WELL_016,Delta-P-16,Niger Delta Onshore,2/24/2024,2128,10779,9.77,1,Active
WELL_016,Delta-P-16,Niger Delta Onshore,2/25/2024,2107,10634,9.81,3,Active
WELL_016,Delta-P-16,Niger Delta Onshore,2/26/2024,2080,10721,9.84,3,Active
WELL_016,Delta-P-16,Niger Delta Offshore,2/27/2024,2046,10812,9.86,1,Active
WELL_016,Delta-P-16,Niger Delta Offshore,2/28/2024,476,1289,9.89,19,Failed
WELL_016,Delta-P-16,Niger Delta Onshore,2/29/2024,2057,10628,9.92,0,Active
WELL_016,Delta-P-16,Niger Delta Onshore,3/1/2024,305,2746,9.96,23,Failed
WELL_016,Delta-P-16,Niger Delta Offshore,3/2/2024,2095,10622,10,2,Active
WELL_016,Delta-P-16,Niger Delta Onshore,3/3/2024,2125,10637,10.04,0,Active
WELL_016,Delta-P-16,Niger Delta Onshore,3/4/2024,1473,7422,10.06,5,Maintenance
WELL_016,Delta-P-16,Niger Delta Onshore,3/5/2024,1438,7446,10.08,4,Maintenance
WELL_016,Delta-P-16,Niger Delta Offshore,3/6/2024,2095,10708,10.11,3,Active
WELL_016,Delta-P-16,Niger Delta Onshore,3/7/2024,2086,10759,10.15,1,Active
WELL_016,Delta-P-16,Niger Delta Offshore,3/8/2024,2045,10806,10.17,2,Active
WELL_016,Delta-P-16,Niger Delta Offshore,3/9/2024,1428,7497,10.18,6,Maintenance
WELL_016,Delta-P-16,Niger Delta Offshore,3/10/2024,2103,10663,10.21,0,Active
WELL_016,Delta-P-16,Niger Delta Onshore,3/11/2024,2120,10737,10.25,3,Active
WELL_016,Delta-P-16,Niger Delta Onshore,3/12/2024,2029,10658,10.29,2,Active
WELL_016,Delta-P-16,Niger Delta Offshore,3/13/2024,184,1896,10.33,21,Failed
WELL_016,Delta-P-16,Niger Delta Onshore,3/14/2024,2086,10709,10.37,1,Active
WELL_016,Delta-P-16,Niger Delta Onshore,3/15/2024,2047,10703,10.4,3,Active
WELL_016,Delta-P-16,Niger Delta Onshore,3/16/2024,2073,10725,10.43,1,Active
WELL_016,Delta-P-16,Niger Delta Onshore,3/17/2024,2060,10755,10.46,1,Active
WELL_016,Delta-P-16,Niger Delta Onshore,3/18/2024,2092,10736,10.47,1,Active
WELL_016,Delta-P-16,Niger Delta Offshore,3/19/2024,1466,7392,10.48,6,Maintenance
WELL_016,Delta-P-16,Niger Delta Onshore,3/20/2024,2062,10673,10.5,2,Active
WELL_016,Delta-P-16,Niger Delta Offshore,3/21/2024,2112,10623,10.52,0,Active
WELL_016,Delta-P-16,Niger Delta Onshore,3/22/2024,2054,10644,10.54,0,Active
WELL_016,Delta-P-16,Niger Delta Onshore,3/23/2024,2071,10616,10.57,0,Active
WELL_016,Delta-P-16,Niger Delta Onshore,3/24/2024,1434,7509,10.58,5,Maintenance
WELL_016,Delta-P-16,Niger Delta Offshore,3/25/2024,138,1802,10.63,19,Failed
WELL_016,Delta-P-16,Niger Delta Offshore,3/26/2024,2049,10685,10.64,3,Active
WELL_016,Delta-P-16,Niger Delta Offshore,3/27/2024,2108,10756,10.69,3,Active
WELL_016,Delta-P-16,Niger Delta Offshore,3/28/2024,2094,10659,10.73,3,Active
WELL_016,Delta-P-16,Niger Delta Onshore,3/29/2024,2071,10724,10.74,2,Active
WELL_016,Delta-P-16,Niger Delta Offshore,3/30/2024,2053,10571,10.78,3,Active
WELL_016,Delta-P-16,Niger Delta Offshore,3/31/2024,2098,10740,10.81,3,Active
WELL_016,Delta-P-16,Niger Delta Offshore,4/1/2024,133,3005,10.83,17,Failed
WELL_016,Delta-P-16,Niger Delta Onshore,4/2/2024,2064,10566,10.87,1,Active
WELL_016,Delta-P-16,Niger Delta Onshore,4/3/2024,2097,10749,10.89,2,Active
WELL_016,Delta-P-16,Niger Delta Onshore,4/4/2024,2038,10683,10.94,3,Active
WELL_016,Delta-P-16,Niger Delta Onshore,4/5/2024,2004,10706,10.99,1,Active
WELL_016,Delta-P-16,Niger Delta Offshore,4/6/2024,2094,10701,11.03,0,Active
WELL_016,Delta-P-16,Niger Delta Onshore,4/7/2024,2053,10672,11.06,3,Active
WELL_016,Delta-P-16,Niger Delta Onshore,4/8/2024,2009,10619,11.08,3,Active
WELL_016,Delta-P-16,Niger Delta Offshore,4/9/2024,2042,10578,11.12,3,Active
WELL_016,Delta-P-16,Niger Delta Onshore,4/10/2024,357,916,11.14,11,Failed
WELL_016,Delta-P-16,Niger Delta Offshore,4/11/2024,2097,10543,11.17,0,Active
WELL_016,Delta-P-16,Niger Delta Onshore,4/12/2024,2007,10610,11.2,2,Active
WELL_016,Delta-P-16,Niger Delta Offshore,4/13/2024,2000,10603,11.23,2,Active
WELL_016,Delta-P-16,Niger Delta Onshore,4/14/2024,2055,10731,11.25,2,Active
WELL_016,Delta-P-16,Niger Delta Offshore,4/15/2024,2041,10554,11.28,3,Active
WELL_016,Delta-P-16,Niger Delta Onshore,4/16/2024,2069,10643,11.29,3,Active
WELL_016,Delta-P-16,Niger Delta Onshore,4/17/2024,2060,10657,11.3,2,Active
WELL_016,Delta-P-16,Niger Delta Offshore,4/18/2024,2033,10716,11.32,0,Active
WELL_016,Delta-P-16,Niger Delta Onshore,4/19/2024,1362,7441,11.35,5,Maintenance
WELL_016,Delta-P-16,Niger Delta Onshore,4/20/2024,2014,10619,11.4,2,Active
WELL_016,Delta-P-16,Niger Delta Offshore,4/21/2024,1364,7287,11.44,9,Maintenance
WELL_016,Delta-P-16,Niger Delta Offshore,4/22/2024,2059,10653,11.49,3,Active
WELL_016,Delta-P-16,Niger Delta Onshore,4/23/2024,1426,7455,11.52,4,Maintenance
WELL_016,Delta-P-16,Niger Delta Onshore,4/24/2024,2000,10699,11.55,1,Active
WELL_016,Delta-P-16,Niger Delta Onshore,4/25/2024,1385,7454,11.6,9,Maintenance
WELL_016,Delta-P-16,Niger Delta Offshore,4/26/2024,1388,7408,11.61,4,Maintenance
WELL_016,Delta-P-16,Niger Delta Offshore,4/27/2024,1439,7343,11.65,4,Maintenance
WELL_016,Delta-P-16,Niger Delta Onshore,4/28/2024,1377,7353,11.69,6,Maintenance
WELL_016,Delta-P-16,Niger Delta Offshore,4/29/2024,1991,10544,11.72,2,Active
WELL_016,Delta-P-16,Niger Delta Onshore,4/30/2024,2015,10639,11.75,2,Active
WELL_016,Delta-P-16,Niger Delta Onshore,5/1/2024,2075,10676,11.78,3,Active
WELL_016,Delta-P-16,Niger Delta Offshore,5/2/2024,2040,10679,11.83,0,Active
WELL_016,Delta-P-16,Niger Delta Onshore,5/3/2024,1425,7425,11.87,4,Maintenance
WELL_016,Delta-P-16,Niger Delta Offshore,5/4/2024,2075,10604,11.92,1,Active
WELL_016,Delta-P-16,Niger Delta Offshore,5/5/2024,2009,10624,11.96,0,Active
WELL_016,Delta-P-16,Niger Delta Offshore,5/6/2024,2050,10645,11.98,2,Active
WELL_016,Delta-P-16,Niger Delta Offshore,5/7/2024,2068,10612,12.02,3,Active
WELL_016,Delta-P-16,Niger Delta Onshore,5/8/2024,1983,10524,12.05,2,Active
WELL_016,Delta-P-16,Niger Delta Onshore,5/9/2024,2009,10605,12.09,1,Active
WELL_016,Delta-P-16,Niger Delta Offshore,5/10/2024,2009,10508,12.12,3,Active
WELL_016,Delta-P-16,Niger Delta Offshore,5/11/2024,1342,7294,12.14,8,Maintenance
WELL_016,Delta-P-16,Niger Delta Offshore,5/12/2024,2073,10561,12.16,2,Active
WELL_016,Delta-P-16,Niger Delta Offshore,5/13/2024,2056,10529,12.19,3,Active
WELL_016,Delta-P-16,Niger Delta Onshore,5/14/2024,278,815,12.23,16,Failed
WELL_016,Delta-P-16,Niger Delta Onshore,5/15/2024,46,184,12.25,23,Failed
WELL_016,Delta-P-16,Niger Delta Offshore,5/16/2024,2038,10541,12.26,0,Active
WELL_016,Delta-P-16,Niger Delta Offshore,5/17/2024,2009,10484,12.3,0,Active
WELL_016,Delta-P-16,Niger Delta Onshore,5/18/2024,1983,10482,12.31,1,Active
WELL_016,Delta-P-16,Niger Delta Offshore,5/19/2024,1997,10628,12.35,1,Active
WELL_016,Delta-P-16,Niger Delta Onshore,5/20/2024,2065,10479,12.38,2,Active
WELL_016,Delta-P-16,Niger Delta Onshore,5/21/2024,1989,10461,12.42,1,Active
WELL_016,Delta-P-16,Niger Delta Onshore,5/22/2024,395,937,12.47,21,Failed
WELL_016,Delta-P-16,Niger Delta Onshore,5/23/2024,2019,10565,12.5,0,Active
WELL_016,Delta-P-16,Niger Delta Onshore,5/24/2024,1998,10569,12.52,1,Active
WELL_016,Delta-P-16,Niger Delta Offshore,5/25/2024,1380,7372,12.56,8,Maintenance
WELL_016,Delta-P-16,Niger Delta Onshore,5/26/2024,2006,10623,12.57,2,Active
WELL_016,Delta-P-16,Niger Delta Onshore,5/27/2024,1389,7210,12.62,9,Maintenance
WELL_016,Delta-P-16,Niger Delta Onshore,5/28/2024,1994,10573,12.63,3,Active
WELL_016,Delta-P-16,Niger Delta Offshore,5/29/2024,37,2433,12.66,16,Failed
WELL_016,Delta-P-16,Niger Delta Onshore,5/30/2024,1370,7345,12.69,8,Maintenance
WELL_016,Delta-P-16,Niger Delta Offshore,5/31/2024,1335,7273,12.7,5,Maintenance
WELL_016,Delta-P-16,Niger Delta Offshore,6/1/2024,1973,10465,12.73,3,Active
WELL_016,Delta-P-16,Niger Delta Onshore,6/2/2024,384,2884,12.76,20,Failed
WELL_016,Delta-P-16,Niger Delta Onshore,6/3/2024,547,1208,12.77,19,Failed
WELL_016,Delta-P-16,Niger Delta Offshore,6/4/2024,587,145,12.8,12,Failed
WELL_016,Delta-P-16,Niger Delta Onshore,6/5/2024,2043,10434,12.83,3,Active
WELL_016,Delta-P-16,Niger Delta Offshore,6/6/2024,2006,10429,12.88,0,Active
WELL_016,Delta-P-16,Niger Delta Offshore,6/7/2024,2044,10495,12.92,2,Active
WELL_016,Delta-P-16,Niger Delta Offshore,6/8/2024,2045,10531,12.96,1,Active
WELL_016,Delta-P-16,Niger Delta Onshore,6/9/2024,2003,10458,12.99,1,Active
WELL_016,Delta-P-16,Niger Delta Onshore,6/10/2024,2048,10465,13.01,3,Active
WELL_016,Delta-P-16,Niger Delta Onshore,6/11/2024,1999,10484,13.06,0,Active
WELL_016,Delta-P-16,Niger Delta Onshore,6/12/2024,517,1137,13.1,19,Failed
WELL_016,Delta-P-16,Niger Delta Offshore,6/13/2024,342,812,13.15,17,Failed
WELL_016,Delta-P-16,Niger Delta Onshore,6/14/2024,2017,10444,13.16,0,Active
WELL_016,Delta-P-16,Niger Delta Onshore,6/15/2024,1352,7193,13.2,9,Maintenance
WELL_016,Delta-P-16,Niger Delta Onshore,6/16/2024,1956,10415,13.22,1,Active
WELL_016,Delta-P-16,Niger Delta Onshore,6/17/2024,2000,10519,13.23,1,Active
WELL_016,Delta-P-16,Niger Delta Offshore,6/18/2024,2006,10491,13.25,2,Active
WELL_016,Delta-P-16,Niger Delta Offshore,6/19/2024,443,196,13.28,16,Failed
WELL_016,Delta-P-16,Niger Delta Offshore,6/20/2024,2039,10499,13.31,1,Active
WELL_016,Delta-P-16,Niger Delta Offshore,6/21/2024,2018,10462,13.32,0,Active
WELL_016,Delta-P-16,Niger Delta Onshore,6/22/2024,1990,10573,13.34,1,Active
WELL_016,Delta-P-16,Niger Delta Offshore,6/23/2024,1991,10555,13.38,3,Active
WELL_016,Delta-P-16,Niger Delta Offshore,6/24/2024,1389,7143,13.4,5,Maintenance
WELL_016,Delta-P-16,Niger Delta Offshore,6/25/2024,1976,10498,13.44,3,Active
WELL_016,Delta-P-16,Niger Delta Offshore,6/26/2024,534,130,13.47,18,Failed
WELL_016,Delta-P-16,Niger Delta Onshore,6/27/2024,1994,10544,13.48,3,Active
WELL_016,Delta-P-16,Niger Delta Onshore,6/28/2024,1992,10397,13.51,2,Active
WELL_016,Delta-P-16,Niger Delta Onshore,6/29/2024,1971,10541,13.52,2,Active
WELL_016,Delta-P-16,Niger Delta Offshore,6/30/2024,1340,7279,13.55,9,Maintenance
WELL_016,Delta-P-16,Niger Delta Onshore,7/1/2024,2024,10401,13.59,3,Active
WELL_016,Delta-P-16,Niger Delta Onshore,7/2/2024,2013,10422,13.61,3,Active
WELL_016,Delta-P-16,Niger Delta Onshore,7/3/2024,1941,10438,13.64,0,Active
WELL_016,Delta-P-16,Niger Delta Offshore,7/4/2024,2017,10381,13.67,0,Active
WELL_016,Delta-P-16,Niger Delta Offshore,7/5/2024,1998,10473,13.72,1,Active
WELL_016,Delta-P-16,Niger Delta Offshore,7/6/2024,1994,10494,13.77,3,Active
WELL_016,Delta-P-16,Niger Delta Offshore,7/7/2024,1979,10529,13.81,0,Active
WELL_016,Delta-P-16,Niger Delta Offshore,7/8/2024,1371,7249,13.85,4,Maintenance
WELL_016,Delta-P-16,Niger Delta Onshore,7/9/2024,1974,10369,13.87,0,Active
WELL_016,Delta-P-16,Niger Delta Offshore,7/10/2024,1953,10500,13.91,2,Active
WELL_016,Delta-P-16,Niger Delta Onshore,7/11/2024,2018,10459,13.95,3,Active
WELL_016,Delta-P-16,Niger Delta Onshore,7/12/2024,1952,10500,13.99,3,Active
WELL_016,Delta-P-16,Niger Delta Onshore,7/13/2024,1999,10420,14.04,3,Active
WELL_016,Delta-P-16,Niger Delta Offshore,7/14/2024,1941,10386,14.08,1,Active
WELL_016,Delta-P-16,Niger Delta Offshore,7/15/2024,1994,10476,14.12,3,Active
WELL_016,Delta-P-16,Niger Delta Offshore,7/16/2024,1969,10416,14.14,2,Active
WELL_016,Delta-P-16,Niger Delta Offshore,7/17/2024,2016,10469,14.17,3,Active
WELL_016,Delta-P-16,Niger Delta Offshore,7/18/2024,1931,10440,14.19,3,Active
WELL_016,Delta-P-16,Niger Delta Offshore,7/19/2024,1943,10528,14.21,0,Active
WELL_016,Delta-P-16,Niger Delta Offshore,7/20/2024,1962,10350,14.25,2,Active
WELL_016,Delta-P-16,Niger Delta Onshore,7/21/2024,2011,10466,14.27,1,Active
WELL_016,Delta-P-16,Niger Delta Offshore,7/22/2024,1294,7268,14.29,7,Maintenance
WELL_016,Delta-P-16,Niger Delta Offshore,7/23/2024,1978,10344,14.3,2,Active
WELL_016,Delta-P-16,Niger Delta Offshore,7/24/2024,1925,10439,14.35,1,Active
WELL_016,Delta-P-16,Niger Delta Onshore,7/25/2024,2001,10411,14.38,2,Active
WELL_016,Delta-P-16,Niger Delta Offshore,7/26/2024,1983,10448,14.42,2,Active
WELL_016,Delta-P-16,Niger Delta Onshore,7/27/2024,1966,10425,14.46,2,Active
WELL_016,Delta-P-16,Niger Delta Offshore,7/28/2024,1915,10387,14.47,3,Active
WELL_016,Delta-P-16,Niger Delta Onshore,7/29/2024,1315,7109,14.5,5,Maintenance
WELL_016,Delta-P-16,Niger Delta Onshore,7/30/2024,1955,10361,14.55,2,Active
WELL_016,Delta-P-16,Niger Delta Onshore,7/31/2024,1920,10341,14.6,1,Active
WELL_016,Delta-P-16,Niger Delta Offshore,8/1/2024,1951,10490,14.64,3,Active
WELL_016,Delta-P-16,Niger Delta Offshore,8/2/2024,178,1166,14.69,16,Failed
WELL_016,Delta-P-16,Niger Delta Onshore,8/3/2024,1966,10401,14.7,3,Active
WELL_016,Delta-P-16,Niger Delta Onshore,8/4/2024,1970,10393,14.75,3,Active
WELL_016,Delta-P-16,Niger Delta Onshore,8/5/2024,1936,10319,14.78,3,Active
WELL_016,Delta-P-16,Niger Delta Offshore,8/6/2024,1970,10418,14.8,1,Active
WELL_016,Delta-P-16,Niger Delta Onshore,8/7/2024,1944,10430,14.83,2,Active
WELL_016,Delta-P-16,Niger Delta Offshore,8/8/2024,1941,10357,14.88,1,Active
WELL_016,Delta-P-16,Niger Delta Offshore,8/9/2024,1948,10451,14.9,3,Active
WELL_016,Delta-P-16,Niger Delta Offshore,8/10/2024,567,1687,14.95,13,Failed
WELL_016,Delta-P-16,Niger Delta Onshore,8/11/2024,1949,10434,14.97,0,Active
WELL_016,Delta-P-16,Niger Delta Onshore,8/12/2024,1334,7046,15.01,6,Maintenance
WELL_016,Delta-P-16,Niger Delta Offshore,8/13/2024,1327,7193,15.03,9,Maintenance
WELL_016,Delta-P-16,Niger Delta Offshore,8/14/2024,1919,10317,15.05,0,Active
WELL_016,Delta-P-16,Niger Delta Offshore,8/15/2024,1930,10313,15.06,0,Active
WELL_016,Delta-P-16,Niger Delta Offshore,8/16/2024,1901,10403,15.1,1,Active
WELL_016,Delta-P-16,Niger Delta Offshore,8/17/2024,1965,10421,15.14,1,Active
WELL_016,Delta-P-16,Niger Delta Offshore,8/18/2024,1330,7047,15.18,8,Maintenance
WELL_016,Delta-P-16,Niger Delta Offshore,8/19/2024,1295,7093,15.22,5,Maintenance
WELL_016,Delta-P-16,Niger Delta Offshore,8/20/2024,1899,10306,15.24,3,Active
WELL_016,Delta-P-16,Niger Delta Offshore,8/21/2024,1913,10326,15.25,1,Active
WELL_016,Delta-P-16,Niger Delta Offshore,8/22/2024,1923,10384,15.28,1,Active
WELL_016,Delta-P-16,Niger Delta Onshore,8/23/2024,367,761,15.31,18,Failed
WELL_016,Delta-P-16,Niger Delta Onshore,8/24/2024,1339,7107,15.33,5,Maintenance
WELL_016,Delta-P-16,Niger Delta Offshore,8/25/2024,1977,10431,15.35,2,Active
WELL_016,Delta-P-16,Niger Delta Onshore,8/26/2024,220,554,15.38,19,Failed
WELL_016,Delta-P-16,Niger Delta Offshore,8/27/2024,1890,10452,15.42,0,Active
WELL_016,Delta-P-16,Niger Delta Offshore,8/28/2024,414,64,15.43,23,Failed
WELL_016,Delta-P-16,Niger Delta Offshore,8/29/2024,1954,10363,15.46,1,Active
WELL_016,Delta-P-16,Niger Delta Offshore,8/30/2024,222,2962,15.51,20,Failed
WELL_016,Delta-P-16,Niger Delta Offshore,8/31/2024,1953,10319,15.53,2,Active
WELL_016,Delta-P-16,Niger Delta Offshore,9/1/2024,1957,10262,15.54,2,Active
WELL_016,Delta-P-16,Niger Delta Offshore,9/2/2024,527,723,15.58,10,Failed
WELL_016,Delta-P-16,Niger Delta Offshore,9/3/2024,1300,7132,15.6,8,Maintenance
WELL_016,Delta-P-16,Niger Delta Onshore,9/4/2024,1922,10281,15.62,1,Active
WELL_016,Delta-P-16,Niger Delta Offshore,9/5/2024,586,973,15.65,22,Failed
WELL_016,Delta-P-16,Niger Delta Offshore,9/6/2024,1967,10424,15.69,2,Active
WELL_016,Delta-P-16,Niger Delta Onshore,9/7/2024,1887,10428,15.71,2,Active
WELL_016,Delta-P-16,Niger Delta Onshore,9/8/2024,1906,10404,15.74,2,Active
WELL_016,Delta-P-16,Niger Delta Onshore,9/9/2024,1240,7074,15.78,8,Maintenance
WELL_016,Delta-P-16,Niger Delta Onshore,9/10/2024,1933,10434,15.79,0,Active
WELL_016,Delta-P-16,Niger Delta Offshore,9/11/2024,1929,10385,15.82,2,Active
WELL_016,Delta-P-16,Niger Delta Offshore,9/12/2024,1911,10323,15.85,2,Active
WELL_016,Delta-P-16,Niger Delta Onshore,9/13/2024,585,1398,15.89,10,Failed
WELL_016,Delta-P-16,Niger Delta Offshore,9/14/2024,1878,10258,15.92,0,Active
WELL_016,Delta-P-16,Niger Delta Offshore,9/15/2024,1918,10277,15.96,2,Active
WELL_016,Delta-P-16,Niger Delta Onshore,9/16/2024,1892,10232,16.01,0,Active
WELL_016,Delta-P-16,Niger Delta Onshore,9/17/2024,1879,10393,16.02,2,Active
WELL_016,Delta-P-16,Niger Delta Onshore,9/18/2024,1930,10323,16.07,1,Active
WELL_016,Delta-P-16,Niger Delta Onshore,9/19/2024,1964,10354,16.1,0,Active
WELL_016,Delta-P-16,Niger Delta Offshore,9/20/2024,1869,10404,16.13,1,Active
WELL_016,Delta-P-16,Niger Delta Onshore,9/21/2024,597,1016,16.16,10,Failed
WELL_016,Delta-P-16,Niger Delta Onshore,9/22/2024,1952,10366,16.18,1,Active
WELL_016,Delta-P-16,Niger Delta Onshore,9/23/2024,1237,7079,16.2,5,Maintenance
WELL_016,Delta-P-16,Niger Delta Onshore,9/24/2024,1936,10235,16.22,1,Active
WELL_016,Delta-P-16,Niger Delta Onshore,9/25/2024,1903,10298,16.26,3,Active
WELL_016,Delta-P-16,Niger Delta Onshore,9/26/2024,1870,10272,16.31,3,Active
WELL_016,Delta-P-16,Niger Delta Onshore,9/27/2024,1874,10367,16.34,1,Active
WELL_016,Delta-P-16,Niger Delta Onshore,9/28/2024,1891,10287,16.39,2,Active
WELL_016,Delta-P-16,Niger Delta Offshore,9/29/2024,1306,7029,16.43,5,Maintenance
WELL_016,Delta-P-16,Niger Delta Onshore,9/30/2024,1934,10330,16.45,0,Active
WELL_016,Delta-P-16,Niger Delta Offshore,10/1/2024,1885,10372,16.5,3,Active
WELL_016,Delta-P-16,Niger Delta Offshore,10/2/2024,1898,10307,16.51,0,Active
WELL_016,Delta-P-16,Niger Delta Onshore,10/3/2024,1900,10199,16.55,3,Active
WELL_016,Delta-P-16,Niger Delta Onshore,10/4/2024,1299,7076,16.58,6,Maintenance
WELL_016,Delta-P-16,Niger Delta Offshore,10/5/2024,1932,10293,16.62,0,Active
WELL_016,Delta-P-16,Niger Delta Offshore,10/6/2024,1951,10189,16.65,3,Active
WELL_016,Delta-P-16,Niger Delta Offshore,10/7/2024,1891,10314,16.68,2,Active
WELL_016,Delta-P-16,Niger Delta Offshore,10/8/2024,1893,10309,16.73,2,Active
WELL_016,Delta-P-16,Niger Delta Onshore,10/9/2024,1925,10365,16.75,2,Active
WELL_016,Delta-P-16,Niger Delta Offshore,10/10/2024,553,2909,16.78,13,Failed
WELL_016,Delta-P-16,Niger Delta Onshore,10/11/2024,1880,10255,16.82,2,Active
WELL_016,Delta-P-16,Niger Delta Offshore,10/12/2024,1234,7014,16.86,6,Maintenance
WELL_016,Delta-P-16,Niger Delta Offshore,10/13/2024,1290,6979,16.89,8,Maintenance
WELL_016,Delta-P-16,Niger Delta Offshore,10/14/2024,306,10,16.9,15,Failed
WELL_016,Delta-P-16,Niger Delta Onshore,10/15/2024,1892,10350,16.95,1,Active
WELL_016,Delta-P-16,Niger Delta Onshore,10/16/2024,1856,10186,17,0,Active
WELL_016,Delta-P-16,Niger Delta Offshore,10/17/2024,506,685,17.01,17,Failed
WELL_016,Delta-P-16,Niger Delta Offshore,10/18/2024,1221,6931,17.06,7,Maintenance
WELL_016,Delta-P-16,Niger Delta Offshore,10/19/2024,1864,10297,17.07,1,Active
WELL_016,Delta-P-16,Niger Delta Onshore,10/20/2024,1850,10278,17.08,0,Active
WELL_016,Delta-P-16,Niger Delta Offshore,10/21/2024,1254,7074,17.13,7,Maintenance
WELL_016,Delta-P-16,Niger Delta Onshore,10/22/2024,1863,10238,17.15,2,Active
WELL_016,Delta-P-16,Niger Delta Offshore,10/23/2024,1918,10249,17.18,3,Active
WELL_016,Delta-P-16,Niger Delta Onshore,10/24/2024,1899,10175,17.23,3,Active
WELL_016,Delta-P-16,Niger Delta Onshore,10/25/2024,1940,10154,17.26,0,Active
WELL_016,Delta-P-16,Niger Delta Offshore,10/26/2024,489,1382,17.27,22,Failed
WELL_016,Delta-P-16,Niger Delta Onshore,10/27/2024,1884,10228,17.32,0,Active
WELL_016,Delta-P-16,Niger Delta Offshore,10/28/2024,605,3119,17.35,11,Failed
WELL_016,Delta-P-16,Niger Delta Offshore,10/29/2024,1889,10301,17.38,2,Active
WELL_016,Delta-P-16,Niger Delta Offshore,10/30/2024,1866,10256,17.4,3,Active
WELL_016,Delta-P-16,Niger Delta Onshore,10/31/2024,1874,10262,17.41,2,Active
WELL_016,Delta-P-16,Niger Delta Onshore,11/1/2024,1847,10288,17.45,0,Active
WELL_016,Delta-P-16,Niger Delta Onshore,11/2/2024,1909,10259,17.47,0,Active
WELL_016,Delta-P-16,Niger Delta Onshore,11/3/2024,1891,10265,17.48,3,Active
WELL_016,Delta-P-16,Niger Delta Onshore,11/4/2024,1898,10219,17.52,0,Active
WELL_016,Delta-P-16,Niger Delta Offshore,11/5/2024,1889,10148,17.56,0,Active
WELL_016,Delta-P-16,Niger Delta Offshore,11/6/2024,1899,10309,17.58,0,Active
WELL_016,Delta-P-16,Niger Delta Onshore,11/7/2024,384,612,17.61,12,Failed
WELL_016,Delta-P-16,Niger Delta Onshore,11/8/2024,1923,10251,17.65,2,Active
WELL_016,Delta-P-16,Niger Delta Onshore,11/9/2024,1906,10123,17.66,1,Active
WELL_016,Delta-P-16,Niger Delta Onshore,11/10/2024,1844,10221,17.68,2,Active
WELL_016,Delta-P-16,Niger Delta Offshore,11/11/2024,1872,10245,17.69,0,Active
WELL_016,Delta-P-16,Niger Delta Offshore,11/12/2024,1828,10212,17.73,2,Active
WELL_016,Delta-P-16,Niger Delta Offshore,11/13/2024,1868,10200,17.76,2,Active
WELL_016,Delta-P-16,Niger Delta Offshore,11/14/2024,1905,10282,17.79,2,Active
WELL_016,Delta-P-16,Niger Delta Offshore,11/15/2024,1256,6875,17.82,8,Maintenance
WELL_016,Delta-P-16,Niger Delta Offshore,11/16/2024,1275,6998,17.87,5,Maintenance
WELL_016,Delta-P-16,Niger Delta Offshore,11/17/2024,1892,10156,17.88,3,Active
WELL_016,Delta-P-16,Niger Delta Offshore,11/18/2024,1872,10118,17.93,0,Active
WELL_016,Delta-P-16,Niger Delta Offshore,11/19/2024,1904,10203,17.95,2,Active
WELL_016,Delta-P-16,Niger Delta Onshore,11/20/2024,1822,10259,17.98,1,Active
WELL_016,Delta-P-16,Niger Delta Onshore,11/21/2024,1827,10218,18.03,3,Active
WELL_016,Delta-P-16,Niger Delta Onshore,11/22/2024,1854,10157,18.07,0,Active
WELL_016,Delta-P-16,Niger Delta Onshore,11/23/2024,1909,10194,18.09,1,Active
WELL_016,Delta-P-16,Niger Delta Onshore,11/24/2024,1872,10130,18.13,1,Active
WELL_016,Delta-P-16,Niger Delta Offshore,11/25/2024,1874,10187,18.17,1,Active
WELL_016,Delta-P-16,Niger Delta Offshore,11/26/2024,1269,6936,18.2,5,Maintenance
WELL_016,Delta-P-16,Niger Delta Onshore,11/27/2024,1861,10267,18.25,2,Active
WELL_016,Delta-P-16,Niger Delta Onshore,11/28/2024,1854,10255,18.29,2,Active
WELL_016,Delta-P-16,Niger Delta Offshore,11/29/2024,1868,10091,18.33,1,Active
WELL_016,Delta-P-16,Niger Delta Onshore,11/30/2024,1873,10196,18.36,1,Active
WELL_016,Delta-P-16,Niger Delta Onshore,12/1/2024,1230,6966,18.38,6,Maintenance
WELL_016,Delta-P-16,Niger Delta Onshore,12/2/2024,1886,10101,18.42,3,Active
WELL_016,Delta-P-16,Niger Delta Offshore,12/3/2024,1836,10186,18.47,1,Active
WELL_016,Delta-P-16,Niger Delta Offshore,12/4/2024,1240,6933,18.49,7,Maintenance
WELL_016,Delta-P-16,Niger Delta Onshore,12/5/2024,1878,10073,18.52,3,Active
WELL_016,Delta-P-16,Niger Delta Offshore,12/6/2024,1226,6918,18.56,6,Maintenance
WELL_016,Delta-P-16,Niger Delta Onshore,12/7/2024,1828,10114,18.59,1,Active
WELL_016,Delta-P-16,Niger Delta Onshore,12/8/2024,1890,10193,18.64,2,Active
WELL_016,Delta-P-16,Niger Delta Offshore,12/9/2024,1822,10241,18.65,0,Active
WELL_016,Delta-P-16,Niger Delta Offshore,12/10/2024,1832,10225,18.69,3,Active
WELL_016,Delta-P-16,Niger Delta Onshore,12/11/2024,1883,10198,18.74,0,Active
WELL_016,Delta-P-16,Niger Delta Offshore,12/12/2024,1827,10073,18.77,0,Active
WELL_016,Delta-P-16,Niger Delta Offshore,12/13/2024,1820,10134,18.79,3,Active
WELL_016,Delta-P-16,Niger Delta Onshore,12/14/2024,1808,10082,18.84,3,Active
WELL_016,Delta-P-16,Niger Delta Offshore,12/15/2024,1812,10082,18.87,2,Active
WELL_016,Delta-P-16,Niger Delta Offshore,12/16/2024,1821,10062,18.88,3,Active
WELL_016,Delta-P-16,Niger Delta Offshore,12/17/2024,25,2145,18.9,22,Failed
WELL_016,Delta-P-16,Niger Delta Onshore,12/18/2024,1846,10046,18.92,2,Active
WELL_016,Delta-P-16,Niger Delta Onshore,12/19/2024,1880,10128,18.95,3,Active
WELL_016,Delta-P-16,Niger Delta Offshore,12/20/2024,1840,10049,18.97,0,Active
WELL_016,Delta-P-16,Niger Delta Offshore,12/21/2024,243,3198,19.01,16,Failed
WELL_016,Delta-P-16,Niger Delta Offshore,12/22/2024,1864,10108,19.02,3,Active
WELL_016,Delta-P-16,Niger Delta Offshore,12/23/2024,1822,10109,19.03,3,Active
WELL_016,Delta-P-16,Niger Delta Offshore,12/24/2024,1166,6815,19.05,6,Maintenance
WELL_016,Delta-P-16,Niger Delta Offshore,12/25/2024,1847,10163,19.09,0,Active
WELL_016,Delta-P-16,Niger Delta Onshore,12/26/2024,1842,10145,19.13,3,Active
WELL_016,Delta-P-16,Niger Delta Offshore,12/27/2024,1843,10199,19.15,0,Active
WELL_016,Delta-P-16,Niger Delta Onshore,12/28/2024,1811,10145,19.19,1,Active
WELL_016,Delta-P-16,Niger Delta Onshore,12/29/2024,1202,6847,19.23,6,Maintenance
WELL_016,Delta-P-16,Niger Delta Offshore,12/30/2024,1844,10038,19.28,0,Active
WELL_016,Delta-P-16,Niger Delta Onshore,12/31/2024,1804,10091,19.3,1,Active
WELL_016,Delta-P-16,Niger Delta Onshore,1/1/2025,1800,10140,19.34,2,Active
WELL_016,Delta-P-16,Niger Delta Onshore,1/2/2025,1830,10204,19.38,3,Active
WELL_016,Delta-P-16,Niger Delta Offshore,1/3/2025,294,2139,19.42,11,Failed
WELL_016,Delta-P-16,Niger Delta Onshore,1/4/2025,1828,10158,19.46,1,Active
WELL_016,Delta-P-16,Niger Delta Offshore,1/5/2025,1840,10162,19.5,1,Active
WELL_016,Delta-P-16,Niger Delta Onshore,1/6/2025,1799,10169,19.52,3,Active
WELL_016,Delta-P-16,Niger Delta Onshore,1/7/2025,1817,10077,19.56,0,Active
WELL_016,Delta-P-16,Niger Delta Onshore,1/8/2025,1858,10079,19.59,0,Active
WELL_016,Delta-P-16,Niger Delta Offshore,1/9/2025,1822,10073,19.63,1,Active
WELL_016,Delta-P-16,Niger Delta Offshore,1/10/2025,193,385,19.66,21,Failed
WELL_016,Delta-P-16,Niger Delta Onshore,1/11/2025,1797,10147,19.69,3,Active
WELL_016,Delta-P-16,Niger Delta Onshore,1/12/2025,1863,10125,19.74,3,Active
WELL_016,Delta-P-16,Niger Delta Offshore,1/13/2025,1850,10043,19.77,3,Active
WELL_016,Delta-P-16,Niger Delta Onshore,1/14/2025,1185,6912,19.82,5,Maintenance
WELL_016,Delta-P-16,Niger Delta Offshore,1/15/2025,1211,6736,19.83,5,Maintenance
WELL_016,Delta-P-16,Niger Delta Offshore,1/16/2025,16,874,19.84,15,Failed
WELL_016,Delta-P-16,Niger Delta Offshore,1/17/2025,1818,10007,19.86,0,Active
WELL_016,Delta-P-16,Niger Delta Offshore,1/18/2025,92,2676,19.9,16,Failed
WELL_016,Delta-P-16,Niger Delta Offshore,1/19/2025,1193,6858,19.93,4,Maintenance
WELL_016,Delta-P-16,Niger Delta Onshore,1/20/2025,1779,10106,19.96,3,Active
WELL_016,Delta-P-16,Niger Delta Offshore,1/21/2025,1852,10075,19.97,1,Active
WELL_016,Delta-P-16,Niger Delta Offshore,1/22/2025,1188,6885,20,7,Maintenance
WELL_016,Delta-P-16,Niger Delta Onshore,1/23/2025,1827,10070,20.01,1,Active
WELL_016,Delta-P-16,Niger Delta Offshore,1/24/2025,1194,6885,20.05,9,Maintenance
WELL_016,Delta-P-16,Niger Delta Onshore,1/25/2025,1812,10125,20.08,3,Active
WELL_016,Delta-P-16,Niger Delta Offshore,1/26/2025,1850,10091,20.12,1,Active
WELL_016,Delta-P-16,Niger Delta Onshore,1/27/2025,1809,9997,20.16,3,Active
WELL_016,Delta-P-16,Niger Delta Offshore,1/28/2025,1795,10129,20.2,3,Active
WELL_016,Delta-P-16,Niger Delta Onshore,1/29/2025,1805,9983,20.24,3,Active
WELL_016,Delta-P-16,Niger Delta Offshore,1/30/2025,1847,10147,20.27,2,Active
WELL_016,Delta-P-16,Niger Delta Offshore,1/31/2025,1813,10030,20.32,1,Active
WELL_016,Delta-P-16,Niger Delta Offshore,2/1/2025,1824,9998,20.33,2,Active
WELL_016,Delta-P-16,Niger Delta Offshore,2/2/2025,1176,6804,20.36,4,Maintenance
WELL_016,Delta-P-16,Niger Delta Offshore,2/3/2025,1804,10108,20.4,2,Active
WELL_016,Delta-P-16,Niger Delta Onshore,2/4/2025,1858,10036,20.42,1,Active
WELL_016,Delta-P-16,Niger Delta Onshore,2/5/2025,1826,10051,20.44,3,Active
WELL_016,Delta-P-16,Niger Delta Onshore,2/6/2025,244,1662,20.47,19,Failed
WELL_016,Delta-P-16,Niger Delta Offshore,2/7/2025,1769,10056,20.51,3,Active
WELL_016,Delta-P-16,Niger Delta Offshore,2/8/2025,1836,9937,20.54,3,Active
WELL_016,Delta-P-16,Niger Delta Onshore,2/9/2025,1852,10121,20.56,3,Active
WELL_016,Delta-P-16,Niger Delta Offshore,2/10/2025,1824,9965,20.57,2,Active
WELL_016,Delta-P-16,Niger Delta Onshore,2/11/2025,1189,6774,20.61,7,Maintenance
WELL_016,Delta-P-16,Niger Delta Offshore,2/12/2025,1762,9971,20.63,0,Active
WELL_016,Delta-P-16,Niger Delta Offshore,2/13/2025,1763,9954,20.67,1,Active
WELL_016,Delta-P-16,Niger Delta Offshore,2/14/2025,1776,9926,20.72,0,Active
WELL_016,Delta-P-16,Niger Delta Offshore,2/15/2025,1849,9986,20.75,0,Active
WELL_016,Delta-P-16,Niger Delta Offshore,2/16/2025,1782,10062,20.77,3,Active
WELL_016,Delta-P-16,Niger Delta Onshore,2/17/2025,562,475,20.79,10,Failed
WELL_016,Delta-P-16,Niger Delta Onshore,2/18/2025,1842,9926,20.81,2,Active
WELL_016,Delta-P-16,Niger Delta Offshore,2/19/2025,1149,6695,20.84,6,Maintenance
WELL_016,Delta-P-16,Niger Delta Offshore,2/20/2025,1163,6725,20.85,4,Maintenance
WELL_016,Delta-P-16,Niger Delta Offshore,2/21/2025,1767,9992,20.88,3,Active
WELL_016,Delta-P-16,Niger Delta Offshore,2/22/2025,1786,9958,20.9,2,Active
WELL_016,Delta-P-16,Niger Delta Onshore,2/23/2025,1754,10043,20.91,0,Active
WELL_016,Delta-P-16,Niger Delta Onshore,2/24/2025,1760,10090,20.96,2,Active
WELL_016,Delta-P-16,Niger Delta Offshore,2/25/2025,1831,9993,20.97,1,Active
WELL_016,Delta-P-16,Niger Delta Onshore,2/26/2025,1753,9984,21,1,Active
WELL_016,Delta-P-16,Niger Delta Onshore,2/27/2025,1759,9918,21.03,1,Active
WELL_016,Delta-P-16,Niger Delta Onshore,2/28/2025,1835,10075,21.07,2,Active
WELL_016,Delta-P-16,Niger Delta Offshore,3/1/2025,1782,10036,21.1,1,Active
WELL_016,Delta-P-16,Niger Delta Offshore,3/2/2025,1799,9918,21.13,0,Active
WELL_016,Delta-P-16,Niger Delta Offshore,3/3/2025,1790,9957,21.16,1,Active
WELL_016,Delta-P-16,Niger Delta Offshore,3/4/2025,1776,9944,21.17,1,Active
WELL_016,Delta-P-16,Niger Delta Offshore,3/5/2025,1819,9888,21.19,2,Active
WELL_016,Delta-P-16,Niger Delta Offshore,3/6/2025,1786,10045,21.21,0,Active
WELL_016,Delta-P-16,Niger Delta Offshore,3/7/2025,1778,9905,21.26,0,Active
WELL_016,Delta-P-16,Niger Delta Offshore,3/8/2025,1162,6732,21.29,5,Maintenance
WELL_016,Delta-P-16,Niger Delta Offshore,3/9/2025,1795,9878,21.34,1,Active
WELL_016,Delta-P-16,Niger Delta Onshore,3/10/2025,1772,9921,21.38,3,Active
WELL_016,Delta-P-16,Niger Delta Onshore,3/11/2025,326,1713,21.41,16,Failed
WELL_016,Delta-P-16,Niger Delta Offshore,3/12/2025,1779,9896,21.42,2,Active
WELL_016,Delta-P-16,Niger Delta Offshore,3/13/2025,1741,9918,21.45,0,Active
WELL_016,Delta-P-16,Niger Delta Offshore,3/14/2025,1756,10043,21.49,1,Active
WELL_016,Delta-P-16,Niger Delta Offshore,3/15/2025,1741,9942,21.52,1,Active
WELL_016,Delta-P-16,Niger Delta Onshore,3/16/2025,1734,9900,21.56,0,Active
WELL_016,Delta-P-16,Niger Delta Offshore,3/17/2025,1751,9890,21.58,2,Active
WELL_016,Delta-P-16,Niger Delta Onshore,3/18/2025,1804,9865,21.59,0,Active
WELL_016,Delta-P-16,Niger Delta Offshore,3/19/2025,1807,9902,21.63,0,Active
WELL_016,Delta-P-16,Niger Delta Offshore,3/20/2025,1748,10011,21.64,1,Active
WELL_016,Delta-P-16,Niger Delta Onshore,3/21/2025,1753,9928,21.69,2,Active
WELL_016,Delta-P-16,Niger Delta Onshore,3/22/2025,1796,9927,21.72,1,Active
WELL_016,Delta-P-16,Niger Delta Offshore,3/23/2025,1766,9903,21.73,1,Active
WELL_016,Delta-P-16,Niger Delta Onshore,3/24/2025,1762,9943,21.78,2,Active
WELL_016,Delta-P-16,Niger Delta Onshore,3/25/2025,1136,6594,21.79,7,Maintenance
WELL_016,Delta-P-16,Niger Delta Onshore,3/26/2025,1722,9971,21.82,1,Active
WELL_016,Delta-P-16,Niger Delta Offshore,3/27/2025,1798,9930,21.83,1,Active
WELL_016,Delta-P-16,Niger Delta Onshore,3/28/2025,123,111,21.84,12,Failed
WELL_016,Delta-P-16,Niger Delta Offshore,3/29/2025,1782,9982,21.88,1,Active
WELL_016,Delta-P-16,Niger Delta Onshore,3/30/2025,1771,9888,21.9,0,Active
WELL_016,Delta-P-16,Niger Delta Onshore,3/31/2025,1763,9911,21.92,2,Active
WELL_016,Delta-P-16,Niger Delta Onshore,4/1/2025,1798,9837,21.93,0,Active
WELL_016,Delta-P-16,Niger Delta Onshore,4/2/2025,1748,9985,21.95,3,Active
WELL_016,Delta-P-16,Niger Delta Onshore,4/3/2025,1760,9967,21.96,1,Active
WELL_016,Delta-P-16,Niger Delta Onshore,4/4/2025,1732,9977,21.98,2,Active
WELL_016,Delta-P-16,Niger Delta Offshore,4/5/2025,1795,9856,22,2,Active
WELL_016,Delta-P-16,Niger Delta Offshore,4/6/2025,1763,9836,22.02,3,Active
WELL_016,Delta-P-16,Niger Delta Onshore,4/7/2025,1739,9901,22.05,3,Active
WELL_016,Delta-P-16,Niger Delta Offshore,4/8/2025,1732,9915,22.07,0,Active
WELL_016,Delta-P-16,Niger Delta Offshore,4/9/2025,1754,9831,22.09,3,Active
WELL_016,Delta-P-16,Niger Delta Onshore,4/10/2025,1778,9854,22.13,2,Active
WELL_016,Delta-P-16,Niger Delta Onshore,4/11/2025,1793,9841,22.16,2,Active
WELL_016,Delta-P-16,Niger Delta Offshore,4/12/2025,1758,9899,22.18,1,Active
WELL_016,Delta-P-16,Niger Delta Offshore,4/13/2025,1770,9965,22.2,3,Active
WELL_016,Delta-P-16,Niger Delta Offshore,4/14/2025,1067,6664,22.22,9,Maintenance
WELL_016,Delta-P-16,Niger Delta Onshore,4/15/2025,1753,9911,22.26,3,Active
WELL_016,Delta-P-16,Niger Delta Offshore,4/16/2025,1755,9985,22.27,2,Active
WELL_016,Delta-P-16,Niger Delta Offshore,4/17/2025,476,2876,22.29,12,Failed
WELL_016,Delta-P-16,Niger Delta Offshore,4/18/2025,1718,9916,22.32,3,Active
WELL_016,Delta-P-16,Niger Delta Onshore,4/19/2025,1795,9870,22.36,2,Active
WELL_016,Delta-P-16,Niger Delta Offshore,4/20/2025,1087,6542,22.39,8,Maintenance
WELL_016,Delta-P-16,Niger Delta Offshore,4/21/2025,1714,9817,22.44,1,Active
WELL_016,Delta-P-16,Niger Delta Offshore,4/22/2025,1753,9907,22.47,3,Active
WELL_016,Delta-P-16,Niger Delta Offshore,4/23/2025,1104,6610,22.48,8,Maintenance
WELL_016,Delta-P-16,Niger Delta Onshore,4/24/2025,1705,9896,22.51,0,Active
WELL_016,Delta-P-16,Niger Delta Offshore,4/25/2025,1703,9920,22.53,2,Active
WELL_016,Delta-P-16,Niger Delta Offshore,4/26/2025,1778,9935,22.54,2,Active
WELL_016,Delta-P-16,Niger Delta Onshore,4/27/2025,1779,9866,22.56,0,Active
WELL_016,Delta-P-16,Niger Delta Offshore,4/28/2025,410,1555,22.61,18,Failed
WELL_016,Delta-P-16,Niger Delta Offshore,4/29/2025,244,2985,22.62,22,Failed
WELL_016,Delta-P-16,Niger Delta Offshore,4/30/2025,138,356,22.64,21,Failed
WELL_016,Delta-P-16,Niger Delta Onshore,5/1/2025,1770,9868,22.68,0,Active
WELL_016,Delta-P-16,Niger Delta Onshore,5/2/2025,1721,9773,22.7,3,Active
WELL_016,Delta-P-16,Niger Delta Onshore,5/3/2025,1774,9822,22.72,1,Active
WELL_016,Delta-P-16,Niger Delta Offshore,5/4/2025,518,1579,22.77,15,Failed
WELL_016,Delta-P-16,Niger Delta Offshore,5/5/2025,1109,6605,22.8,5,Maintenance
WELL_016,Delta-P-16,Niger Delta Onshore,5/6/2025,1688,9803,22.85,2,Active
WELL_016,Delta-P-16,Niger Delta Offshore,5/7/2025,1742,9870,22.88,3,Active
WELL_016,Delta-P-16,Niger Delta Offshore,5/8/2025,1721,9862,22.93,2,Active
WELL_016,Delta-P-16,Niger Delta Onshore,5/9/2025,1738,9810,22.97,3,Active
WELL_016,Delta-P-16,Niger Delta Onshore,5/10/2025,1695,9813,23.01,1,Active
WELL_016,Delta-P-16,Niger Delta Onshore,5/11/2025,1698,9911,23.04,3,Active
WELL_016,Delta-P-16,Niger Delta Onshore,5/12/2025,525,2397,23.06,20,Failed
WELL_016,Delta-P-16,Niger Delta Onshore,5/13/2025,1692,9830,23.11,1,Active
WELL_016,Delta-P-16,Niger Delta Onshore,5/14/2025,1729,9841,23.13,2,Active
WELL_017,Delta-Q-17,Niger Delta Onshore,1/1/2024,1553,9168,9.03,7,Maintenance
WELL_017,Delta-Q-17,Niger Delta Offshore,1/2/2024,2236,13039,9.07,2,Active
WELL_017,Delta-Q-17,Niger Delta Onshore,1/3/2024,2320,13176,9.11,3,Active
WELL_017,Delta-Q-17,Niger Delta Offshore,1/4/2024,2273,13048,9.16,3,Active
WELL_017,Delta-Q-17,Niger Delta Offshore,1/5/2024,1597,9063,9.17,9,Maintenance
WELL_017,Delta-Q-17,Niger Delta Onshore,1/6/2024,635,3573,9.22,23,Failed
WELL_017,Delta-Q-17,Niger Delta Onshore,1/7/2024,373,2281,9.24,10,Failed
WELL_017,Delta-Q-17,Niger Delta Offshore,1/8/2024,2258,13000,9.27,2,Active
WELL_017,Delta-Q-17,Niger Delta Offshore,1/9/2024,2224,13012,9.32,3,Active
WELL_017,Delta-Q-17,Niger Delta Offshore,1/10/2024,1551,9193,9.34,8,Maintenance
WELL_017,Delta-Q-17,Niger Delta Offshore,1/11/2024,2280,13054,9.38,2,Active
WELL_017,Delta-Q-17,Niger Delta Offshore,1/12/2024,2294,13061,9.4,3,Active
WELL_017,Delta-Q-17,Niger Delta Onshore,1/13/2024,2229,13068,9.43,1,Active
WELL_017,Delta-Q-17,Niger Delta Offshore,1/14/2024,2309,13126,9.44,2,Active
WELL_017,Delta-Q-17,Niger Delta Offshore,1/15/2024,2271,13077,9.48,0,Active
WELL_017,Delta-Q-17,Niger Delta Offshore,1/16/2024,2261,13067,9.51,1,Active
WELL_017,Delta-Q-17,Niger Delta Onshore,1/17/2024,505,1638,9.55,19,Failed
WELL_017,Delta-Q-17,Niger Delta Offshore,1/18/2024,2266,13013,9.58,0,Active
WELL_017,Delta-Q-17,Niger Delta Offshore,1/19/2024,2261,12970,9.61,3,Active
WELL_017,Delta-Q-17,Niger Delta Offshore,1/20/2024,1537,9214,9.63,4,Maintenance
WELL_017,Delta-Q-17,Niger Delta Offshore,1/21/2024,2277,12996,9.67,1,Active
WELL_017,Delta-Q-17,Niger Delta Offshore,1/22/2024,2304,13086,9.68,3,Active
WELL_017,Delta-Q-17,Niger Delta Onshore,1/23/2024,2266,12999,9.71,0,Active
WELL_017,Delta-Q-17,Niger Delta Onshore,1/24/2024,1608,9044,9.73,8,Maintenance
WELL_017,Delta-Q-17,Niger Delta Onshore,1/25/2024,1554,9118,9.76,7,Maintenance
WELL_017,Delta-Q-17,Niger Delta Onshore,1/26/2024,2293,13124,9.79,1,Active
WELL_017,Delta-Q-17,Niger Delta Offshore,1/27/2024,310,1240,9.8,16,Failed
WELL_017,Delta-Q-17,Niger Delta Offshore,1/28/2024,2286,13101,9.82,0,Active
WELL_017,Delta-Q-17,Niger Delta Offshore,1/29/2024,2287,13102,9.86,0,Active
WELL_017,Delta-Q-17,Niger Delta Offshore,1/30/2024,2279,13133,9.88,1,Active
WELL_017,Delta-Q-17,Niger Delta Onshore,1/31/2024,2299,12951,9.9,1,Active
WELL_017,Delta-Q-17,Niger Delta Offshore,2/1/2024,2211,12983,9.92,1,Active
WELL_017,Delta-Q-17,Niger Delta Offshore,2/2/2024,2212,13107,9.96,2,Active
WELL_017,Delta-Q-17,Niger Delta Offshore,2/3/2024,2231,12989,9.98,2,Active
WELL_017,Delta-Q-17,Niger Delta Offshore,2/4/2024,2227,13007,10.02,3,Active
WELL_017,Delta-Q-17,Niger Delta Offshore,2/5/2024,2281,13104,10.04,2,Active
WELL_017,Delta-Q-17,Niger Delta Onshore,2/6/2024,2208,13087,10.06,2,Active
WELL_017,Delta-Q-17,Niger Delta Offshore,2/7/2024,2258,13000,10.08,2,Active
WELL_017,Delta-Q-17,Niger Delta Offshore,2/8/2024,2264,13090,10.1,0,Active
WELL_017,Delta-Q-17,Niger Delta Offshore,2/9/2024,2267,13097,10.12,2,Active
WELL_017,Delta-Q-17,Niger Delta Onshore,2/10/2024,2242,13019,10.14,3,Active
WELL_017,Delta-Q-17,Niger Delta Offshore,2/11/2024,2291,13090,10.17,1,Active
WELL_017,Delta-Q-17,Niger Delta Onshore,2/12/2024,2257,13043,10.19,1,Active
WELL_017,Delta-Q-17,Niger Delta Offshore,2/13/2024,102,158,10.2,16,Failed
WELL_017,Delta-Q-17,Niger Delta Onshore,2/14/2024,2215,13079,10.25,3,Active
WELL_017,Delta-Q-17,Niger Delta Onshore,2/15/2024,452,3146,10.26,11,Failed
WELL_017,Delta-Q-17,Niger Delta Offshore,2/16/2024,2228,13078,10.28,0,Active
WELL_017,Delta-Q-17,Niger Delta Onshore,2/17/2024,2236,12954,10.29,3,Active
WELL_017,Delta-Q-17,Niger Delta Onshore,2/18/2024,2254,12926,10.34,0,Active
WELL_017,Delta-Q-17,Niger Delta Offshore,2/19/2024,2228,13027,10.39,1,Active
WELL_017,Delta-Q-17,Niger Delta Onshore,2/20/2024,1586,9012,10.4,8,Maintenance
WELL_017,Delta-Q-17,Niger Delta Onshore,2/21/2024,2191,13047,10.42,1,Active
WELL_017,Delta-Q-17,Niger Delta Onshore,2/22/2024,2188,12929,10.45,2,Active
WELL_017,Delta-Q-17,Niger Delta Onshore,2/23/2024,1506,9016,10.47,7,Maintenance
WELL_017,Delta-Q-17,Niger Delta Onshore,2/24/2024,2233,13041,10.49,0,Active
WELL_017,Delta-Q-17,Niger Delta Onshore,2/25/2024,2189,12926,10.53,0,Active
WELL_017,Delta-Q-17,Niger Delta Offshore,2/26/2024,34,1527,10.58,16,Failed
WELL_017,Delta-Q-17,Niger Delta Onshore,2/27/2024,2233,13070,10.63,2,Active
WELL_017,Delta-Q-17,Niger Delta Onshore,2/28/2024,2184,13026,10.67,1,Active
WELL_017,Delta-Q-17,Niger Delta Offshore,2/29/2024,1500,9102,10.69,8,Maintenance
WELL_017,Delta-Q-17,Niger Delta Offshore,3/1/2024,2272,12907,10.71,3,Active
WELL_017,Delta-Q-17,Niger Delta Offshore,3/2/2024,2272,13049,10.74,1,Active
WELL_017,Delta-Q-17,Niger Delta Onshore,3/3/2024,1506,9037,10.76,6,Maintenance
WELL_017,Delta-Q-17,Niger Delta Onshore,3/4/2024,2225,13032,10.8,0,Active
WELL_017,Delta-Q-17,Niger Delta Onshore,3/5/2024,2264,12985,10.83,0,Active
WELL_017,Delta-Q-17,Niger Delta Onshore,3/6/2024,2264,12928,10.84,0,Active
WELL_017,Delta-Q-17,Niger Delta Onshore,3/7/2024,2218,12968,10.88,0,Active
WELL_017,Delta-Q-17,Niger Delta Offshore,3/8/2024,1547,9091,10.93,7,Maintenance
WELL_017,Delta-Q-17,Niger Delta Offshore,3/9/2024,2211,12871,10.95,3,Active
WELL_017,Delta-Q-17,Niger Delta Onshore,3/10/2024,2200,13034,10.99,1,Active
WELL_017,Delta-Q-17,Niger Delta Offshore,3/11/2024,2169,13047,11.02,3,Active
WELL_017,Delta-Q-17,Niger Delta Onshore,3/12/2024,2258,12862,11.05,2,Active
WELL_017,Delta-Q-17,Niger Delta Onshore,3/13/2024,2178,12999,11.09,3,Active
WELL_017,Delta-Q-17,Niger Delta Onshore,3/14/2024,2239,12892,11.13,0,Active
WELL_017,Delta-Q-17,Niger Delta Offshore,3/15/2024,542,3284,11.17,22,Failed
WELL_017,Delta-Q-17,Niger Delta Onshore,3/16/2024,2200,12853,11.2,1,Active
WELL_017,Delta-Q-17,Niger Delta Offshore,3/17/2024,2195,12910,11.24,0,Active
WELL_017,Delta-Q-17,Niger Delta Onshore,3/18/2024,2216,12841,11.25,1,Active
WELL_017,Delta-Q-17,Niger Delta Offshore,3/19/2024,2211,12865,11.27,1,Active
WELL_017,Delta-Q-17,Niger Delta Offshore,3/20/2024,2189,12972,11.29,1,Active
WELL_017,Delta-Q-17,Niger Delta Onshore,3/21/2024,2199,12966,11.34,1,Active
WELL_017,Delta-Q-17,Niger Delta Offshore,3/22/2024,2179,12927,11.38,1,Active
WELL_017,Delta-Q-17,Niger Delta Offshore,3/23/2024,2237,13014,11.41,0,Active
WELL_017,Delta-Q-17,Niger Delta Onshore,3/24/2024,2237,12892,11.46,1,Active
WELL_017,Delta-Q-17,Niger Delta Onshore,3/25/2024,128,378,11.47,12,Failed
WELL_017,Delta-Q-17,Niger Delta Onshore,3/26/2024,2249,12856,11.51,1,Active
WELL_017,Delta-Q-17,Niger Delta Offshore,3/27/2024,2194,12981,11.53,0,Active
WELL_017,Delta-Q-17,Niger Delta Offshore,3/28/2024,2165,12994,11.56,1,Active
WELL_017,Delta-Q-17,Niger Delta Offshore,3/29/2024,2218,12965,11.57,1,Active
WELL_017,Delta-Q-17,Niger Delta Onshore,3/30/2024,1524,9051,11.61,7,Maintenance
WELL_017,Delta-Q-17,Niger Delta Offshore,3/31/2024,1527,8946,11.65,8,Maintenance
WELL_017,Delta-Q-17,Niger Delta Onshore,4/1/2024,2216,12871,11.66,2,Active
WELL_017,Delta-Q-17,Niger Delta Onshore,4/2/2024,1505,8983,11.68,5,Maintenance
WELL_017,Delta-Q-17,Niger Delta Onshore,4/3/2024,2216,12882,11.71,3,Active
WELL_017,Delta-Q-17,Niger Delta Onshore,4/4/2024,2220,12920,11.76,3,Active
WELL_017,Delta-Q-17,Niger Delta Offshore,4/5/2024,2203,12935,11.79,0,Active
WELL_017,Delta-Q-17,Niger Delta Offshore,4/6/2024,1526,9048,11.8,7,Maintenance
WELL_017,Delta-Q-17,Niger Delta Offshore,4/7/2024,2243,12954,11.84,3,Active
WELL_017,Delta-Q-17,Niger Delta Onshore,4/8/2024,2223,12980,11.86,1,Active
WELL_017,Delta-Q-17,Niger Delta Offshore,4/9/2024,2174,12889,11.89,0,Active
WELL_017,Delta-Q-17,Niger Delta Offshore,4/10/2024,59,150,11.93,13,Failed
WELL_017,Delta-Q-17,Niger Delta Onshore,4/11/2024,2202,12895,11.94,2,Active
WELL_017,Delta-Q-17,Niger Delta Offshore,4/12/2024,2156,12942,11.97,3,Active
WELL_017,Delta-Q-17,Niger Delta Offshore,4/13/2024,2155,12960,11.99,0,Active
WELL_017,Delta-Q-17,Niger Delta Onshore,4/14/2024,2180,12939,12.02,2,Active
WELL_017,Delta-Q-17,Niger Delta Onshore,4/15/2024,2164,12937,12.05,3,Active
WELL_017,Delta-Q-17,Niger Delta Onshore,4/16/2024,2216,12945,12.09,2,Active
WELL_017,Delta-Q-17,Niger Delta Onshore,4/17/2024,2238,12895,12.1,2,Active
WELL_017,Delta-Q-17,Niger Delta Onshore,4/18/2024,2202,12959,12.15,1,Active
WELL_017,Delta-Q-17,Niger Delta Offshore,4/19/2024,1476,8901,12.19,8,Maintenance
WELL_017,Delta-Q-17,Niger Delta Onshore,4/20/2024,2174,12957,12.21,0,Active
WELL_017,Delta-Q-17,Niger Delta Offshore,4/21/2024,2192,12867,12.23,0,Active
WELL_017,Delta-Q-17,Niger Delta Offshore,4/22/2024,2216,12790,12.25,2,Active
WELL_017,Delta-Q-17,Niger Delta Onshore,4/23/2024,2181,12828,12.29,2,Active
WELL_017,Delta-Q-17,Niger Delta Offshore,4/24/2024,2156,12822,12.3,1,Active
WELL_017,Delta-Q-17,Niger Delta Onshore,4/25/2024,1538,8855,12.32,5,Maintenance
WELL_017,Delta-Q-17,Niger Delta Onshore,4/26/2024,2208,12928,12.34,3,Active
WELL_017,Delta-Q-17,Niger Delta Onshore,4/27/2024,2190,12937,12.37,3,Active
WELL_017,Delta-Q-17,Niger Delta Offshore,4/28/2024,2155,12909,12.41,3,Active
WELL_017,Delta-Q-17,Niger Delta Offshore,4/29/2024,97,2373,12.43,13,Failed
WELL_017,Delta-Q-17,Niger Delta Offshore,4/30/2024,2174,12855,12.45,3,Active
WELL_017,Delta-Q-17,Niger Delta Offshore,5/1/2024,2216,12752,12.48,0,Active
WELL_017,Delta-Q-17,Niger Delta Offshore,5/2/2024,2165,12865,12.52,2,Active
WELL_017,Delta-Q-17,Niger Delta Onshore,5/3/2024,2206,12929,12.54,1,Active
WELL_017,Delta-Q-17,Niger Delta Onshore,5/4/2024,2202,12753,12.58,2,Active
WELL_017,Delta-Q-17,Niger Delta Offshore,5/5/2024,2171,12827,12.62,1,Active
WELL_017,Delta-Q-17,Niger Delta Onshore,5/6/2024,2194,12827,12.65,2,Active
WELL_017,Delta-Q-17,Niger Delta Onshore,5/7/2024,2193,12925,12.67,1,Active
WELL_017,Delta-Q-17,Niger Delta Offshore,5/8/2024,1482,8931,12.71,9,Maintenance
WELL_017,Delta-Q-17,Niger Delta Onshore,5/9/2024,2167,12766,12.73,2,Active
WELL_017,Delta-Q-17,Niger Delta Onshore,5/10/2024,12,2097,12.76,12,Failed
WELL_017,Delta-Q-17,Niger Delta Onshore,5/11/2024,2217,12825,12.8,3,Active
WELL_017,Delta-Q-17,Niger Delta Offshore,5/12/2024,2199,12734,12.83,2,Active
WELL_017,Delta-Q-17,Niger Delta Offshore,5/13/2024,2173,12847,12.86,2,Active
WELL_017,Delta-Q-17,Niger Delta Offshore,5/14/2024,1498,8980,12.88,4,Maintenance
WELL_017,Delta-Q-17,Niger Delta Offshore,5/15/2024,2161,12870,12.92,1,Active
WELL_017,Delta-Q-17,Niger Delta Offshore,5/16/2024,2121,12800,12.93,3,Active
WELL_017,Delta-Q-17,Niger Delta Offshore,5/17/2024,2133,12900,12.97,2,Active
WELL_017,Delta-Q-17,Niger Delta Onshore,5/18/2024,2152,12896,13.02,1,Active
WELL_017,Delta-Q-17,Niger Delta Onshore,5/19/2024,2157,12714,13.06,1,Active
WELL_017,Delta-Q-17,Niger Delta Onshore,5/20/2024,2210,12807,13.09,2,Active
WELL_017,Delta-Q-17,Niger Delta Offshore,5/21/2024,2142,12901,13.12,2,Active
WELL_017,Delta-Q-17,Niger Delta Offshore,5/22/2024,2158,12775,13.14,3,Active
WELL_017,Delta-Q-17,Niger Delta Onshore,5/23/2024,2129,12855,13.17,0,Active
WELL_017,Delta-Q-17,Niger Delta Onshore,5/24/2024,2187,12717,13.22,0,Active
WELL_017,Delta-Q-17,Niger Delta Onshore,5/25/2024,1515,8965,13.25,7,Maintenance
WELL_017,Delta-Q-17,Niger Delta Onshore,5/26/2024,2156,12867,13.29,1,Active
WELL_017,Delta-Q-17,Niger Delta Onshore,5/27/2024,2160,12877,13.3,1,Active
WELL_017,Delta-Q-17,Niger Delta Onshore,5/28/2024,2203,12858,13.32,3,Active
WELL_017,Delta-Q-17,Niger Delta Onshore,5/29/2024,2193,12795,13.36,3,Active
WELL_017,Delta-Q-17,Niger Delta Onshore,5/30/2024,2114,12863,13.39,2,Active
WELL_017,Delta-Q-17,Niger Delta Onshore,5/31/2024,2184,12701,13.44,0,Active
WELL_017,Delta-Q-17,Niger Delta Offshore,6/1/2024,2202,12805,13.46,0,Active
WELL_017,Delta-Q-17,Niger Delta Onshore,6/2/2024,502,3569,13.49,10,Failed
WELL_017,Delta-Q-17,Niger Delta Onshore,6/3/2024,2128,12804,13.52,1,Active
WELL_017,Delta-Q-17,Niger Delta Offshore,6/4/2024,2160,12704,13.53,0,Active
WELL_017,Delta-Q-17,Niger Delta Offshore,6/5/2024,2160,12680,13.55,2,Active
WELL_017,Delta-Q-17,Niger Delta Offshore,6/6/2024,2122,12763,13.6,1,Active
WELL_017,Delta-Q-17,Niger Delta Offshore,6/7/2024,2119,12734,13.62,1,Active
WELL_017,Delta-Q-17,Niger Delta Onshore,6/8/2024,2153,12841,13.65,0,Active
WELL_017,Delta-Q-17,Niger Delta Offshore,6/9/2024,2146,12753,13.69,2,Active
WELL_017,Delta-Q-17,Niger Delta Onshore,6/10/2024,2139,12815,13.71,0,Active
WELL_017,Delta-Q-17,Niger Delta Offshore,6/11/2024,1460,8837,13.73,9,Maintenance
WELL_017,Delta-Q-17,Niger Delta Onshore,6/12/2024,2149,12857,13.78,1,Active
WELL_017,Delta-Q-17,Niger Delta Offshore,6/13/2024,2104,12808,13.79,3,Active
WELL_017,Delta-Q-17,Niger Delta Offshore,6/14/2024,2101,12739,13.82,3,Active
WELL_017,Delta-Q-17,Niger Delta Onshore,6/15/2024,1508,8926,13.87,5,Maintenance
WELL_017,Delta-Q-17,Niger Delta Onshore,6/16/2024,2101,12708,13.92,1,Active
WELL_017,Delta-Q-17,Niger Delta Offshore,6/17/2024,2167,12821,13.95,2,Active
WELL_017,Delta-Q-17,Niger Delta Offshore,6/18/2024,2141,12808,13.98,1,Active
WELL_017,Delta-Q-17,Niger Delta Onshore,6/19/2024,2160,12742,14.02,0,Active
WELL_017,Delta-Q-17,Niger Delta Onshore,6/20/2024,2115,12672,14.07,3,Active
WELL_017,Delta-Q-17,Niger Delta Offshore,6/21/2024,2112,12705,14.1,1,Active
WELL_017,Delta-Q-17,Niger Delta Onshore,6/22/2024,1405,8876,14.13,9,Maintenance
WELL_017,Delta-Q-17,Niger Delta Onshore,6/23/2024,2160,12761,14.16,3,Active
WELL_017,Delta-Q-17,Niger Delta Onshore,6/24/2024,458,1168,14.19,15,Failed
WELL_017,Delta-Q-17,Niger Delta Offshore,6/25/2024,2138,12668,14.2,0,Active
WELL_017,Delta-Q-17,Niger Delta Onshore,6/26/2024,1451,8747,14.25,5,Maintenance
WELL_017,Delta-Q-17,Niger Delta Onshore,6/27/2024,2096,12833,14.29,2,Active
WELL_017,Delta-Q-17,Niger Delta Onshore,6/28/2024,2149,12742,14.32,3,Active
WELL_017,Delta-Q-17,Niger Delta Offshore,6/29/2024,1434,8870,14.35,6,Maintenance
WELL_017,Delta-Q-17,Niger Delta Offshore,6/30/2024,2087,12672,14.38,2,Active
WELL_017,Delta-Q-17,Niger Delta Offshore,7/1/2024,2099,12765,14.41,3,Active
WELL_017,Delta-Q-17,Niger Delta Offshore,7/2/2024,2169,12725,14.44,3,Active
WELL_017,Delta-Q-17,Niger Delta Onshore,7/3/2024,1424,8709,14.48,9,Maintenance
WELL_017,Delta-Q-17,Niger Delta Offshore,7/4/2024,444,1955,14.5,22,Failed
WELL_017,Delta-Q-17,Niger Delta Offshore,7/5/2024,2142,12626,14.52,0,Active
WELL_017,Delta-Q-17,Niger Delta Onshore,7/6/2024,1416,8807,14.56,9,Maintenance
WELL_017,Delta-Q-17,Niger Delta Offshore,7/7/2024,558,1232,14.6,13,Failed
WELL_017,Delta-Q-17,Niger Delta Onshore,7/8/2024,2089,12731,14.65,2,Active
WELL_017,Delta-Q-17,Niger Delta Offshore,7/9/2024,2172,12627,14.7,3,Active
WELL_017,Delta-Q-17,Niger Delta Onshore,7/10/2024,2142,12778,14.73,2,Active
WELL_017,Delta-Q-17,Niger Delta Onshore,7/11/2024,2169,12723,14.78,3,Active
WELL_017,Delta-Q-17,Niger Delta Offshore,7/12/2024,2087,12694,14.79,2,Active
WELL_017,Delta-Q-17,Niger Delta Onshore,7/13/2024,1468,8792,14.83,7,Maintenance
WELL_017,Delta-Q-17,Niger Delta Offshore,7/14/2024,2086,12692,14.86,1,Active
WELL_017,Delta-Q-17,Niger Delta Onshore,7/15/2024,2078,12706,14.91,3,Active
WELL_017,Delta-Q-17,Niger Delta Onshore,7/16/2024,2068,12733,14.93,2,Active
WELL_017,Delta-Q-17,Niger Delta Onshore,7/17/2024,2097,12736,14.95,2,Active
WELL_017,Delta-Q-17,Niger Delta Offshore,7/18/2024,1400,8734,14.99,9,Maintenance
WELL_017,Delta-Q-17,Niger Delta Offshore,7/19/2024,2154,12645,15.01,2,Active
WELL_017,Delta-Q-17,Niger Delta Offshore,7/20/2024,2130,12780,15.05,0,Active
WELL_017,Delta-Q-17,Niger Delta Offshore,7/21/2024,2079,12589,15.06,3,Active
WELL_017,Delta-Q-17,Niger Delta Offshore,7/22/2024,2161,12673,15.1,2,Active
WELL_017,Delta-Q-17,Niger Delta Offshore,7/23/2024,2151,12735,15.11,2,Active
WELL_017,Delta-Q-17,Niger Delta Offshore,7/24/2024,2086,12690,15.14,0,Active
WELL_017,Delta-Q-17,Niger Delta Offshore,7/25/2024,1424,8664,15.17,5,Maintenance
WELL_017,Delta-Q-17,Niger Delta Onshore,7/26/2024,2138,12620,15.22,2,Active
WELL_017,Delta-Q-17,Niger Delta Onshore,7/27/2024,2152,12757,15.26,0,Active
WELL_017,Delta-Q-17,Niger Delta Onshore,7/28/2024,2057,12665,15.27,2,Active
WELL_017,Delta-Q-17,Niger Delta Onshore,7/29/2024,2143,12757,15.31,3,Active
WELL_017,Delta-Q-17,Niger Delta Offshore,7/30/2024,2072,12638,15.33,3,Active
WELL_017,Delta-Q-17,Niger Delta Onshore,7/31/2024,1430,8754,15.37,4,Maintenance
WELL_017,Delta-Q-17,Niger Delta Onshore,8/1/2024,45,193,15.41,13,Failed
WELL_017,Delta-Q-17,Niger Delta Offshore,8/2/2024,2068,12696,15.43,1,Active
WELL_017,Delta-Q-17,Niger Delta Onshore,8/3/2024,2078,12595,15.46,1,Active
WELL_017,Delta-Q-17,Niger Delta Offshore,8/4/2024,2063,12718,15.49,0,Active
WELL_017,Delta-Q-17,Niger Delta Onshore,8/5/2024,1442,8722,15.54,4,Maintenance
WELL_017,Delta-Q-17,Niger Delta Onshore,8/6/2024,2109,12581,15.59,0,Active
WELL_017,Delta-Q-17,Niger Delta Onshore,8/7/2024,2117,12624,15.61,0,Active
WELL_017,Delta-Q-17,Niger Delta Offshore,8/8/2024,194,574,15.65,22,Failed
WELL_017,Delta-Q-17,Niger Delta Onshore,8/9/2024,2083,12682,15.69,2,Active
WELL_017,Delta-Q-17,Niger Delta Offshore,8/10/2024,1436,8773,15.72,4,Maintenance
WELL_017,Delta-Q-17,Niger Delta Offshore,8/11/2024,2055,12632,15.76,2,Active
WELL_017,Delta-Q-17,Niger Delta Offshore,8/12/2024,2142,12669,15.78,2,Active
WELL_017,Delta-Q-17,Niger Delta Onshore,8/13/2024,2062,12676,15.8,1,Active
WELL_017,Delta-Q-17,Niger Delta Offshore,8/14/2024,1413,8807,15.82,5,Maintenance
WELL_017,Delta-Q-17,Niger Delta Offshore,8/15/2024,2117,12603,15.85,1,Active
WELL_017,Delta-Q-17,Niger Delta Offshore,8/16/2024,2058,12699,15.87,2,Active
WELL_017,Delta-Q-17,Niger Delta Offshore,8/17/2024,1380,8699,15.9,7,Maintenance
WELL_017,Delta-Q-17,Niger Delta Onshore,8/18/2024,2124,12603,15.93,2,Active
WELL_017,Delta-Q-17,Niger Delta Onshore,8/19/2024,362,3792,15.97,17,Failed
WELL_017,Delta-Q-17,Niger Delta Offshore,8/20/2024,2059,12657,16.01,3,Active
WELL_017,Delta-Q-17,Niger Delta Onshore,8/21/2024,2059,12584,16.06,1,Active
WELL_017,Delta-Q-17,Niger Delta Offshore,8/22/2024,2066,12706,16.1,1,Active
WELL_017,Delta-Q-17,Niger Delta Offshore,8/23/2024,2063,12522,16.12,1,Active
WELL_017,Delta-Q-17,Niger Delta Onshore,8/24/2024,2106,12559,16.15,1,Active
WELL_017,Delta-Q-17,Niger Delta Offshore,8/25/2024,2083,12682,16.16,1,Active
WELL_017,Delta-Q-17,Niger Delta Offshore,8/26/2024,651,2532,16.17,22,Failed
WELL_017,Delta-Q-17,Niger Delta Offshore,8/27/2024,637,448,16.2,17,Failed
WELL_017,Delta-Q-17,Niger Delta Offshore,8/28/2024,2068,12574,16.24,0,Active
WELL_017,Delta-Q-17,Niger Delta Onshore,8/29/2024,2073,12580,16.28,0,Active
WELL_017,Delta-Q-17,Niger Delta Onshore,8/30/2024,567,590,16.3,16,Failed
WELL_017,Delta-Q-17,Niger Delta Offshore,8/31/2024,2077,12685,16.33,1,Active
WELL_017,Delta-Q-17,Niger Delta Offshore,9/1/2024,2037,12617,16.37,1,Active
WELL_017,Delta-Q-17,Niger Delta Offshore,9/2/2024,2071,12699,16.41,0,Active
WELL_017,Delta-Q-17,Niger Delta Onshore,9/3/2024,2078,12673,16.43,2,Active
WELL_017,Delta-Q-17,Niger Delta Offshore,9/4/2024,2113,12692,16.47,0,Active
WELL_017,Delta-Q-17,Niger Delta Onshore,9/5/2024,189,3772,16.52,21,Failed
WELL_017,Delta-Q-17,Niger Delta Offshore,9/6/2024,2035,12632,16.54,0,Active
WELL_017,Delta-Q-17,Niger Delta Offshore,9/7/2024,1413,8616,16.56,5,Maintenance
WELL_017,Delta-Q-17,Niger Delta Onshore,9/8/2024,2047,12614,16.58,0,Active
WELL_017,Delta-Q-17,Niger Delta Onshore,9/9/2024,2057,12615,16.62,1,Active
WELL_017,Delta-Q-17,Niger Delta Onshore,9/10/2024,71,2090,16.67,18,Failed
WELL_017,Delta-Q-17,Niger Delta Offshore,9/11/2024,2028,12489,16.71,0,Active
WELL_017,Delta-Q-17,Niger Delta Onshore,9/12/2024,2084,12613,16.75,3,Active
WELL_017,Delta-Q-17,Niger Delta Onshore,9/13/2024,2099,12667,16.78,1,Active
WELL_017,Delta-Q-17,Niger Delta Offshore,9/14/2024,2042,12480,16.81,2,Active
WELL_017,Delta-Q-17,Niger Delta Onshore,9/15/2024,2047,12638,16.85,1,Active
WELL_017,Delta-Q-17,Niger Delta Onshore,9/16/2024,2089,12609,16.88,3,Active
WELL_017,Delta-Q-17,Niger Delta Offshore,9/17/2024,2024,12654,16.92,2,Active
WELL_017,Delta-Q-17,Niger Delta Offshore,9/18/2024,2029,12560,16.94,3,Active
WELL_017,Delta-Q-17,Niger Delta Onshore,9/19/2024,2090,12495,16.95,2,Active
WELL_017,Delta-Q-17,Niger Delta Onshore,9/20/2024,2077,12582,16.99,1,Active
WELL_017,Delta-Q-17,Niger Delta Onshore,9/21/2024,2111,12544,17.02,3,Active
WELL_017,Delta-Q-17,Niger Delta Offshore,9/22/2024,2044,12568,17.07,2,Active
WELL_017,Delta-Q-17,Niger Delta Offshore,9/23/2024,2033,12603,17.09,3,Active
WELL_017,Delta-Q-17,Niger Delta Offshore,9/24/2024,2100,12483,17.1,0,Active
WELL_017,Delta-Q-17,Niger Delta Onshore,9/25/2024,2058,12574,17.13,2,Active
WELL_017,Delta-Q-17,Niger Delta Offshore,9/26/2024,2074,12592,17.15,2,Active
WELL_017,Delta-Q-17,Niger Delta Onshore,9/27/2024,2068,12459,17.2,3,Active
WELL_017,Delta-Q-17,Niger Delta Onshore,9/28/2024,2015,12542,17.25,2,Active
WELL_017,Delta-Q-17,Niger Delta Offshore,9/29/2024,2065,12574,17.26,3,Active
WELL_017,Delta-Q-17,Niger Delta Onshore,9/30/2024,2036,12600,17.29,1,Active
WELL_017,Delta-Q-17,Niger Delta Offshore,10/1/2024,1401,8540,17.32,4,Maintenance
WELL_017,Delta-Q-17,Niger Delta Onshore,10/2/2024,1406,8693,17.35,6,Maintenance
WELL_017,Delta-Q-17,Niger Delta Onshore,10/3/2024,2074,12579,17.4,2,Active
WELL_017,Delta-Q-17,Niger Delta Onshore,10/4/2024,2063,12614,17.43,3,Active
WELL_017,Delta-Q-17,Niger Delta Onshore,10/5/2024,2031,12528,17.47,2,Active
WELL_017,Delta-Q-17,Niger Delta Onshore,10/6/2024,2071,12562,17.49,3,Active
WELL_017,Delta-Q-17,Niger Delta Offshore,10/7/2024,2076,12509,17.52,2,Active
WELL_017,Delta-Q-17,Niger Delta Offshore,10/8/2024,2002,12616,17.53,3,Active
WELL_017,Delta-Q-17,Niger Delta Onshore,10/9/2024,2038,12498,17.56,2,Active
WELL_017,Delta-Q-17,Niger Delta Onshore,10/10/2024,2031,12487,17.58,0,Active
WELL_017,Delta-Q-17,Niger Delta Onshore,10/11/2024,315,3753,17.61,10,Failed
WELL_017,Delta-Q-17,Niger Delta Offshore,10/12/2024,2004,12494,17.63,0,Active
WELL_017,Delta-Q-17,Niger Delta Onshore,10/13/2024,2077,12449,17.66,2,Active
WELL_017,Delta-Q-17,Niger Delta Onshore,10/14/2024,2028,12595,17.71,3,Active
WELL_017,Delta-Q-17,Niger Delta Onshore,10/15/2024,1398,8518,17.73,8,Maintenance
WELL_017,Delta-Q-17,Niger Delta Onshore,10/16/2024,2049,12448,17.78,2,Active
WELL_017,Delta-Q-17,Niger Delta Offshore,10/17/2024,2054,12426,17.8,3,Active
WELL_017,Delta-Q-17,Niger Delta Onshore,10/18/2024,2055,12579,17.85,1,Active
WELL_017,Delta-Q-17,Niger Delta Onshore,10/19/2024,1317,8569,17.88,9,Maintenance
WELL_017,Delta-Q-17,Niger Delta Offshore,10/20/2024,1993,12494,17.9,2,Active
WELL_017,Delta-Q-17,Niger Delta Onshore,10/21/2024,2069,12556,17.91,3,Active
WELL_017,Delta-Q-17,Niger Delta Onshore,10/22/2024,2046,12562,17.93,2,Active
WELL_017,Delta-Q-17,Niger Delta Offshore,10/23/2024,1328,8592,17.97,7,Maintenance
WELL_017,Delta-Q-17,Niger Delta Offshore,10/24/2024,653,1586,17.99,12,Failed
WELL_017,Delta-Q-17,Niger Delta Onshore,10/25/2024,1997,12476,18.02,3,Active
WELL_017,Delta-Q-17,Niger Delta Offshore,10/26/2024,2076,12402,18.03,3,Active
WELL_017,Delta-Q-17,Niger Delta Onshore,10/27/2024,450,3702,18.06,17,Failed
WELL_017,Delta-Q-17,Niger Delta Offshore,10/28/2024,1323,8470,18.09,7,Maintenance
WELL_017,Delta-Q-17,Niger Delta Offshore,10/29/2024,2080,12557,18.11,1,Active
WELL_017,Delta-Q-17,Niger Delta Onshore,10/30/2024,2076,12428,18.13,0,Active
WELL_017,Delta-Q-17,Niger Delta Onshore,10/31/2024,2061,12399,18.14,2,Active
WELL_017,Delta-Q-17,Niger Delta Offshore,11/1/2024,1997,12446,18.16,1,Active
WELL_017,Delta-Q-17,Niger Delta Onshore,11/2/2024,2023,12475,18.18,1,Active
WELL_017,Delta-Q-17,Niger Delta Offshore,11/3/2024,90,3020,18.19,12,Failed
WELL_017,Delta-Q-17,Niger Delta Offshore,11/4/2024,2002,12514,18.22,2,Active
WELL_017,Delta-Q-17,Niger Delta Onshore,11/5/2024,2005,12384,18.27,0,Active
WELL_017,Delta-Q-17,Niger Delta Offshore,11/6/2024,424,1430,18.28,23,Failed
WELL_017,Delta-Q-17,Niger Delta Offshore,11/7/2024,1984,12501,18.29,1,Active
WELL_017,Delta-Q-17,Niger Delta Onshore,11/8/2024,2032,12373,18.34,0,Active
WELL_017,Delta-Q-17,Niger Delta Onshore,11/9/2024,1356,8489,18.38,6,Maintenance
WELL_017,Delta-Q-17,Niger Delta Offshore,11/10/2024,2068,12371,18.41,3,Active
WELL_017,Delta-Q-17,Niger Delta Onshore,11/11/2024,1997,12495,18.43,0,Active
WELL_017,Delta-Q-17,Niger Delta Onshore,11/12/2024,567,3261,18.45,23,Failed
WELL_017,Delta-Q-17,Niger Delta Onshore,11/13/2024,2008,12534,18.48,3,Active
WELL_017,Delta-Q-17,Niger Delta Offshore,11/14/2024,1355,8512,18.51,8,Maintenance
WELL_017,Delta-Q-17,Niger Delta Onshore,11/15/2024,1973,12375,18.54,3,Active
WELL_017,Delta-Q-17,Niger Delta Onshore,11/16/2024,1973,12495,18.56,1,Active
WELL_017,Delta-Q-17,Niger Delta Offshore,11/17/2024,1985,12524,18.59,3,Active
WELL_017,Delta-Q-17,Niger Delta Offshore,11/18/2024,1358,8477,18.62,8,Maintenance
WELL_017,Delta-Q-17,Niger Delta Onshore,11/19/2024,2043,12420,18.64,3,Active
WELL_017,Delta-Q-17,Niger Delta Offshore,11/20/2024,1319,8581,18.67,4,Maintenance
WELL_017,Delta-Q-17,Niger Delta Offshore,11/21/2024,2006,12352,18.71,1,Active
WELL_017,Delta-Q-17,Niger Delta Onshore,11/22/2024,1989,12467,18.74,3,Active
WELL_017,Delta-Q-17,Niger Delta Offshore,11/23/2024,634,3608,18.77,11,Failed
WELL_017,Delta-Q-17,Niger Delta Offshore,11/24/2024,1971,12349,18.78,1,Active
WELL_017,Delta-Q-17,Niger Delta Onshore,11/25/2024,1978,12492,18.81,2,Active
WELL_017,Delta-Q-17,Niger Delta Offshore,11/26/2024,2054,12335,18.86,0,Active
WELL_017,Delta-Q-17,Niger Delta Offshore,11/27/2024,2033,12471,18.9,1,Active
WELL_017,Delta-Q-17,Niger Delta Onshore,11/28/2024,1964,12428,18.92,1,Active
WELL_017,Delta-Q-17,Niger Delta Onshore,11/29/2024,359,1966,18.94,12,Failed
WELL_017,Delta-Q-17,Niger Delta Offshore,11/30/2024,2046,12430,18.96,0,Active
WELL_017,Delta-Q-17,Niger Delta Onshore,12/1/2024,1989,12425,19,0,Active
WELL_017,Delta-Q-17,Niger Delta Offshore,12/2/2024,2054,12345,19.04,2,Active
WELL_017,Delta-Q-17,Niger Delta Offshore,12/3/2024,2029,12496,19.05,2,Active
WELL_017,Delta-Q-17,Niger Delta Onshore,12/4/2024,2032,12370,19.07,1,Active
WELL_017,Delta-Q-17,Niger Delta Onshore,12/5/2024,335,1025,19.12,23,Failed
WELL_017,Delta-Q-17,Niger Delta Onshore,12/6/2024,1974,12483,19.15,2,Active
WELL_017,Delta-Q-17,Niger Delta Onshore,12/7/2024,2040,12394,19.19,0,Active
WELL_017,Delta-Q-17,Niger Delta Onshore,12/8/2024,2030,12495,19.21,1,Active
WELL_017,Delta-Q-17,Niger Delta Offshore,12/9/2024,590,3877,19.23,14,Failed
WELL_017,Delta-Q-17,Niger Delta Offshore,12/10/2024,2047,12429,19.25,0,Active
WELL_017,Delta-Q-17,Niger Delta Onshore,12/11/2024,1315,8467,19.3,9,Maintenance
WELL_017,Delta-Q-17,Niger Delta Offshore,12/12/2024,1949,12402,19.31,1,Active
WELL_017,Delta-Q-17,Niger Delta Onshore,12/13/2024,2045,12477,19.36,2,Active
WELL_017,Delta-Q-17,Niger Delta Offshore,12/14/2024,1997,12423,19.39,1,Active
WELL_017,Delta-Q-17,Niger Delta Offshore,12/15/2024,1277,8519,19.41,5,Maintenance
WELL_017,Delta-Q-17,Niger Delta Onshore,12/16/2024,1960,12389,19.42,1,Active
WELL_017,Delta-Q-17,Niger Delta Offshore,12/17/2024,2019,12291,19.46,2,Active
WELL_017,Delta-Q-17,Niger Delta Offshore,12/18/2024,2015,12430,19.49,0,Active
WELL_017,Delta-Q-17,Niger Delta Offshore,12/19/2024,1980,12465,19.51,3,Active
WELL_017,Delta-Q-17,Niger Delta Onshore,12/20/2024,2008,12310,19.55,1,Active
WELL_017,Delta-Q-17,Niger Delta Onshore,12/21/2024,1315,8504,19.59,8,Maintenance
WELL_017,Delta-Q-17,Niger Delta Offshore,12/22/2024,1980,12478,19.63,3,Active
WELL_017,Delta-Q-17,Niger Delta Onshore,12/23/2024,1998,12328,19.67,1,Active
WELL_017,Delta-Q-17,Niger Delta Onshore,12/24/2024,1943,12441,19.7,0,Active
WELL_017,Delta-Q-17,Niger Delta Onshore,12/25/2024,602,3618,19.73,23,Failed
WELL_017,Delta-Q-17,Niger Delta Onshore,12/26/2024,1345,8399,19.78,9,Maintenance
WELL_017,Delta-Q-17,Niger Delta Onshore,12/27/2024,1988,12321,19.8,1,Active
WELL_017,Delta-Q-17,Niger Delta Onshore,12/28/2024,1971,12384,19.85,0,Active
WELL_017,Delta-Q-17,Niger Delta Onshore,12/29/2024,287,354,19.86,21,Failed
WELL_017,Delta-Q-17,Niger Delta Offshore,12/30/2024,1940,12331,19.89,3,Active
WELL_017,Delta-Q-17,Niger Delta Onshore,12/31/2024,1978,12447,19.93,0,Active
WELL_017,Delta-Q-17,Niger Delta Offshore,1/1/2025,1996,12324,19.96,2,Active
WELL_017,Delta-Q-17,Niger Delta Offshore,1/2/2025,1977,12405,20.01,1,Active
WELL_017,Delta-Q-17,Niger Delta Offshore,1/3/2025,1937,12277,20.05,3,Active
WELL_017,Delta-Q-17,Niger Delta Offshore,1/4/2025,1951,12337,20.08,0,Active
WELL_017,Delta-Q-17,Niger Delta Onshore,1/5/2025,2008,12311,20.11,0,Active
WELL_017,Delta-Q-17,Niger Delta Onshore,1/6/2025,490,1108,20.13,17,Failed
WELL_017,Delta-Q-17,Niger Delta Onshore,1/7/2025,1939,12414,20.15,3,Active
WELL_017,Delta-Q-17,Niger Delta Offshore,1/8/2025,1930,12372,20.19,2,Active
WELL_017,Delta-Q-17,Niger Delta Onshore,1/9/2025,622,2337,20.23,22,Failed
WELL_017,Delta-Q-17,Niger Delta Offshore,1/10/2025,1996,12363,20.27,0,Active
WELL_017,Delta-Q-17,Niger Delta Onshore,1/11/2025,1335,8340,20.32,8,Maintenance
WELL_017,Delta-Q-17,Niger Delta Onshore,1/12/2025,1936,12254,20.34,2,Active
WELL_017,Delta-Q-17,Niger Delta Onshore,1/13/2025,1925,12383,20.36,1,Active
WELL_017,Delta-Q-17,Niger Delta Onshore,1/14/2025,1288,8497,20.39,4,Maintenance
WELL_017,Delta-Q-17,Niger Delta Onshore,1/15/2025,1923,12392,20.42,1,Active
WELL_017,Delta-Q-17,Niger Delta Offshore,1/16/2025,1987,12308,20.46,0,Active
WELL_017,Delta-Q-17,Niger Delta Offshore,1/17/2025,1932,12361,20.49,2,Active
WELL_017,Delta-Q-17,Niger Delta Offshore,1/18/2025,2012,12404,20.53,2,Active
WELL_017,Delta-Q-17,Niger Delta Onshore,1/19/2025,1974,12308,20.55,0,Active
WELL_017,Delta-Q-17,Niger Delta Onshore,1/20/2025,1963,12384,20.58,3,Active
WELL_017,Delta-Q-17,Niger Delta Offshore,1/21/2025,2014,12367,20.61,2,Active
WELL_017,Delta-Q-17,Niger Delta Offshore,1/22/2025,1952,12394,20.65,0,Active
WELL_017,Delta-Q-17,Niger Delta Offshore,1/23/2025,2001,12387,20.69,0,Active
WELL_017,Delta-Q-17,Niger Delta Offshore,1/24/2025,1988,12334,20.71,3,Active
WELL_017,Delta-Q-17,Niger Delta Onshore,1/25/2025,2005,12365,20.76,0,Active
WELL_017,Delta-Q-17,Niger Delta Onshore,1/26/2025,1944,12307,20.8,0,Active
WELL_017,Delta-Q-17,Niger Delta Onshore,1/27/2025,2008,12210,20.85,2,Active
WELL_017,Delta-Q-17,Niger Delta Onshore,1/28/2025,1283,8293,20.86,7,Maintenance
WELL_017,Delta-Q-17,Niger Delta Offshore,1/29/2025,1985,12375,20.89,2,Active
WELL_017,Delta-Q-17,Niger Delta Onshore,1/30/2025,1970,12347,20.9,1,Active
WELL_017,Delta-Q-17,Niger Delta Offshore,1/31/2025,1954,12349,20.94,3,Active
WELL_017,Delta-Q-17,Niger Delta Offshore,2/1/2025,1254,8320,20.97,5,Maintenance
WELL_017,Delta-Q-17,Niger Delta Onshore,2/2/2025,1916,12224,20.99,3,Active
WELL_017,Delta-Q-17,Niger Delta Offshore,2/3/2025,1923,12320,21.02,0,Active
WELL_017,Delta-Q-17,Niger Delta Onshore,2/4/2025,2004,12306,21.05,2,Active
WELL_017,Delta-Q-17,Niger Delta Onshore,2/5/2025,1999,12299,21.09,3,Active
WELL_017,Delta-Q-17,Niger Delta Offshore,2/6/2025,1981,12377,21.13,2,Active
WELL_017,Delta-Q-17,Niger Delta Onshore,2/7/2025,1911,12229,21.16,2,Active
WELL_017,Delta-Q-17,Niger Delta Offshore,2/8/2025,1915,12331,21.21,3,Active
WELL_017,Delta-Q-17,Niger Delta Onshore,2/9/2025,1941,12229,21.23,1,Active
WELL_017,Delta-Q-17,Niger Delta Offshore,2/10/2025,1972,12354,21.28,3,Active
WELL_017,Delta-Q-17,Niger Delta Onshore,2/11/2025,1937,12363,21.31,1,Active
WELL_017,Delta-Q-17,Niger Delta Onshore,2/12/2025,1997,12375,21.34,2,Active
WELL_017,Delta-Q-17,Niger Delta Offshore,2/13/2025,393,2702,21.36,12,Failed
WELL_017,Delta-Q-17,Niger Delta Offshore,2/14/2025,1979,12183,21.37,2,Active
WELL_017,Delta-Q-17,Niger Delta Offshore,2/15/2025,1946,12176,21.39,3,Active
WELL_017,Delta-Q-17,Niger Delta Offshore,2/16/2025,416,1628,21.41,11,Failed
WELL_017,Delta-Q-17,Niger Delta Onshore,2/17/2025,1272,8407,21.43,6,Maintenance
WELL_017,Delta-Q-17,Niger Delta Offshore,2/18/2025,1941,12241,21.48,1,Active
WELL_017,Delta-Q-17,Niger Delta Onshore,2/19/2025,1971,12165,21.5,3,Active
WELL_017,Delta-Q-17,Niger Delta Offshore,2/20/2025,1944,12198,21.54,1,Active
WELL_017,Delta-Q-17,Niger Delta Onshore,2/21/2025,1299,8367,21.59,9,Maintenance
WELL_017,Delta-Q-17,Niger Delta Offshore,2/22/2025,1260,8401,21.62,4,Maintenance
WELL_017,Delta-Q-17,Niger Delta Onshore,2/23/2025,1915,12181,21.63,3,Active
WELL_017,Delta-Q-17,Niger Delta Onshore,2/24/2025,1963,12199,21.65,3,Active
WELL_017,Delta-Q-17,Niger Delta Offshore,2/25/2025,1261,8336,21.68,4,Maintenance
WELL_017,Delta-Q-17,Niger Delta Offshore,2/26/2025,1915,12297,21.7,3,Active
WELL_017,Delta-Q-17,Niger Delta Onshore,2/27/2025,1920,12216,21.75,1,Active
WELL_017,Delta-Q-17,Niger Delta Onshore,2/28/2025,1906,12161,21.77,1,Active
WELL_017,Delta-Q-17,Niger Delta Onshore,3/1/2025,1930,12244,21.81,3,Active
WELL_017,Delta-Q-17,Niger Delta Onshore,3/2/2025,1912,12285,21.82,2,Active
WELL_017,Delta-Q-17,Niger Delta Offshore,3/3/2025,1982,12165,21.85,1,Active
WELL_017,Delta-Q-17,Niger Delta Onshore,3/4/2025,1940,12143,21.86,1,Active
WELL_017,Delta-Q-17,Niger Delta Offshore,3/5/2025,115,2732,21.91,14,Failed
WELL_017,Delta-Q-17,Niger Delta Onshore,3/6/2025,1274,8383,21.92,5,Maintenance
WELL_017,Delta-Q-17,Niger Delta Offshore,3/7/2025,1934,12247,21.95,3,Active
WELL_017,Delta-Q-17,Niger Delta Offshore,3/8/2025,1890,12196,21.99,0,Active
WELL_017,Delta-Q-17,Niger Delta Onshore,3/9/2025,368,698,22.04,12,Failed
WELL_017,Delta-Q-17,Niger Delta Onshore,3/10/2025,1936,12167,22.06,3,Active
WELL_017,Delta-Q-17,Niger Delta Offshore,3/11/2025,1923,12176,22.08,1,Active
WELL_017,Delta-Q-17,Niger Delta Onshore,3/12/2025,1937,12268,22.09,3,Active
WELL_017,Delta-Q-17,Niger Delta Offshore,3/13/2025,320,2619,22.12,14,Failed
WELL_017,Delta-Q-17,Niger Delta Offshore,3/14/2025,1278,8313,22.15,8,Maintenance
WELL_017,Delta-Q-17,Niger Delta Offshore,3/15/2025,1972,12236,22.16,1,Active
WELL_017,Delta-Q-17,Niger Delta Onshore,3/16/2025,1213,8205,22.21,9,Maintenance
WELL_017,Delta-Q-17,Niger Delta Onshore,3/17/2025,1944,12299,22.22,2,Active
WELL_017,Delta-Q-17,Niger Delta Offshore,3/18/2025,1939,12290,22.26,3,Active
WELL_017,Delta-Q-17,Niger Delta Offshore,3/19/2025,1225,8294,22.28,7,Maintenance
WELL_017,Delta-Q-17,Niger Delta Onshore,3/20/2025,1245,8269,22.3,7,Maintenance
WELL_017,Delta-Q-17,Niger Delta Offshore,3/21/2025,1280,8200,22.33,8,Maintenance
WELL_017,Delta-Q-17,Niger Delta Onshore,3/22/2025,1919,12140,22.35,2,Active
WELL_017,Delta-Q-17,Niger Delta Onshore,3/23/2025,1881,12285,22.37,0,Active
WELL_017,Delta-Q-17,Niger Delta Offshore,3/24/2025,1951,12122,22.4,0,Active
WELL_017,Delta-Q-17,Niger Delta Offshore,3/25/2025,1248,8339,22.44,7,Maintenance
WELL_017,Delta-Q-17,Niger Delta Onshore,3/26/2025,1899,12212,22.45,0,Active
WELL_017,Delta-Q-17,Niger Delta Onshore,3/27/2025,1892,12146,22.48,0,Active
WELL_017,Delta-Q-17,Niger Delta Offshore,3/28/2025,1246,8225,22.51,6,Maintenance
WELL_017,Delta-Q-17,Niger Delta Onshore,3/29/2025,1901,12215,22.54,2,Active
WELL_017,Delta-Q-17,Niger Delta Offshore,3/30/2025,1885,12178,22.57,1,Active
WELL_017,Delta-Q-17,Niger Delta Offshore,3/31/2025,1862,12161,22.6,1,Active
WELL_017,Delta-Q-17,Niger Delta Offshore,4/1/2025,1276,8203,22.63,4,Maintenance
WELL_017,Delta-Q-17,Niger Delta Onshore,4/2/2025,1949,12127,22.65,0,Active
WELL_017,Delta-Q-17,Niger Delta Onshore,4/3/2025,1248,8340,22.7,4,Maintenance
WELL_017,Delta-Q-17,Niger Delta Offshore,4/4/2025,1920,12127,22.72,1,Active
WELL_017,Delta-Q-17,Niger Delta Offshore,4/5/2025,1949,12252,22.77,2,Active
WELL_017,Delta-Q-17,Niger Delta Offshore,4/6/2025,1925,12080,22.81,1,Active
WELL_017,Delta-Q-17,Niger Delta Onshore,4/7/2025,1270,8200,22.83,6,Maintenance
WELL_017,Delta-Q-17,Niger Delta Offshore,4/8/2025,1864,12265,22.87,2,Active
WELL_017,Delta-Q-17,Niger Delta Offshore,4/9/2025,1900,12132,22.9,3,Active
WELL_017,Delta-Q-17,Niger Delta Offshore,4/10/2025,1947,12146,22.95,1,Active
WELL_017,Delta-Q-17,Niger Delta Onshore,4/11/2025,1249,8232,22.96,8,Maintenance
WELL_017,Delta-Q-17,Niger Delta Offshore,4/12/2025,1918,12164,22.99,0,Active
WELL_017,Delta-Q-17,Niger Delta Offshore,4/13/2025,1929,12152,23.02,0,Active
WELL_017,Delta-Q-17,Niger Delta Offshore,4/14/2025,1872,12177,23.03,2,Active
WELL_017,Delta-Q-17,Niger Delta Offshore,4/15/2025,1902,12087,23.05,0,Active
WELL_017,Delta-Q-17,Niger Delta Onshore,4/16/2025,1855,12238,23.09,1,Active
WELL_017,Delta-Q-17,Niger Delta Offshore,4/17/2025,174,1303,23.1,12,Failed
WELL_017,Delta-Q-17,Niger Delta Onshore,4/18/2025,1934,12152,23.12,3,Active
WELL_017,Delta-Q-17,Niger Delta Offshore,4/19/2025,1853,12223,23.14,2,Active
WELL_017,Delta-Q-17,Niger Delta Onshore,4/20/2025,1906,12157,23.17,0,Active
WELL_017,Delta-Q-17,Niger Delta Offshore,4/21/2025,1910,12183,23.19,1,Active
WELL_017,Delta-Q-17,Niger Delta Onshore,4/22/2025,1887,12221,23.22,3,Active
WELL_017,Delta-Q-17,Niger Delta Offshore,4/23/2025,1890,12129,23.25,3,Active
WELL_017,Delta-Q-17,Niger Delta Onshore,4/24/2025,1842,12220,23.29,3,Active
WELL_017,Delta-Q-17,Niger Delta Onshore,4/25/2025,1862,12133,23.32,2,Active
WELL_017,Delta-Q-17,Niger Delta Offshore,4/26/2025,1857,12138,23.36,1,Active
WELL_017,Delta-Q-17,Niger Delta Onshore,4/27/2025,1849,12085,23.4,3,Active
WELL_017,Delta-Q-17,Niger Delta Offshore,4/28/2025,1903,12048,23.42,3,Active
WELL_017,Delta-Q-17,Niger Delta Onshore,4/29/2025,330,1775,23.47,18,Failed
WELL_017,Delta-Q-17,Niger Delta Onshore,4/30/2025,1880,12121,23.5,3,Active
WELL_017,Delta-Q-17,Niger Delta Offshore,5/1/2025,1919,12116,23.53,0,Active
WELL_017,Delta-Q-17,Niger Delta Offshore,5/2/2025,1152,8101,23.57,9,Maintenance
WELL_017,Delta-Q-17,Niger Delta Onshore,5/3/2025,1169,8190,23.58,9,Maintenance
WELL_017,Delta-Q-17,Niger Delta Offshore,5/4/2025,132,2311,23.61,18,Failed
WELL_017,Delta-Q-17,Niger Delta Offshore,5/5/2025,1916,12133,23.65,2,Active
WELL_017,Delta-Q-17,Niger Delta Offshore,5/6/2025,1878,12117,23.68,2,Active
WELL_017,Delta-Q-17,Niger Delta Offshore,5/7/2025,1910,12141,23.7,1,Active
WELL_017,Delta-Q-17,Niger Delta Onshore,5/8/2025,1925,12159,23.72,3,Active
WELL_017,Delta-Q-17,Niger Delta Offshore,5/9/2025,1926,12199,23.73,1,Active
WELL_017,Delta-Q-17,Niger Delta Offshore,5/10/2025,1923,12005,23.75,2,Active
WELL_017,Delta-Q-17,Niger Delta Onshore,5/11/2025,1835,12011,23.8,2,Active
WELL_017,Delta-Q-17,Niger Delta Offshore,5/12/2025,1844,12101,23.84,0,Active
WELL_017,Delta-Q-17,Niger Delta Offshore,5/13/2025,1211,8167,23.88,8,Maintenance
WELL_017,Delta-Q-17,Niger Delta Offshore,5/14/2025,1844,12160,23.92,3,Active
WELL_018,Delta-R-18,Niger Delta Offshore,1/1/2024,1770,7059,13.05,7,Maintenance
WELL_018,Delta-R-18,Niger Delta Onshore,1/2/2024,2540,10122,13.07,0,Active
WELL_018,Delta-R-18,Niger Delta Onshore,1/3/2024,2591,10175,13.09,1,Active
WELL_018,Delta-R-18,Niger Delta Onshore,1/4/2024,2613,10170,13.13,2,Active
WELL_018,Delta-R-18,Niger Delta Onshore,1/5/2024,2542,10101,13.15,1,Active
WELL_018,Delta-R-18,Niger Delta Offshore,1/6/2024,2558,10101,13.2,1,Active
WELL_018,Delta-R-18,Niger Delta Offshore,1/7/2024,337,2924,13.22,15,Failed
WELL_018,Delta-R-18,Niger Delta Offshore,1/8/2024,2560,10094,13.23,2,Active
WELL_018,Delta-R-18,Niger Delta Offshore,1/9/2024,2607,10061,13.25,3,Active
WELL_018,Delta-R-18,Niger Delta Offshore,1/10/2024,2546,10020,13.28,1,Active
WELL_018,Delta-R-18,Niger Delta Onshore,1/11/2024,2561,10091,13.29,1,Active
WELL_018,Delta-R-18,Niger Delta Offshore,1/12/2024,1834,6972,13.33,4,Maintenance
WELL_018,Delta-R-18,Niger Delta Offshore,1/13/2024,2614,10082,13.34,1,Active
WELL_018,Delta-R-18,Niger Delta Offshore,1/14/2024,2613,10102,13.36,3,Active
WELL_018,Delta-R-18,Niger Delta Onshore,1/15/2024,2557,10058,13.4,3,Active
WELL_018,Delta-R-18,Niger Delta Offshore,1/16/2024,2561,10065,13.41,2,Active
WELL_018,Delta-R-18,Niger Delta Offshore,1/17/2024,2537,10003,13.43,2,Active
WELL_018,Delta-R-18,Niger Delta Onshore,1/18/2024,2615,9970,13.45,0,Active
WELL_018,Delta-R-18,Niger Delta Onshore,1/19/2024,2612,9985,13.47,1,Active
WELL_018,Delta-R-18,Niger Delta Offshore,1/20/2024,2610,10025,13.49,3,Active
WELL_018,Delta-R-18,Niger Delta Onshore,1/21/2024,2533,9958,13.51,1,Active
WELL_018,Delta-R-18,Niger Delta Offshore,1/22/2024,2614,10013,13.53,2,Active
WELL_018,Delta-R-18,Niger Delta Offshore,1/23/2024,2564,10059,13.55,3,Active
WELL_018,Delta-R-18,Niger Delta Offshore,1/24/2024,1803,7056,13.58,8,Maintenance
WELL_018,Delta-R-18,Niger Delta Onshore,1/25/2024,2604,10011,13.61,3,Active
WELL_018,Delta-R-18,Niger Delta Onshore,1/26/2024,2523,10112,13.63,2,Active
WELL_018,Delta-R-18,Niger Delta Onshore,1/27/2024,1837,6948,13.68,5,Maintenance
WELL_018,Delta-R-18,Niger Delta Onshore,1/28/2024,2518,10113,13.72,1,Active
WELL_018,Delta-R-18,Niger Delta Offshore,1/29/2024,2555,9981,13.75,1,Active
WELL_018,Delta-R-18,Niger Delta Onshore,1/30/2024,2543,10130,13.78,1,Active
WELL_018,Delta-R-18,Niger Delta Onshore,1/31/2024,2543,9986,13.79,3,Active
WELL_018,Delta-R-18,Niger Delta Offshore,2/1/2024,2559,10016,13.81,2,Active
WELL_018,Delta-R-18,Niger Delta Offshore,2/2/2024,2524,9958,13.86,0,Active
WELL_018,Delta-R-18,Niger Delta Onshore,2/3/2024,1774,7058,13.89,8,Maintenance
WELL_018,Delta-R-18,Niger Delta Offshore,2/4/2024,2512,9929,13.91,2,Active
WELL_018,Delta-R-18,Niger Delta Offshore,2/5/2024,2582,9985,13.92,0,Active
WELL_018,Delta-R-18,Niger Delta Onshore,2/6/2024,2513,9997,13.94,3,Active
WELL_018,Delta-R-18,Niger Delta Onshore,2/7/2024,2541,9931,13.98,0,Active
WELL_018,Delta-R-18,Niger Delta Onshore,2/8/2024,2603,9982,14.03,0,Active
WELL_018,Delta-R-18,Niger Delta Offshore,2/9/2024,2604,10076,14.07,2,Active
WELL_018,Delta-R-18,Niger Delta Onshore,2/10/2024,2600,9991,14.1,2,Active
WELL_018,Delta-R-18,Niger Delta Offshore,2/11/2024,2558,10049,14.13,0,Active
WELL_018,Delta-R-18,Niger Delta Offshore,2/12/2024,2593,10073,14.18,2,Active
WELL_018,Delta-R-18,Niger Delta Offshore,2/13/2024,2535,9923,14.23,0,Active
WELL_018,Delta-R-18,Niger Delta Offshore,2/14/2024,2584,9963,14.28,2,Active
WELL_018,Delta-R-18,Niger Delta Offshore,2/15/2024,1800,6951,14.31,7,Maintenance
WELL_018,Delta-R-18,Niger Delta Onshore,2/16/2024,2580,9935,14.32,3,Active
WELL_018,Delta-R-18,Niger Delta Onshore,2/17/2024,2594,9912,14.35,2,Active
WELL_018,Delta-R-18,Niger Delta Onshore,2/18/2024,2564,9971,14.39,3,Active
WELL_018,Delta-R-18,Niger Delta Offshore,2/19/2024,2557,9911,14.41,2,Active
WELL_018,Delta-R-18,Niger Delta Offshore,2/20/2024,2532,10092,14.45,1,Active
WELL_018,Delta-R-18,Niger Delta Offshore,2/21/2024,1794,6984,14.48,4,Maintenance
WELL_018,Delta-R-18,Niger Delta Onshore,2/22/2024,2515,10023,14.51,0,Active
WELL_018,Delta-R-18,Niger Delta Offshore,2/23/2024,2565,9915,14.53,3,Active
WELL_018,Delta-R-18,Niger Delta Onshore,2/24/2024,2527,9981,14.55,0,Active
WELL_018,Delta-R-18,Niger Delta Onshore,2/25/2024,2506,9994,14.58,1,Active
WELL_018,Delta-R-18,Niger Delta Offshore,2/26/2024,1734,6966,14.59,5,Maintenance
WELL_018,Delta-R-18,Niger Delta Onshore,2/27/2024,1777,7038,14.62,8,Maintenance
WELL_018,Delta-R-18,Niger Delta Onshore,2/28/2024,1776,6869,14.66,8,Maintenance
WELL_018,Delta-R-18,Niger Delta Offshore,2/29/2024,2576,10057,14.68,2,Active
WELL_018,Delta-R-18,Niger Delta Offshore,3/1/2024,2509,9907,14.72,3,Active
WELL_018,Delta-R-18,Niger Delta Onshore,3/2/2024,1764,6981,14.76,6,Maintenance
WELL_018,Delta-R-18,Niger Delta Offshore,3/3/2024,2516,10019,14.81,2,Active
WELL_018,Delta-R-18,Niger Delta Offshore,3/4/2024,1736,6883,14.85,5,Maintenance
WELL_018,Delta-R-18,Niger Delta Onshore,3/5/2024,2511,9877,14.89,3,Active
WELL_018,Delta-R-18,Niger Delta Onshore,3/6/2024,590,710,14.91,21,Failed
WELL_018,Delta-R-18,Niger Delta Onshore,3/7/2024,2562,9929,14.94,3,Active
WELL_018,Delta-R-18,Niger Delta Offshore,3/8/2024,2545,9882,14.98,0,Active
WELL_018,Delta-R-18,Niger Delta Offshore,3/9/2024,2513,9916,14.99,0,Active
WELL_018,Delta-R-18,Niger Delta Onshore,3/10/2024,2488,9870,15.01,1,Active
WELL_018,Delta-R-18,Niger Delta Offshore,3/11/2024,2570,9857,15.02,3,Active
WELL_018,Delta-R-18,Niger Delta Offshore,3/12/2024,2548,9955,15.06,1,Active
WELL_018,Delta-R-18,Niger Delta Onshore,3/13/2024,2549,9948,15.08,1,Active
WELL_018,Delta-R-18,Niger Delta Onshore,3/14/2024,2530,9867,15.09,2,Active
WELL_018,Delta-R-18,Niger Delta Onshore,3/15/2024,2507,9964,15.1,1,Active
WELL_018,Delta-R-18,Niger Delta Onshore,3/16/2024,21,260,15.11,12,Failed
WELL_018,Delta-R-18,Niger Delta Onshore,3/17/2024,2546,9886,15.15,1,Active
WELL_018,Delta-R-18,Niger Delta Offshore,3/18/2024,1756,6921,15.17,8,Maintenance
WELL_018,Delta-R-18,Niger Delta Offshore,3/19/2024,2574,9952,15.2,2,Active
WELL_018,Delta-R-18,Niger Delta Offshore,3/20/2024,2504,9877,15.24,2,Active
WELL_018,Delta-R-18,Niger Delta Onshore,3/21/2024,2532,10022,15.27,1,Active
WELL_018,Delta-R-18,Niger Delta Onshore,3/22/2024,2518,9959,15.32,3,Active
WELL_018,Delta-R-18,Niger Delta Onshore,3/23/2024,57,2766,15.35,21,Failed
WELL_018,Delta-R-18,Niger Delta Offshore,3/24/2024,2564,9987,15.38,3,Active
WELL_018,Delta-R-18,Niger Delta Onshore,3/25/2024,1768,6889,15.43,5,Maintenance
WELL_018,Delta-R-18,Niger Delta Offshore,3/26/2024,2558,9890,15.47,3,Active
WELL_018,Delta-R-18,Niger Delta Onshore,3/27/2024,1725,6912,15.48,5,Maintenance
WELL_018,Delta-R-18,Niger Delta Offshore,3/28/2024,2557,9949,15.5,3,Active
WELL_018,Delta-R-18,Niger Delta Offshore,3/29/2024,2502,9863,15.53,2,Active
WELL_018,Delta-R-18,Niger Delta Offshore,3/30/2024,2536,9981,15.57,1,Active
WELL_018,Delta-R-18,Niger Delta Onshore,3/31/2024,2498,9866,15.6,2,Active
WELL_018,Delta-R-18,Niger Delta Offshore,4/1/2024,2515,9838,15.62,1,Active
WELL_018,Delta-R-18,Niger Delta Offshore,4/2/2024,2490,9907,15.66,1,Active
WELL_018,Delta-R-18,Niger Delta Onshore,4/3/2024,2529,9905,15.68,0,Active
WELL_018,Delta-R-18,Niger Delta Offshore,4/4/2024,2552,9881,15.7,2,Active
WELL_018,Delta-R-18,Niger Delta Offshore,4/5/2024,2469,9912,15.74,3,Active
WELL_018,Delta-R-18,Niger Delta Onshore,4/6/2024,2488,9986,15.76,0,Active
WELL_018,Delta-R-18,Niger Delta Offshore,4/7/2024,2524,9962,15.77,2,Active
WELL_018,Delta-R-18,Niger Delta Offshore,4/8/2024,1775,6857,15.81,9,Maintenance
WELL_018,Delta-R-18,Niger Delta Offshore,4/9/2024,749,63,15.84,22,Failed
WELL_018,Delta-R-18,Niger Delta Onshore,4/10/2024,2507,9987,15.86,3,Active
WELL_018,Delta-R-18,Niger Delta Onshore,4/11/2024,1730,6856,15.9,9,Maintenance
WELL_018,Delta-R-18,Niger Delta Offshore,4/12/2024,2546,9877,15.95,3,Active
WELL_018,Delta-R-18,Niger Delta Offshore,4/13/2024,2462,9923,15.98,0,Active
WELL_018,Delta-R-18,Niger Delta Offshore,4/14/2024,596,1443,16.02,23,Failed
WELL_018,Delta-R-18,Niger Delta Onshore,4/15/2024,131,1626,16.04,19,Failed
WELL_018,Delta-R-18,Niger Delta Offshore,4/16/2024,2536,9807,16.06,1,Active
WELL_018,Delta-R-18,Niger Delta Onshore,4/17/2024,2467,9920,16.1,3,Active
WELL_018,Delta-R-18,Niger Delta Offshore,4/18/2024,2539,9933,16.15,2,Active
WELL_018,Delta-R-18,Niger Delta Offshore,4/19/2024,2511,9958,16.17,0,Active
WELL_018,Delta-R-18,Niger Delta Offshore,4/20/2024,2544,9906,16.2,3,Active
WELL_018,Delta-R-18,Niger Delta Offshore,4/21/2024,2471,9798,16.22,0,Active
WELL_018,Delta-R-18,Niger Delta Onshore,4/22/2024,2521,9794,16.23,2,Active
WELL_018,Delta-R-18,Niger Delta Offshore,4/23/2024,2458,9945,16.25,2,Active
WELL_018,Delta-R-18,Niger Delta Onshore,4/24/2024,2517,9923,16.29,1,Active
WELL_018,Delta-R-18,Niger Delta Onshore,4/25/2024,2471,9848,16.31,0,Active
WELL_018,Delta-R-18,Niger Delta Offshore,4/26/2024,2459,9943,16.35,2,Active
WELL_018,Delta-R-18,Niger Delta Offshore,4/27/2024,1723,6779,16.36,5,Maintenance
WELL_018,Delta-R-18,Niger Delta Offshore,4/28/2024,2486,9897,16.4,0,Active
WELL_018,Delta-R-18,Niger Delta Offshore,4/29/2024,1694,6839,16.43,8,Maintenance
WELL_018,Delta-R-18,Niger Delta Offshore,4/30/2024,2499,9763,16.46,2,Active
WELL_018,Delta-R-18,Niger Delta Offshore,5/1/2024,492,1266,16.5,14,Failed
WELL_018,Delta-R-18,Niger Delta Onshore,5/2/2024,2492,9851,16.53,3,Active
WELL_018,Delta-R-18,Niger Delta Onshore,5/3/2024,1691,6900,16.54,6,Maintenance
WELL_018,Delta-R-18,Niger Delta Onshore,5/4/2024,2483,9785,16.56,1,Active
WELL_018,Delta-R-18,Niger Delta Onshore,5/5/2024,1748,6891,16.6,5,Maintenance
WELL_018,Delta-R-18,Niger Delta Offshore,5/6/2024,1731,6864,16.63,9,Maintenance
WELL_018,Delta-R-18,Niger Delta Offshore,5/7/2024,2507,9819,16.66,0,Active
WELL_018,Delta-R-18,Niger Delta Onshore,5/8/2024,677,317,16.68,15,Failed
WELL_018,Delta-R-18,Niger Delta Onshore,5/9/2024,1746,6714,16.72,6,Maintenance
WELL_018,Delta-R-18,Niger Delta Onshore,5/10/2024,2489,9860,16.76,3,Active
WELL_018,Delta-R-18,Niger Delta Onshore,5/11/2024,2458,9799,16.78,1,Active
WELL_018,Delta-R-18,Niger Delta Onshore,5/12/2024,1752,6810,16.81,4,Maintenance
WELL_018,Delta-R-18,Niger Delta Offshore,5/13/2024,2451,9866,16.84,1,Active
WELL_018,Delta-R-18,Niger Delta Onshore,5/14/2024,2489,9813,16.85,0,Active
WELL_018,Delta-R-18,Niger Delta Offshore,5/15/2024,1732,6888,16.89,7,Maintenance
WELL_018,Delta-R-18,Niger Delta Onshore,5/16/2024,2484,9859,16.93,0,Active
WELL_018,Delta-R-18,Niger Delta Onshore,5/17/2024,2510,9720,16.96,3,Active
WELL_018,Delta-R-18,Niger Delta Offshore,5/18/2024,2474,9826,17,0,Active
WELL_018,Delta-R-18,Niger Delta Onshore,5/19/2024,1732,6826,17.04,5,Maintenance
WELL_018,Delta-R-18,Niger Delta Onshore,5/20/2024,2507,9775,17.08,1,Active
WELL_018,Delta-R-18,Niger Delta Offshore,5/21/2024,2488,9836,17.12,3,Active
WELL_018,Delta-R-18,Niger Delta Offshore,5/22/2024,2472,9750,17.16,3,Active
WELL_018,Delta-R-18,Niger Delta Offshore,5/23/2024,2498,9759,17.17,3,Active
WELL_018,Delta-R-18,Niger Delta Offshore,5/24/2024,2469,9828,17.18,1,Active
WELL_018,Delta-R-18,Niger Delta Offshore,5/25/2024,2427,9799,17.23,3,Active
WELL_018,Delta-R-18,Niger Delta Onshore,5/26/2024,646,1288,17.24,14,Failed
WELL_018,Delta-R-18,Niger Delta Onshore,5/27/2024,1731,6834,17.27,7,Maintenance
WELL_018,Delta-R-18,Niger Delta Offshore,5/28/2024,2498,9733,17.3,1,Active
WELL_018,Delta-R-18,Niger Delta Onshore,5/29/2024,2431,9750,17.32,1,Active
WELL_018,Delta-R-18,Niger Delta Offshore,5/30/2024,2495,9892,17.34,0,Active
WELL_018,Delta-R-18,Niger Delta Offshore,5/31/2024,2476,9846,17.38,2,Active
WELL_018,Delta-R-18,Niger Delta Onshore,6/1/2024,2461,9725,17.43,0,Active
WELL_018,Delta-R-18,Niger Delta Onshore,6/2/2024,2479,9694,17.46,3,Active
WELL_018,Delta-R-18,Niger Delta Onshore,6/3/2024,2452,9706,17.47,1,Active
WELL_018,Delta-R-18,Niger Delta Offshore,6/4/2024,1709,6750,17.52,5,Maintenance
WELL_018,Delta-R-18,Niger Delta Onshore,6/5/2024,1713,6819,17.54,9,Maintenance
WELL_018,Delta-R-18,Niger Delta Offshore,6/6/2024,2508,9695,17.56,3,Active
WELL_018,Delta-R-18,Niger Delta Onshore,6/7/2024,1669,6813,17.61,7,Maintenance
WELL_018,Delta-R-18,Niger Delta Offshore,6/8/2024,2500,9678,17.66,1,Active
WELL_018,Delta-R-18,Niger Delta Onshore,6/9/2024,2491,9726,17.67,1,Active
WELL_018,Delta-R-18,Niger Delta Offshore,6/10/2024,1637,6755,17.69,5,Maintenance
WELL_018,Delta-R-18,Niger Delta Offshore,6/11/2024,2451,9795,17.72,0,Active
WELL_018,Delta-R-18,Niger Delta Onshore,6/12/2024,2489,9830,17.74,2,Active
WELL_018,Delta-R-18,Niger Delta Onshore,6/13/2024,2413,9697,17.76,2,Active
WELL_018,Delta-R-18,Niger Delta Offshore,6/14/2024,673,1218,17.8,16,Failed
WELL_018,Delta-R-18,Niger Delta Offshore,6/15/2024,241,2050,17.83,18,Failed
WELL_018,Delta-R-18,Niger Delta Offshore,6/16/2024,2499,9687,17.84,1,Active
WELL_018,Delta-R-18,Niger Delta Offshore,6/17/2024,1698,6742,17.87,8,Maintenance
WELL_018,Delta-R-18,Niger Delta Onshore,6/18/2024,2482,9782,17.91,1,Active
WELL_018,Delta-R-18,Niger Delta Onshore,6/19/2024,2484,9780,17.94,0,Active
WELL_018,Delta-R-18,Niger Delta Offshore,6/20/2024,563,2205,17.97,16,Failed
WELL_018,Delta-R-18,Niger Delta Onshore,6/21/2024,2407,9704,17.98,3,Active
WELL_018,Delta-R-18,Niger Delta Onshore,6/22/2024,2413,9827,18,3,Active
WELL_018,Delta-R-18,Niger Delta Offshore,6/23/2024,2481,9731,18.02,2,Active
WELL_018,Delta-R-18,Niger Delta Offshore,6/24/2024,2496,9749,18.06,3,Active
WELL_018,Delta-R-18,Niger Delta Onshore,6/25/2024,1626,6807,18.08,9,Maintenance
WELL_018,Delta-R-18,Niger Delta Onshore,6/26/2024,304,1936,18.13,10,Failed
WELL_018,Delta-R-18,Niger Delta Offshore,6/27/2024,2433,9675,18.16,3,Active
WELL_018,Delta-R-18,Niger Delta Onshore,6/28/2024,2444,9644,18.2,0,Active
WELL_018,Delta-R-18,Niger Delta Offshore,6/29/2024,2454,9747,18.23,1,Active
WELL_018,Delta-R-18,Niger Delta Offshore,6/30/2024,2469,9815,18.27,2,Active
WELL_018,Delta-R-18,Niger Delta Onshore,7/1/2024,2437,9706,18.32,0,Active
WELL_018,Delta-R-18,Niger Delta Offshore,7/2/2024,2405,9767,18.36,1,Active
WELL_018,Delta-R-18,Niger Delta Onshore,7/3/2024,1689,6754,18.38,6,Maintenance
WELL_018,Delta-R-18,Niger Delta Onshore,7/4/2024,2423,9740,18.41,3,Active
WELL_018,Delta-R-18,Niger Delta Offshore,7/5/2024,2472,9797,18.45,3,Active
WELL_018,Delta-R-18,Niger Delta Offshore,7/6/2024,1629,6780,18.48,6,Maintenance
WELL_018,Delta-R-18,Niger Delta Offshore,7/7/2024,579,955,18.49,10,Failed
WELL_018,Delta-R-18,Niger Delta Onshore,7/8/2024,2447,9689,18.52,3,Active
WELL_018,Delta-R-18,Niger Delta Offshore,7/9/2024,25,873,18.55,21,Failed
WELL_018,Delta-R-18,Niger Delta Offshore,7/10/2024,2387,9635,18.56,3,Active
WELL_018,Delta-R-18,Niger Delta Offshore,7/11/2024,2437,9644,18.59,1,Active
WELL_018,Delta-R-18,Niger Delta Onshore,7/12/2024,2417,9694,18.61,3,Active
WELL_018,Delta-R-18,Niger Delta Offshore,7/13/2024,2393,9688,18.64,1,Active
WELL_018,Delta-R-18,Niger Delta Onshore,7/14/2024,2477,9695,18.67,3,Active
WELL_018,Delta-R-18,Niger Delta Offshore,7/15/2024,2463,9794,18.69,1,Active
WELL_018,Delta-R-18,Niger Delta Offshore,7/16/2024,2423,9753,18.73,1,Active
WELL_018,Delta-R-18,Niger Delta Onshore,7/17/2024,2414,9702,18.75,0,Active
WELL_018,Delta-R-18,Niger Delta Offshore,7/18/2024,2474,9678,18.78,0,Active
WELL_018,Delta-R-18,Niger Delta Offshore,7/19/2024,2447,9681,18.82,2,Active
WELL_018,Delta-R-18,Niger Delta Offshore,7/20/2024,2441,9786,18.83,2,Active
WELL_018,Delta-R-18,Niger Delta Offshore,7/21/2024,2445,9735,18.87,1,Active
WELL_018,Delta-R-18,Niger Delta Onshore,7/22/2024,2443,9754,18.91,0,Active
WELL_018,Delta-R-18,Niger Delta Offshore,7/23/2024,2413,9729,18.94,2,Active
WELL_018,Delta-R-18,Niger Delta Offshore,7/24/2024,485,349,18.98,20,Failed
WELL_018,Delta-R-18,Niger Delta Offshore,7/25/2024,749,1351,19,22,Failed
WELL_018,Delta-R-18,Niger Delta Onshore,7/26/2024,738,166,19.01,20,Failed
WELL_018,Delta-R-18,Niger Delta Offshore,7/27/2024,535,1442,19.05,10,Failed
WELL_018,Delta-R-18,Niger Delta Offshore,7/28/2024,2390,9734,19.08,0,Active
WELL_018,Delta-R-18,Niger Delta Onshore,7/29/2024,2448,9576,19.13,3,Active
WELL_018,Delta-R-18,Niger Delta Offshore,7/30/2024,1689,6705,19.15,5,Maintenance
WELL_018,Delta-R-18,Niger Delta Offshore,7/31/2024,2395,9764,19.2,2,Active
WELL_018,Delta-R-18,Niger Delta Offshore,8/1/2024,2450,9713,19.24,3,Active
WELL_018,Delta-R-18,Niger Delta Offshore,8/2/2024,2370,9669,19.28,3,Active
WELL_018,Delta-R-18,Niger Delta Offshore,8/3/2024,2429,9633,19.3,1,Active
WELL_018,Delta-R-18,Niger Delta Onshore,8/4/2024,2373,9606,19.31,0,Active
WELL_018,Delta-R-18,Niger Delta Onshore,8/5/2024,2390,9704,19.34,2,Active
WELL_018,Delta-R-18,Niger Delta Onshore,8/6/2024,1669,6577,19.39,5,Maintenance
WELL_018,Delta-R-18,Niger Delta Offshore,8/7/2024,2380,9664,19.44,0,Active
WELL_018,Delta-R-18,Niger Delta Offshore,8/8/2024,1649,6568,19.47,5,Maintenance
WELL_018,Delta-R-18,Niger Delta Offshore,8/9/2024,1635,6635,19.48,7,Maintenance
WELL_018,Delta-R-18,Niger Delta Offshore,8/10/2024,71,769,19.51,10,Failed
WELL_018,Delta-R-18,Niger Delta Offshore,8/11/2024,2451,9570,19.54,0,Active
WELL_018,Delta-R-18,Niger Delta Offshore,8/12/2024,1654,6686,19.57,4,Maintenance
WELL_018,Delta-R-18,Niger Delta Offshore,8/13/2024,568,2406,19.58,11,Failed
WELL_018,Delta-R-18,Niger Delta Offshore,8/14/2024,2445,9594,19.61,1,Active
WELL_018,Delta-R-18,Niger Delta Onshore,8/15/2024,2420,9546,19.63,2,Active
WELL_018,Delta-R-18,Niger Delta Onshore,8/16/2024,2405,9566,19.64,1,Active
WELL_018,Delta-R-18,Niger Delta Offshore,8/17/2024,1602,6618,19.66,7,Maintenance
WELL_018,Delta-R-18,Niger Delta Onshore,8/18/2024,2369,9688,19.71,1,Active
WELL_018,Delta-R-18,Niger Delta Offshore,8/19/2024,2416,9598,19.73,1,Active
WELL_018,Delta-R-18,Niger Delta Onshore,8/20/2024,2392,9662,19.75,2,Active
WELL_018,Delta-R-18,Niger Delta Offshore,8/21/2024,2363,9560,19.77,2,Active
WELL_018,Delta-R-18,Niger Delta Onshore,8/22/2024,1655,6651,19.79,6,Maintenance
WELL_018,Delta-R-18,Niger Delta Offshore,8/23/2024,1635,6526,19.83,8,Maintenance
WELL_018,Delta-R-18,Niger Delta Onshore,8/24/2024,2379,9603,19.88,3,Active
WELL_018,Delta-R-18,Niger Delta Offshore,8/25/2024,573,735,19.91,19,Failed
WELL_018,Delta-R-18,Niger Delta Onshore,8/26/2024,2448,9696,19.96,3,Active
WELL_018,Delta-R-18,Niger Delta Offshore,8/27/2024,2353,9544,19.97,1,Active
WELL_018,Delta-R-18,Niger Delta Offshore,8/28/2024,2421,9711,19.98,2,Active
WELL_018,Delta-R-18,Niger Delta Offshore,8/29/2024,2437,9658,20,0,Active
WELL_018,Delta-R-18,Niger Delta Onshore,8/30/2024,2405,9694,20.03,3,Active
WELL_018,Delta-R-18,Niger Delta Offshore,8/31/2024,2418,9543,20.05,0,Active
WELL_018,Delta-R-18,Niger Delta Onshore,9/1/2024,2366,9665,20.08,0,Active
WELL_018,Delta-R-18,Niger Delta Offshore,9/2/2024,2348,9598,20.12,1,Active
WELL_018,Delta-R-18,Niger Delta Offshore,9/3/2024,2365,9584,20.15,0,Active
WELL_018,Delta-R-18,Niger Delta Onshore,9/4/2024,123,2582,20.2,19,Failed
WELL_018,Delta-R-18,Niger Delta Offshore,9/5/2024,1655,6492,20.23,9,Maintenance
WELL_018,Delta-R-18,Niger Delta Onshore,9/6/2024,2428,9621,20.27,3,Active
WELL_018,Delta-R-18,Niger Delta Offshore,9/7/2024,2421,9557,20.29,2,Active
WELL_018,Delta-R-18,Niger Delta Onshore,9/8/2024,1574,6591,20.31,8,Maintenance
WELL_018,Delta-R-18,Niger Delta Onshore,9/9/2024,2385,9672,20.35,0,Active
WELL_018,Delta-R-18,Niger Delta Onshore,9/10/2024,522,2921,20.38,15,Failed
WELL_018,Delta-R-18,Niger Delta Onshore,9/11/2024,2403,9499,20.4,1,Active
WELL_018,Delta-R-18,Niger Delta Offshore,9/12/2024,2395,9665,20.41,2,Active
WELL_018,Delta-R-18,Niger Delta Onshore,9/13/2024,2362,9575,20.46,1,Active
WELL_018,Delta-R-18,Niger Delta Offshore,9/14/2024,2359,9483,20.49,0,Active
WELL_018,Delta-R-18,Niger Delta Onshore,9/15/2024,2363,9564,20.52,3,Active
WELL_018,Delta-R-18,Niger Delta Onshore,9/16/2024,2390,9625,20.55,2,Active
WELL_018,Delta-R-18,Niger Delta Onshore,9/17/2024,2387,9635,20.6,1,Active
WELL_018,Delta-R-18,Niger Delta Onshore,9/18/2024,2421,9547,20.63,0,Active
WELL_018,Delta-R-18,Niger Delta Onshore,9/19/2024,2342,9639,20.66,2,Active
WELL_018,Delta-R-18,Niger Delta Onshore,9/20/2024,2419,9551,20.69,0,Active
WELL_018,Delta-R-18,Niger Delta Offshore,9/21/2024,2421,9560,20.7,2,Active
WELL_018,Delta-R-18,Niger Delta Offshore,9/22/2024,1596,6484,20.75,8,Maintenance
WELL_018,Delta-R-18,Niger Delta Onshore,9/23/2024,2347,9470,20.79,3,Active
WELL_018,Delta-R-18,Niger Delta Onshore,9/24/2024,2403,9540,20.82,2,Active
WELL_018,Delta-R-18,Niger Delta Onshore,9/25/2024,2332,9599,20.83,3,Active
WELL_018,Delta-R-18,Niger Delta Offshore,9/26/2024,2398,9612,20.86,2,Active
WELL_018,Delta-R-18,Niger Delta Onshore,9/27/2024,2343,9600,20.88,0,Active
WELL_018,Delta-R-18,Niger Delta Offshore,9/28/2024,2325,9603,20.9,0,Active
WELL_018,Delta-R-18,Niger Delta Offshore,9/29/2024,2358,9581,20.94,0,Active
WELL_018,Delta-R-18,Niger Delta Offshore,9/30/2024,2367,9540,20.96,3,Active
WELL_018,Delta-R-18,Niger Delta Offshore,10/1/2024,2411,9582,20.99,3,Active
WELL_018,Delta-R-18,Niger Delta Onshore,10/2/2024,474,2524,21,16,Failed
WELL_018,Delta-R-18,Niger Delta Onshore,10/3/2024,2329,9571,21.05,2,Active
WELL_018,Delta-R-18,Niger Delta Onshore,10/4/2024,2319,9508,21.07,1,Active
WELL_018,Delta-R-18,Niger Delta Offshore,10/5/2024,2334,9550,21.09,2,Active
WELL_018,Delta-R-18,Niger Delta Offshore,10/6/2024,2335,9443,21.12,2,Active
WELL_018,Delta-R-18,Niger Delta Offshore,10/7/2024,2389,9506,21.16,1,Active
WELL_018,Delta-R-18,Niger Delta Offshore,10/8/2024,25,2017,21.2,18,Failed
WELL_018,Delta-R-18,Niger Delta Offshore,10/9/2024,1625,6516,21.23,6,Maintenance
WELL_018,Delta-R-18,Niger Delta Offshore,10/10/2024,2355,9560,21.27,2,Active
WELL_018,Delta-R-18,Niger Delta Offshore,10/11/2024,1598,6504,21.3,4,Maintenance
WELL_018,Delta-R-18,Niger Delta Onshore,10/12/2024,1608,6396,21.34,7,Maintenance
WELL_018,Delta-R-18,Niger Delta Offshore,10/13/2024,2392,9594,21.35,1,Active
WELL_018,Delta-R-18,Niger Delta Onshore,10/14/2024,2377,9551,21.37,2,Active
WELL_018,Delta-R-18,Niger Delta Onshore,10/15/2024,139,893,21.42,11,Failed
WELL_018,Delta-R-18,Niger Delta Offshore,10/16/2024,2359,9540,21.45,1,Active
WELL_018,Delta-R-18,Niger Delta Onshore,10/17/2024,2356,9465,21.47,3,Active
WELL_018,Delta-R-18,Niger Delta Offshore,10/18/2024,1584,6554,21.52,9,Maintenance
WELL_018,Delta-R-18,Niger Delta Offshore,10/19/2024,2343,9566,21.56,3,Active
WELL_018,Delta-R-18,Niger Delta Onshore,10/20/2024,242,2648,21.6,23,Failed
WELL_018,Delta-R-18,Niger Delta Onshore,10/21/2024,2313,9579,21.63,2,Active
WELL_018,Delta-R-18,Niger Delta Onshore,10/22/2024,2341,9465,21.66,2,Active
WELL_018,Delta-R-18,Niger Delta Onshore,10/23/2024,2332,9474,21.7,3,Active
WELL_018,Delta-R-18,Niger Delta Offshore,10/24/2024,2393,9599,21.75,1,Active
WELL_018,Delta-R-18,Niger Delta Offshore,10/25/2024,2326,9556,21.76,3,Active
WELL_018,Delta-R-18,Niger Delta Offshore,10/26/2024,2387,9535,21.8,0,Active
WELL_018,Delta-R-18,Niger Delta Offshore,10/27/2024,2386,9481,21.83,2,Active
WELL_018,Delta-R-18,Niger Delta Onshore,10/28/2024,2338,9541,21.86,1,Active
WELL_018,Delta-R-18,Niger Delta Onshore,10/29/2024,2370,9560,21.88,3,Active
WELL_018,Delta-R-18,Niger Delta Offshore,10/30/2024,355,2074,21.91,11,Failed
WELL_018,Delta-R-18,Niger Delta Offshore,10/31/2024,2354,9462,21.94,2,Active
WELL_018,Delta-R-18,Niger Delta Onshore,11/1/2024,1556,6361,21.96,6,Maintenance
WELL_018,Delta-R-18,Niger Delta Onshore,11/2/2024,1529,6409,21.98,6,Maintenance
WELL_018,Delta-R-18,Niger Delta Offshore,11/3/2024,2297,9526,22.01,3,Active
WELL_018,Delta-R-18,Niger Delta Offshore,11/4/2024,2303,9410,22.03,3,Active
WELL_018,Delta-R-18,Niger Delta Onshore,11/5/2024,2321,9432,22.08,2,Active
WELL_018,Delta-R-18,Niger Delta Offshore,11/6/2024,2348,9496,22.11,3,Active
WELL_018,Delta-R-18,Niger Delta Onshore,11/7/2024,2390,9377,22.13,2,Active
WELL_018,Delta-R-18,Niger Delta Offshore,11/8/2024,1514,6360,22.15,4,Maintenance
WELL_018,Delta-R-18,Niger Delta Offshore,11/9/2024,2376,9446,22.16,1,Active
WELL_018,Delta-R-18,Niger Delta Offshore,11/10/2024,1531,6342,22.18,5,Maintenance
WELL_018,Delta-R-18,Niger Delta Offshore,11/11/2024,2290,9453,22.2,0,Active
WELL_018,Delta-R-18,Niger Delta Offshore,11/12/2024,681,1172,22.23,12,Failed
WELL_018,Delta-R-18,Niger Delta Offshore,11/13/2024,2374,9410,22.26,3,Active
WELL_018,Delta-R-18,Niger Delta Offshore,11/14/2024,2335,9456,22.29,2,Active
WELL_018,Delta-R-18,Niger Delta Offshore,11/15/2024,2301,9491,22.33,2,Active
WELL_018,Delta-R-18,Niger Delta Onshore,11/16/2024,2303,9423,22.34,2,Active
WELL_018,Delta-R-18,Niger Delta Onshore,11/17/2024,1561,6466,22.37,6,Maintenance
WELL_018,Delta-R-18,Niger Delta Onshore,11/18/2024,2365,9428,22.4,1,Active
WELL_018,Delta-R-18,Niger Delta Onshore,11/19/2024,1588,6345,22.45,8,Maintenance
WELL_018,Delta-R-18,Niger Delta Offshore,11/20/2024,2331,9396,22.49,1,Active
WELL_018,Delta-R-18,Niger Delta Offshore,11/21/2024,88,2668,22.51,14,Failed
WELL_018,Delta-R-18,Niger Delta Offshore,11/22/2024,2279,9493,22.53,0,Active
WELL_018,Delta-R-18,Niger Delta Onshore,11/23/2024,587,1346,22.58,15,Failed
WELL_018,Delta-R-18,Niger Delta Offshore,11/24/2024,274,2264,22.6,14,Failed
WELL_018,Delta-R-18,Niger Delta Offshore,11/25/2024,2317,9388,22.63,3,Active
WELL_018,Delta-R-18,Niger Delta Offshore,11/26/2024,1560,6499,22.68,7,Maintenance
WELL_018,Delta-R-18,Niger Delta Onshore,11/27/2024,2286,9508,22.73,1,Active
WELL_018,Delta-R-18,Niger Delta Offshore,11/28/2024,2290,9363,22.74,2,Active
WELL_018,Delta-R-18,Niger Delta Onshore,11/29/2024,2368,9367,22.77,0,Active
WELL_018,Delta-R-18,Niger Delta Offshore,11/30/2024,2365,9424,22.81,0,Active
WELL_018,Delta-R-18,Niger Delta Onshore,12/1/2024,2340,9337,22.84,3,Active
WELL_018,Delta-R-18,Niger Delta Onshore,12/2/2024,2359,9357,22.87,2,Active
WELL_018,Delta-R-18,Niger Delta Onshore,12/3/2024,2326,9436,22.89,1,Active
WELL_018,Delta-R-18,Niger Delta Onshore,12/4/2024,2342,9406,22.91,2,Active
WELL_018,Delta-R-18,Niger Delta Offshore,12/5/2024,2281,9470,22.95,0,Active
WELL_018,Delta-R-18,Niger Delta Offshore,12/6/2024,1490,6436,22.98,6,Maintenance
WELL_018,Delta-R-18,Niger Delta Onshore,12/7/2024,531,1977,23.01,19,Failed
WELL_018,Delta-R-18,Niger Delta Offshore,12/8/2024,2326,9456,23.03,1,Active
WELL_018,Delta-R-18,Niger Delta Offshore,12/9/2024,323,1639,23.06,10,Failed
WELL_018,Delta-R-18,Niger Delta Onshore,12/10/2024,2295,9405,23.09,2,Active
WELL_018,Delta-R-18,Niger Delta Offshore,12/11/2024,471,1421,23.13,16,Failed
WELL_018,Delta-R-18,Niger Delta Onshore,12/12/2024,359,405,23.16,20,Failed
WELL_018,Delta-R-18,Niger Delta Onshore,12/13/2024,1557,6433,23.17,9,Maintenance
WELL_018,Delta-R-18,Niger Delta Onshore,12/14/2024,2322,9389,23.2,1,Active
WELL_018,Delta-R-18,Niger Delta Onshore,12/15/2024,1565,6402,23.25,8,Maintenance
WELL_018,Delta-R-18,Niger Delta Onshore,12/16/2024,1490,6371,23.29,9,Maintenance
WELL_018,Delta-R-18,Niger Delta Onshore,12/17/2024,2290,9417,23.33,1,Active
WELL_018,Delta-R-18,Niger Delta Onshore,12/18/2024,1572,6450,23.35,6,Maintenance
WELL_018,Delta-R-18,Niger Delta Onshore,12/19/2024,2302,9356,23.39,2,Active
WELL_018,Delta-R-18,Niger Delta Offshore,12/20/2024,2297,9426,23.43,1,Active
WELL_018,Delta-R-18,Niger Delta Offshore,12/21/2024,2295,9322,23.47,0,Active
WELL_018,Delta-R-18,Niger Delta Onshore,12/22/2024,2287,9308,23.5,0,Active
WELL_018,Delta-R-18,Niger Delta Onshore,12/23/2024,503,2983,23.53,21,Failed
WELL_018,Delta-R-18,Niger Delta Onshore,12/24/2024,1571,6401,23.55,4,Maintenance
WELL_018,Delta-R-18,Niger Delta Onshore,12/25/2024,1487,6315,23.6,6,Maintenance
WELL_018,Delta-R-18,Niger Delta Onshore,12/26/2024,2345,9295,23.64,0,Active
WELL_018,Delta-R-18,Niger Delta Onshore,12/27/2024,2289,9332,23.67,3,Active
WELL_018,Delta-R-18,Niger Delta Onshore,12/28/2024,2302,9418,23.68,1,Active
WELL_018,Delta-R-18,Niger Delta Offshore,12/29/2024,96,938,23.7,13,Failed
WELL_018,Delta-R-18,Niger Delta Onshore,12/30/2024,2315,9419,23.73,2,Active
WELL_018,Delta-R-18,Niger Delta Onshore,12/31/2024,2257,9283,23.78,1,Active
WELL_018,Delta-R-18,Niger Delta Onshore,1/1/2025,2332,9306,23.79,1,Active
WELL_018,Delta-R-18,Niger Delta Onshore,1/2/2025,1476,6235,23.82,7,Maintenance
WELL_018,Delta-R-18,Niger Delta Onshore,1/3/2025,403,242,23.86,19,Failed
WELL_018,Delta-R-18,Niger Delta Onshore,1/4/2025,2283,9271,23.87,1,Active
WELL_018,Delta-R-18,Niger Delta Onshore,1/5/2025,2263,9285,23.91,3,Active
WELL_018,Delta-R-18,Niger Delta Offshore,1/6/2025,2319,9286,23.94,2,Active
WELL_018,Delta-R-18,Niger Delta Onshore,1/7/2025,2273,9303,23.95,2,Active
WELL_018,Delta-R-18,Niger Delta Onshore,1/8/2025,2285,9419,23.97,1,Active
WELL_018,Delta-R-18,Niger Delta Offshore,1/9/2025,2278,9412,23.98,0,Active
WELL_018,Delta-R-18,Niger Delta Onshore,1/10/2025,2298,9437,24.01,1,Active
WELL_018,Delta-R-18,Niger Delta Offshore,1/11/2025,2243,9284,24.02,2,Active
WELL_018,Delta-R-18,Niger Delta Offshore,1/12/2025,2305,9402,24.04,2,Active
WELL_018,Delta-R-18,Niger Delta Onshore,1/13/2025,2260,9287,24.07,1,Active
WELL_018,Delta-R-18,Niger Delta Offshore,1/14/2025,2273,9401,24.11,3,Active
WELL_018,Delta-R-18,Niger Delta Offshore,1/15/2025,1497,6286,24.15,9,Maintenance
WELL_018,Delta-R-18,Niger Delta Onshore,1/16/2025,2318,9333,24.17,0,Active
WELL_018,Delta-R-18,Niger Delta Onshore,1/17/2025,2294,9328,24.21,0,Active
WELL_018,Delta-R-18,Niger Delta Offshore,1/18/2025,2298,9270,24.23,3,Active
WELL_018,Delta-R-18,Niger Delta Onshore,1/19/2025,2303,9393,24.25,1,Active
WELL_018,Delta-R-18,Niger Delta Onshore,1/20/2025,1468,6293,24.28,5,Maintenance
WELL_018,Delta-R-18,Niger Delta Offshore,1/21/2025,2329,9287,24.3,0,Active
WELL_018,Delta-R-18,Niger Delta Onshore,1/22/2025,505,2816,24.35,17,Failed
WELL_018,Delta-R-18,Niger Delta Offshore,1/23/2025,2249,9252,24.37,0,Active
WELL_018,Delta-R-18,Niger Delta Offshore,1/24/2025,2277,9323,24.41,3,Active
WELL_018,Delta-R-18,Niger Delta Onshore,1/25/2025,2263,9237,24.46,0,Active
WELL_018,Delta-R-18,Niger Delta Offshore,1/26/2025,2322,9233,24.49,0,Active
WELL_018,Delta-R-18,Niger Delta Offshore,1/27/2025,2292,9347,24.51,3,Active
WELL_018,Delta-R-18,Niger Delta Onshore,1/28/2025,2248,9336,24.52,0,Active
WELL_018,Delta-R-18,Niger Delta Offshore,1/29/2025,2266,9291,24.54,0,Active
WELL_018,Delta-R-18,Niger Delta Offshore,1/30/2025,1463,6306,24.57,8,Maintenance
WELL_018,Delta-R-18,Niger Delta Onshore,1/31/2025,2233,9376,24.59,1,Active
WELL_018,Delta-R-18,Niger Delta Onshore,2/1/2025,2286,9395,24.64,2,Active
WELL_018,Delta-R-18,Niger Delta Onshore,2/2/2025,2232,9336,24.69,2,Active
WELL_018,Delta-R-18,Niger Delta Offshore,2/3/2025,1500,6337,24.72,7,Maintenance
WELL_018,Delta-R-18,Niger Delta Onshore,2/4/2025,0,2055,24.75,21,Failed
WELL_018,Delta-R-18,Niger Delta Onshore,2/5/2025,2220,9312,24.79,1,Active
WELL_018,Delta-R-18,Niger Delta Offshore,2/6/2025,2229,9334,24.83,3,Active
WELL_018,Delta-R-18,Niger Delta Onshore,2/7/2025,2279,9202,24.85,3,Active
WELL_018,Delta-R-18,Niger Delta Onshore,2/8/2025,1525,6211,24.87,8,Maintenance
WELL_018,Delta-R-18,Niger Delta Onshore,2/9/2025,2287,9367,24.88,1,Active
WELL_018,Delta-R-18,Niger Delta Onshore,2/10/2025,2276,9209,24.91,1,Active
WELL_018,Delta-R-18,Niger Delta Offshore,2/11/2025,2293,9203,24.92,3,Active
WELL_018,Delta-R-18,Niger Delta Onshore,2/12/2025,2304,9288,24.93,1,Active
WELL_018,Delta-R-18,Niger Delta Onshore,2/13/2025,2294,9348,24.97,1,Active
WELL_018,Delta-R-18,Niger Delta Onshore,2/14/2025,2226,9335,25.01,0,Active
WELL_018,Delta-R-18,Niger Delta Offshore,2/15/2025,2237,9308,25.05,2,Active
WELL_018,Delta-R-18,Niger Delta Onshore,2/16/2025,2302,9214,25.07,3,Active
WELL_018,Delta-R-18,Niger Delta Offshore,2/17/2025,1460,6207,25.12,7,Maintenance
WELL_018,Delta-R-18,Niger Delta Onshore,2/18/2025,619,1735,25.16,16,Failed
WELL_018,Delta-R-18,Niger Delta Offshore,2/19/2025,2305,9326,25.18,3,Active
WELL_018,Delta-R-18,Niger Delta Onshore,2/20/2025,2223,9256,25.23,1,Active
WELL_018,Delta-R-18,Niger Delta Onshore,2/21/2025,2302,9195,25.26,3,Active
WELL_018,Delta-R-18,Niger Delta Onshore,2/22/2025,2207,9351,25.29,2,Active
WELL_018,Delta-R-18,Niger Delta Offshore,2/23/2025,2239,9204,25.31,2,Active
WELL_018,Delta-R-18,Niger Delta Offshore,2/24/2025,2260,9269,25.32,0,Active
WELL_018,Delta-R-18,Niger Delta Onshore,2/25/2025,2301,9331,25.36,0,Active
WELL_018,Delta-R-18,Niger Delta Offshore,2/26/2025,523,2468,25.41,12,Failed
WELL_018,Delta-R-18,Niger Delta Offshore,2/27/2025,615,2570,25.45,18,Failed
WELL_018,Delta-R-18,Niger Delta Offshore,2/28/2025,1446,6257,25.46,9,Maintenance
WELL_018,Delta-R-18,Niger Delta Onshore,3/1/2025,2248,9185,25.5,1,Active
WELL_018,Delta-R-18,Niger Delta Onshore,3/2/2025,2222,9261,25.52,3,Active
WELL_018,Delta-R-18,Niger Delta Offshore,3/3/2025,2276,9216,25.55,3,Active
WELL_018,Delta-R-18,Niger Delta Onshore,3/4/2025,2259,9143,25.58,0,Active
WELL_018,Delta-R-18,Niger Delta Offshore,3/5/2025,1432,6222,25.62,8,Maintenance
WELL_018,Delta-R-18,Niger Delta Onshore,3/6/2025,338,2800,25.65,17,Failed
WELL_018,Delta-R-18,Niger Delta Onshore,3/7/2025,2273,9264,25.69,0,Active
WELL_018,Delta-R-18,Niger Delta Offshore,3/8/2025,2245,9327,25.72,0,Active
WELL_018,Delta-R-18,Niger Delta Onshore,3/9/2025,2206,9256,25.76,0,Active
WELL_018,Delta-R-18,Niger Delta Onshore,3/10/2025,2203,9258,25.8,3,Active
WELL_018,Delta-R-18,Niger Delta Onshore,3/11/2025,2246,9202,25.83,0,Active
WELL_018,Delta-R-18,Niger Delta Onshore,3/12/2025,1416,6212,25.86,7,Maintenance
WELL_018,Delta-R-18,Niger Delta Onshore,3/13/2025,2248,9208,25.91,3,Active
WELL_018,Delta-R-18,Niger Delta Offshore,3/14/2025,2212,9271,25.96,3,Active
WELL_018,Delta-R-18,Niger Delta Onshore,3/15/2025,2221,9254,25.99,0,Active
WELL_018,Delta-R-18,Niger Delta Onshore,3/16/2025,2230,9117,26.01,3,Active
WELL_018,Delta-R-18,Niger Delta Onshore,3/17/2025,2198,9179,26.05,2,Active
WELL_018,Delta-R-18,Niger Delta Onshore,3/18/2025,2243,9229,26.07,2,Active
WELL_018,Delta-R-18,Niger Delta Onshore,3/19/2025,2275,9111,26.09,2,Active
WELL_018,Delta-R-18,Niger Delta Offshore,3/20/2025,761,432,26.13,12,Failed
WELL_018,Delta-R-18,Niger Delta Offshore,3/21/2025,2224,9160,26.14,1,Active
WELL_018,Delta-R-18,Niger Delta Offshore,3/22/2025,2214,9209,26.18,3,Active
WELL_018,Delta-R-18,Niger Delta Offshore,3/23/2025,399,2900,26.23,14,Failed
WELL_018,Delta-R-18,Niger Delta Onshore,3/24/2025,2213,9202,26.27,3,Active
WELL_018,Delta-R-18,Niger Delta Onshore,3/25/2025,1442,6202,26.31,7,Maintenance
WELL_018,Delta-R-18,Niger Delta Onshore,3/26/2025,2276,9197,26.33,3,Active
WELL_018,Delta-R-18,Niger Delta Offshore,3/27/2025,2256,9099,26.35,0,Active
WELL_018,Delta-R-18,Niger Delta Offshore,3/28/2025,2265,9263,26.38,2,Active
WELL_018,Delta-R-18,Niger Delta Offshore,3/29/2025,2254,9154,26.4,1,Active
WELL_018,Delta-R-18,Niger Delta Offshore,3/30/2025,1405,6063,26.43,5,Maintenance
WELL_018,Delta-R-18,Niger Delta Offshore,3/31/2025,19,1844,26.44,12,Failed
WELL_018,Delta-R-18,Niger Delta Offshore,4/1/2025,2261,9206,26.48,0,Active
WELL_018,Delta-R-18,Niger Delta Onshore,4/2/2025,2229,9173,26.53,0,Active
WELL_018,Delta-R-18,Niger Delta Offshore,4/3/2025,2261,9209,26.57,1,Active
WELL_018,Delta-R-18,Niger Delta Offshore,4/4/2025,2233,9221,26.61,3,Active
WELL_018,Delta-R-18,Niger Delta Onshore,4/5/2025,238,2463,26.65,18,Failed
WELL_018,Delta-R-18,Niger Delta Onshore,4/6/2025,2237,9139,26.69,3,Active
WELL_018,Delta-R-18,Niger Delta Offshore,4/7/2025,2244,9135,26.73,3,Active
WELL_018,Delta-R-18,Niger Delta Onshore,4/8/2025,2181,9135,26.77,1,Active
WELL_018,Delta-R-18,Niger Delta Offshore,4/9/2025,2200,9119,26.79,0,Active
WELL_018,Delta-R-18,Niger Delta Offshore,4/10/2025,2266,9188,26.8,2,Active
WELL_018,Delta-R-18,Niger Delta Offshore,4/11/2025,2247,9174,26.83,2,Active
WELL_018,Delta-R-18,Niger Delta Offshore,4/12/2025,2244,9220,26.86,1,Active
WELL_018,Delta-R-18,Niger Delta Offshore,4/13/2025,2204,9191,26.88,0,Active
WELL_018,Delta-R-18,Niger Delta Onshore,4/14/2025,1460,6165,26.91,7,Maintenance
WELL_018,Delta-R-18,Niger Delta Onshore,4/15/2025,2250,9173,26.94,3,Active
WELL_018,Delta-R-18,Niger Delta Offshore,4/16/2025,2229,9137,26.97,3,Active
WELL_018,Delta-R-18,Niger Delta Offshore,4/17/2025,2198,9170,27,1,Active
WELL_018,Delta-R-18,Niger Delta Offshore,4/18/2025,1456,6099,27.01,6,Maintenance
WELL_018,Delta-R-18,Niger Delta Onshore,4/19/2025,2252,9067,27.03,3,Active
WELL_018,Delta-R-18,Niger Delta Offshore,4/20/2025,2181,9240,27.06,3,Active
WELL_018,Delta-R-18,Niger Delta Onshore,4/21/2025,1416,6081,27.08,9,Maintenance
WELL_018,Delta-R-18,Niger Delta Offshore,4/22/2025,2243,9162,27.13,2,Active
WELL_018,Delta-R-18,Niger Delta Onshore,4/23/2025,2229,9057,27.16,1,Active
WELL_018,Delta-R-18,Niger Delta Offshore,4/24/2025,1453,6105,27.2,5,Maintenance
WELL_018,Delta-R-18,Niger Delta Offshore,4/25/2025,2252,9159,27.22,3,Active
WELL_018,Delta-R-18,Niger Delta Offshore,4/26/2025,2196,9082,27.27,0,Active
WELL_018,Delta-R-18,Niger Delta Onshore,4/27/2025,2252,9182,27.28,1,Active
WELL_018,Delta-R-18,Niger Delta Onshore,4/28/2025,2169,9101,27.3,1,Active
WELL_018,Delta-R-18,Niger Delta Offshore,4/29/2025,2201,9145,27.34,0,Active
WELL_018,Delta-R-18,Niger Delta Onshore,4/30/2025,2216,9069,27.37,1,Active
WELL_018,Delta-R-18,Niger Delta Offshore,5/1/2025,2156,9022,27.4,0,Active
WELL_018,Delta-R-18,Niger Delta Offshore,5/2/2025,2201,9147,27.41,3,Active
WELL_018,Delta-R-18,Niger Delta Offshore,5/3/2025,489,2375,27.44,21,Failed
WELL_018,Delta-R-18,Niger Delta Offshore,5/4/2025,2202,9086,27.47,0,Active
WELL_018,Delta-R-18,Niger Delta Offshore,5/5/2025,1403,6106,27.51,4,Maintenance
WELL_018,Delta-R-18,Niger Delta Onshore,5/6/2025,2198,9060,27.55,3,Active
WELL_018,Delta-R-18,Niger Delta Offshore,5/7/2025,2207,9152,27.58,0,Active
WELL_018,Delta-R-18,Niger Delta Onshore,5/8/2025,2189,9203,27.6,3,Active
WELL_018,Delta-R-18,Niger Delta Onshore,5/9/2025,1433,5980,27.62,6,Maintenance
WELL_018,Delta-R-18,Niger Delta Offshore,5/10/2025,2237,9092,27.66,0,Active
WELL_018,Delta-R-18,Niger Delta Offshore,5/11/2025,2193,9012,27.67,3,Active
WELL_018,Delta-R-18,Niger Delta Offshore,5/12/2025,2181,9080,27.69,1,Active
WELL_018,Delta-R-18,Niger Delta Offshore,5/13/2025,2184,9002,27.7,1,Active
WELL_018,Delta-R-18,Niger Delta Onshore,5/14/2025,2160,9091,27.72,0,Active
WELL_019,Delta-S-19,Niger Delta Offshore,1/1/2024,1890,8824,13.03,6,Maintenance
WELL_019,Delta-S-19,Niger Delta Onshore,1/2/2024,2756,12627,13.05,0,Active
WELL_019,Delta-S-19,Niger Delta Onshore,1/3/2024,1867,8873,13.08,9,Maintenance
WELL_019,Delta-S-19,Niger Delta Offshore,1/4/2024,2738,12559,13.11,0,Active
WELL_019,Delta-S-19,Niger Delta Offshore,1/5/2024,2744,12560,13.12,1,Active
WELL_019,Delta-S-19,Niger Delta Onshore,1/6/2024,1938,8792,13.14,4,Maintenance
WELL_019,Delta-S-19,Niger Delta Onshore,1/7/2024,2666,12602,13.18,3,Active
WELL_019,Delta-S-19,Niger Delta Onshore,1/8/2024,2723,12552,13.22,2,Active
WELL_019,Delta-S-19,Niger Delta Offshore,1/9/2024,2698,12686,13.24,2,Active
WELL_019,Delta-S-19,Niger Delta Offshore,1/10/2024,2659,12564,13.28,3,Active
WELL_019,Delta-S-19,Niger Delta Offshore,1/11/2024,2700,12623,13.33,0,Active
WELL_019,Delta-S-19,Niger Delta Offshore,1/12/2024,2737,12595,13.37,3,Active
WELL_019,Delta-S-19,Niger Delta Offshore,1/13/2024,2655,12612,13.38,2,Active
WELL_019,Delta-S-19,Niger Delta Onshore,1/14/2024,2694,12601,13.4,2,Active
WELL_019,Delta-S-19,Niger Delta Offshore,1/15/2024,2734,12680,13.45,1,Active
WELL_019,Delta-S-19,Niger Delta Onshore,1/16/2024,2700,12564,13.47,2,Active
WELL_019,Delta-S-19,Niger Delta Onshore,1/17/2024,2653,12667,13.52,1,Active
WELL_019,Delta-S-19,Niger Delta Onshore,1/18/2024,2660,12554,13.57,2,Active
WELL_019,Delta-S-19,Niger Delta Onshore,1/19/2024,460,969,13.59,13,Failed
WELL_019,Delta-S-19,Niger Delta Offshore,1/20/2024,2683,12647,13.62,0,Active
WELL_019,Delta-S-19,Niger Delta Onshore,1/21/2024,1873,8811,13.65,9,Maintenance
WELL_019,Delta-S-19,Niger Delta Onshore,1/22/2024,1867,8885,13.67,8,Maintenance
WELL_019,Delta-S-19,Niger Delta Offshore,1/23/2024,2649,12643,13.7,3,Active
WELL_019,Delta-S-19,Niger Delta Offshore,1/24/2024,2647,12624,13.72,3,Active
WELL_019,Delta-S-19,Niger Delta Onshore,1/25/2024,2676,12506,13.73,0,Active
WELL_019,Delta-S-19,Niger Delta Onshore,1/26/2024,1920,8882,13.76,4,Maintenance
WELL_019,Delta-S-19,Niger Delta Offshore,1/27/2024,2728,12514,13.79,3,Active
WELL_019,Delta-S-19,Niger Delta Offshore,1/28/2024,383,3553,13.82,20,Failed
WELL_019,Delta-S-19,Niger Delta Onshore,1/29/2024,2719,12606,13.83,2,Active
WELL_019,Delta-S-19,Niger Delta Offshore,1/30/2024,2723,12591,13.84,3,Active
WELL_019,Delta-S-19,Niger Delta Offshore,1/31/2024,2697,12560,13.86,0,Active
WELL_019,Delta-S-19,Niger Delta Offshore,2/1/2024,2697,12596,13.91,1,Active
WELL_019,Delta-S-19,Niger Delta Onshore,2/2/2024,2728,12647,13.93,3,Active
WELL_019,Delta-S-19,Niger Delta Offshore,2/3/2024,637,152,13.95,14,Failed
WELL_019,Delta-S-19,Niger Delta Offshore,2/4/2024,2711,12572,13.97,2,Active
WELL_019,Delta-S-19,Niger Delta Offshore,2/5/2024,2652,12631,14.01,3,Active
WELL_019,Delta-S-19,Niger Delta Onshore,2/6/2024,1899,8861,14.06,8,Maintenance
WELL_019,Delta-S-19,Niger Delta Offshore,2/7/2024,1876,8786,14.11,9,Maintenance
WELL_019,Delta-S-19,Niger Delta Offshore,2/8/2024,2706,12641,14.15,3,Active
WELL_019,Delta-S-19,Niger Delta Offshore,2/9/2024,1894,8830,14.2,7,Maintenance
WELL_019,Delta-S-19,Niger Delta Offshore,2/10/2024,2718,12637,14.25,2,Active
WELL_019,Delta-S-19,Niger Delta Offshore,2/11/2024,2716,12619,14.26,2,Active
WELL_019,Delta-S-19,Niger Delta Onshore,2/12/2024,1904,8754,14.3,7,Maintenance
WELL_019,Delta-S-19,Niger Delta Onshore,2/13/2024,1891,8793,14.32,5,Maintenance
WELL_019,Delta-S-19,Niger Delta Offshore,2/14/2024,2628,12599,14.33,0,Active
WELL_019,Delta-S-19,Niger Delta Offshore,2/15/2024,2724,12642,14.37,3,Active
WELL_019,Delta-S-19,Niger Delta Offshore,2/16/2024,1904,8668,14.39,7,Maintenance
WELL_019,Delta-S-19,Niger Delta Onshore,2/17/2024,1905,8770,14.43,9,Maintenance
WELL_019,Delta-S-19,Niger Delta Offshore,2/18/2024,2638,12625,14.47,0,Active
WELL_019,Delta-S-19,Niger Delta Offshore,2/19/2024,2629,12479,14.49,0,Active
WELL_019,Delta-S-19,Niger Delta Onshore,2/20/2024,2622,12535,14.52,0,Active
WELL_019,Delta-S-19,Niger Delta Onshore,2/21/2024,2672,12444,14.53,1,Active
WELL_019,Delta-S-19,Niger Delta Offshore,2/22/2024,1837,8762,14.56,4,Maintenance
WELL_019,Delta-S-19,Niger Delta Offshore,2/23/2024,2621,12500,14.58,0,Active
WELL_019,Delta-S-19,Niger Delta Offshore,2/24/2024,2631,12525,14.62,2,Active
WELL_019,Delta-S-19,Niger Delta Onshore,2/25/2024,2649,12604,14.63,0,Active
WELL_019,Delta-S-19,Niger Delta Onshore,2/26/2024,2678,12517,14.65,1,Active
WELL_019,Delta-S-19,Niger Delta Offshore,2/27/2024,2654,12628,14.69,3,Active
WELL_019,Delta-S-19,Niger Delta Onshore,2/28/2024,2666,12437,14.71,0,Active
WELL_019,Delta-S-19,Niger Delta Offshore,2/29/2024,1844,8734,14.76,7,Maintenance
WELL_019,Delta-S-19,Niger Delta Onshore,3/1/2024,2653,12595,14.79,2,Active
WELL_019,Delta-S-19,Niger Delta Offshore,3/2/2024,2661,12615,14.81,0,Active
WELL_019,Delta-S-19,Niger Delta Onshore,3/3/2024,215,1066,14.86,19,Failed
WELL_019,Delta-S-19,Niger Delta Offshore,3/4/2024,2620,12523,14.89,1,Active
WELL_019,Delta-S-19,Niger Delta Offshore,3/5/2024,2702,12491,14.91,2,Active
WELL_019,Delta-S-19,Niger Delta Onshore,3/6/2024,445,211,14.94,15,Failed
WELL_019,Delta-S-19,Niger Delta Onshore,3/7/2024,2661,12417,14.97,0,Active
WELL_019,Delta-S-19,Niger Delta Onshore,3/8/2024,2686,12477,14.99,1,Active
WELL_019,Delta-S-19,Niger Delta Onshore,3/9/2024,2655,12580,15.01,0,Active
WELL_019,Delta-S-19,Niger Delta Offshore,3/10/2024,2643,12433,15.06,1,Active
WELL_019,Delta-S-19,Niger Delta Onshore,3/11/2024,2698,12469,15.1,2,Active
WELL_019,Delta-S-19,Niger Delta Offshore,3/12/2024,2608,12431,15.15,2,Active
WELL_019,Delta-S-19,Niger Delta Offshore,3/13/2024,2682,12521,15.17,2,Active
WELL_019,Delta-S-19,Niger Delta Onshore,3/14/2024,2670,12399,15.2,2,Active
WELL_019,Delta-S-19,Niger Delta Onshore,3/15/2024,2630,12414,15.23,3,Active
WELL_019,Delta-S-19,Niger Delta Offshore,3/16/2024,2607,12538,15.26,2,Active
WELL_019,Delta-S-19,Niger Delta Offshore,3/17/2024,2621,12443,15.28,2,Active
WELL_019,Delta-S-19,Niger Delta Offshore,3/18/2024,2638,12560,15.32,2,Active
WELL_019,Delta-S-19,Niger Delta Offshore,3/19/2024,2605,12439,15.36,3,Active
WELL_019,Delta-S-19,Niger Delta Onshore,3/20/2024,2673,12554,15.4,2,Active
WELL_019,Delta-S-19,Niger Delta Offshore,3/21/2024,2674,12554,15.45,3,Active
WELL_019,Delta-S-19,Niger Delta Onshore,3/22/2024,2625,12420,15.5,3,Active
WELL_019,Delta-S-19,Niger Delta Offshore,3/23/2024,2682,12544,15.52,3,Active
WELL_019,Delta-S-19,Niger Delta Onshore,3/24/2024,2640,12453,15.54,0,Active
WELL_019,Delta-S-19,Niger Delta Onshore,3/25/2024,2652,12409,15.57,3,Active
WELL_019,Delta-S-19,Niger Delta Offshore,3/26/2024,2642,12491,15.59,0,Active
WELL_019,Delta-S-19,Niger Delta Onshore,3/27/2024,2633,12439,15.62,1,Active
WELL_019,Delta-S-19,Niger Delta Onshore,3/28/2024,2682,12470,15.63,1,Active
WELL_019,Delta-S-19,Niger Delta Onshore,3/29/2024,1778,8581,15.68,7,Maintenance
WELL_019,Delta-S-19,Niger Delta Onshore,3/30/2024,2614,12401,15.73,3,Active
WELL_019,Delta-S-19,Niger Delta Offshore,3/31/2024,2658,12389,15.77,0,Active
WELL_019,Delta-S-19,Niger Delta Onshore,4/1/2024,2590,12448,15.78,2,Active
WELL_019,Delta-S-19,Niger Delta Offshore,4/2/2024,2659,12440,15.81,3,Active
WELL_019,Delta-S-19,Niger Delta Onshore,4/3/2024,2675,12479,15.84,0,Active
WELL_019,Delta-S-19,Niger Delta Onshore,4/4/2024,2674,12493,15.89,1,Active
WELL_019,Delta-S-19,Niger Delta Offshore,4/5/2024,2644,12423,15.92,1,Active
WELL_019,Delta-S-19,Niger Delta Onshore,4/6/2024,2674,12540,15.97,1,Active
WELL_019,Delta-S-19,Niger Delta Onshore,4/7/2024,2661,12463,15.98,1,Active
WELL_019,Delta-S-19,Niger Delta Onshore,4/8/2024,2592,12383,16.01,2,Active
WELL_019,Delta-S-19,Niger Delta Offshore,4/9/2024,2590,12503,16.03,3,Active
WELL_019,Delta-S-19,Niger Delta Offshore,4/10/2024,2648,12388,16.05,0,Active
WELL_019,Delta-S-19,Niger Delta Onshore,4/11/2024,2637,12399,16.08,2,Active
WELL_019,Delta-S-19,Niger Delta Onshore,4/12/2024,1771,8725,16.13,6,Maintenance
WELL_019,Delta-S-19,Niger Delta Onshore,4/13/2024,2601,12524,16.17,1,Active
WELL_019,Delta-S-19,Niger Delta Offshore,4/14/2024,2623,12476,16.19,1,Active
WELL_019,Delta-S-19,Niger Delta Offshore,4/15/2024,596,2709,16.23,20,Failed
WELL_019,Delta-S-19,Niger Delta Offshore,4/16/2024,2621,12336,16.27,0,Active
WELL_019,Delta-S-19,Niger Delta Onshore,4/17/2024,2598,12490,16.29,1,Active
WELL_019,Delta-S-19,Niger Delta Onshore,4/18/2024,2655,12448,16.31,0,Active
WELL_019,Delta-S-19,Niger Delta Offshore,4/19/2024,2589,12509,16.34,1,Active
WELL_019,Delta-S-19,Niger Delta Offshore,4/20/2024,519,1410,16.38,16,Failed
WELL_019,Delta-S-19,Niger Delta Offshore,4/21/2024,2602,12337,16.42,2,Active
WELL_019,Delta-S-19,Niger Delta Onshore,4/22/2024,1785,8696,16.44,6,Maintenance
WELL_019,Delta-S-19,Niger Delta Onshore,4/23/2024,2579,12336,16.46,1,Active
WELL_019,Delta-S-19,Niger Delta Offshore,4/24/2024,2604,12356,16.48,1,Active
WELL_019,Delta-S-19,Niger Delta Onshore,4/25/2024,2625,12398,16.52,2,Active
WELL_019,Delta-S-19,Niger Delta Onshore,4/26/2024,2593,12438,16.53,0,Active
WELL_019,Delta-S-19,Niger Delta Onshore,4/27/2024,2590,12428,16.54,0,Active
WELL_019,Delta-S-19,Niger Delta Offshore,4/28/2024,206,2822,16.58,15,Failed
WELL_019,Delta-S-19,Niger Delta Offshore,4/29/2024,2663,12400,16.61,3,Active
WELL_019,Delta-S-19,Niger Delta Onshore,4/30/2024,75,515,16.64,19,Failed
WELL_019,Delta-S-19,Niger Delta Offshore,5/1/2024,1758,8703,16.67,6,Maintenance
WELL_019,Delta-S-19,Niger Delta Offshore,5/2/2024,2599,12431,16.7,1,Active
WELL_019,Delta-S-19,Niger Delta Offshore,5/3/2024,2563,12430,16.73,1,Active
WELL_019,Delta-S-19,Niger Delta Onshore,5/4/2024,2606,12408,16.77,1,Active
WELL_019,Delta-S-19,Niger Delta Offshore,5/5/2024,1835,8594,16.79,6,Maintenance
WELL_019,Delta-S-19,Niger Delta Offshore,5/6/2024,2614,12357,16.81,2,Active
WELL_019,Delta-S-19,Niger Delta Onshore,5/7/2024,2593,12366,16.85,1,Active
WELL_019,Delta-S-19,Niger Delta Onshore,5/8/2024,2641,12381,16.86,3,Active
WELL_019,Delta-S-19,Niger Delta Onshore,5/9/2024,2560,12326,16.88,0,Active
WELL_019,Delta-S-19,Niger Delta Onshore,5/10/2024,2608,12399,16.9,3,Active
WELL_019,Delta-S-19,Niger Delta Onshore,5/11/2024,2601,12458,16.92,0,Active
WELL_019,Delta-S-19,Niger Delta Offshore,5/12/2024,2571,12291,16.94,1,Active
WELL_019,Delta-S-19,Niger Delta Offshore,5/13/2024,2608,12459,16.97,0,Active
WELL_019,Delta-S-19,Niger Delta Offshore,5/14/2024,2653,12392,16.99,3,Active
WELL_019,Delta-S-19,Niger Delta Offshore,5/15/2024,2564,12405,17.03,3,Active
WELL_019,Delta-S-19,Niger Delta Onshore,5/16/2024,2640,12342,17.05,1,Active
WELL_019,Delta-S-19,Niger Delta Onshore,5/17/2024,1777,8491,17.09,7,Maintenance
WELL_019,Delta-S-19,Niger Delta Onshore,5/18/2024,718,2699,17.14,23,Failed
WELL_019,Delta-S-19,Niger Delta Offshore,5/19/2024,2567,12301,17.16,1,Active
WELL_019,Delta-S-19,Niger Delta Onshore,5/20/2024,2623,12302,17.2,3,Active
WELL_019,Delta-S-19,Niger Delta Offshore,5/21/2024,2572,12440,17.23,0,Active
WELL_019,Delta-S-19,Niger Delta Onshore,5/22/2024,2615,12386,17.26,0,Active
WELL_019,Delta-S-19,Niger Delta Offshore,5/23/2024,1761,8640,17.27,5,Maintenance
WELL_019,Delta-S-19,Niger Delta Offshore,5/24/2024,1777,8563,17.3,4,Maintenance
WELL_019,Delta-S-19,Niger Delta Offshore,5/25/2024,291,3283,17.33,14,Failed
WELL_019,Delta-S-19,Niger Delta Onshore,5/26/2024,245,574,17.36,14,Failed
WELL_019,Delta-S-19,Niger Delta Offshore,5/27/2024,228,1532,17.38,10,Failed
WELL_019,Delta-S-19,Niger Delta Offshore,5/28/2024,242,1168,17.43,11,Failed
WELL_019,Delta-S-19,Niger Delta Onshore,5/29/2024,2618,12414,17.44,3,Active
WELL_019,Delta-S-19,Niger Delta Offshore,5/30/2024,2562,12409,17.49,2,Active
WELL_019,Delta-S-19,Niger Delta Onshore,5/31/2024,2636,12343,17.53,2,Active
WELL_019,Delta-S-19,Niger Delta Offshore,6/1/2024,2578,12431,17.55,1,Active
WELL_019,Delta-S-19,Niger Delta Offshore,6/2/2024,2631,12367,17.56,2,Active
WELL_019,Delta-S-19,Niger Delta Offshore,6/3/2024,2585,12302,17.57,2,Active
WELL_019,Delta-S-19,Niger Delta Onshore,6/4/2024,2593,12386,17.6,2,Active
WELL_019,Delta-S-19,Niger Delta Onshore,6/5/2024,2552,12400,17.62,2,Active
WELL_019,Delta-S-19,Niger Delta Onshore,6/6/2024,1776,8522,17.64,9,Maintenance
WELL_019,Delta-S-19,Niger Delta Onshore,6/7/2024,2564,12323,17.66,0,Active
WELL_019,Delta-S-19,Niger Delta Offshore,6/8/2024,696,1480,17.68,12,Failed
WELL_019,Delta-S-19,Niger Delta Onshore,6/9/2024,2607,12230,17.72,1,Active
WELL_019,Delta-S-19,Niger Delta Offshore,6/10/2024,2572,12246,17.76,1,Active
WELL_019,Delta-S-19,Niger Delta Onshore,6/11/2024,2610,12356,17.79,3,Active
WELL_019,Delta-S-19,Niger Delta Offshore,6/12/2024,773,174,17.83,20,Failed
WELL_019,Delta-S-19,Niger Delta Offshore,6/13/2024,2583,12252,17.85,3,Active
WELL_019,Delta-S-19,Niger Delta Onshore,6/14/2024,783,1209,17.88,10,Failed
WELL_019,Delta-S-19,Niger Delta Offshore,6/15/2024,1812,8423,17.9,6,Maintenance
WELL_019,Delta-S-19,Niger Delta Offshore,6/16/2024,663,2103,17.93,10,Failed
WELL_019,Delta-S-19,Niger Delta Offshore,6/17/2024,2542,12334,17.96,2,Active
WELL_019,Delta-S-19,Niger Delta Onshore,6/18/2024,1791,8433,17.98,6,Maintenance
WELL_019,Delta-S-19,Niger Delta Onshore,6/19/2024,1717,8491,18.02,8,Maintenance
WELL_019,Delta-S-19,Niger Delta Offshore,6/20/2024,1733,8567,18.06,7,Maintenance
WELL_019,Delta-S-19,Niger Delta Onshore,6/21/2024,1766,8508,18.11,4,Maintenance
WELL_019,Delta-S-19,Niger Delta Offshore,6/22/2024,2539,12333,18.13,2,Active
WELL_019,Delta-S-19,Niger Delta Onshore,6/23/2024,2578,12297,18.16,1,Active
WELL_019,Delta-S-19,Niger Delta Onshore,6/24/2024,2526,12314,18.17,0,Active
WELL_019,Delta-S-19,Niger Delta Offshore,6/25/2024,1727,8419,18.21,4,Maintenance
WELL_019,Delta-S-19,Niger Delta Offshore,6/26/2024,2549,12248,18.25,1,Active
WELL_019,Delta-S-19,Niger Delta Onshore,6/27/2024,2523,12277,18.28,0,Active
WELL_019,Delta-S-19,Niger Delta Onshore,6/28/2024,2564,12284,18.3,0,Active
WELL_019,Delta-S-19,Niger Delta Offshore,6/29/2024,2591,12344,18.31,3,Active
WELL_019,Delta-S-19,Niger Delta Offshore,6/30/2024,2614,12329,18.34,3,Active
WELL_019,Delta-S-19,Niger Delta Onshore,7/1/2024,2548,12201,18.36,3,Active
WELL_019,Delta-S-19,Niger Delta Offshore,7/2/2024,2557,12246,18.41,0,Active
WELL_019,Delta-S-19,Niger Delta Onshore,7/3/2024,1741,8582,18.42,7,Maintenance
WELL_019,Delta-S-19,Niger Delta Offshore,7/4/2024,2560,12257,18.47,1,Active
WELL_019,Delta-S-19,Niger Delta Onshore,7/5/2024,2612,12245,18.5,3,Active
WELL_019,Delta-S-19,Niger Delta Onshore,7/6/2024,2562,12172,18.54,0,Active
WELL_019,Delta-S-19,Niger Delta Onshore,7/7/2024,2524,12271,18.57,0,Active
WELL_019,Delta-S-19,Niger Delta Offshore,7/8/2024,2518,12190,18.61,1,Active
WELL_019,Delta-S-19,Niger Delta Onshore,7/9/2024,169,1254,18.63,14,Failed
WELL_019,Delta-S-19,Niger Delta Offshore,7/10/2024,2538,12353,18.66,3,Active
WELL_019,Delta-S-19,Niger Delta Offshore,7/11/2024,2606,12212,18.7,1,Active
WELL_019,Delta-S-19,Niger Delta Onshore,7/12/2024,1772,8420,18.71,9,Maintenance
WELL_019,Delta-S-19,Niger Delta Offshore,7/13/2024,2545,12194,18.76,3,Active
WELL_019,Delta-S-19,Niger Delta Offshore,7/14/2024,1737,8473,18.8,5,Maintenance
WELL_019,Delta-S-19,Niger Delta Offshore,7/15/2024,2559,12336,18.84,2,Active
WELL_019,Delta-S-19,Niger Delta Offshore,7/16/2024,2556,12232,18.88,2,Active
WELL_019,Delta-S-19,Niger Delta Onshore,7/17/2024,2581,12345,18.9,3,Active
WELL_019,Delta-S-19,Niger Delta Onshore,7/18/2024,2559,12268,18.93,0,Active
WELL_019,Delta-S-19,Niger Delta Offshore,7/19/2024,1753,8523,18.96,5,Maintenance
WELL_019,Delta-S-19,Niger Delta Onshore,7/20/2024,2522,12330,18.99,2,Active
WELL_019,Delta-S-19,Niger Delta Onshore,7/21/2024,2521,12221,19.01,2,Active
WELL_019,Delta-S-19,Niger Delta Offshore,7/22/2024,1707,8373,19.05,6,Maintenance
WELL_019,Delta-S-19,Niger Delta Onshore,7/23/2024,2581,12283,19.08,3,Active
WELL_019,Delta-S-19,Niger Delta Onshore,7/24/2024,2540,12153,19.12,0,Active
WELL_019,Delta-S-19,Niger Delta Offshore,7/25/2024,2510,12196,19.17,2,Active
WELL_019,Delta-S-19,Niger Delta Onshore,7/26/2024,2520,12203,19.2,2,Active
WELL_019,Delta-S-19,Niger Delta Offshore,7/27/2024,576,868,19.23,11,Failed
WELL_019,Delta-S-19,Niger Delta Onshore,7/28/2024,2531,12188,19.26,2,Active
WELL_019,Delta-S-19,Niger Delta Onshore,7/29/2024,2589,12198,19.29,3,Active
WELL_019,Delta-S-19,Niger Delta Offshore,7/30/2024,2546,12300,19.33,0,Active
WELL_019,Delta-S-19,Niger Delta Onshore,7/31/2024,2497,12188,19.36,3,Active
WELL_019,Delta-S-19,Niger Delta Offshore,8/1/2024,2547,12227,19.38,2,Active
WELL_019,Delta-S-19,Niger Delta Onshore,8/2/2024,2553,12294,19.42,1,Active
WELL_019,Delta-S-19,Niger Delta Offshore,8/3/2024,2588,12174,19.44,0,Active
WELL_019,Delta-S-19,Niger Delta Onshore,8/4/2024,2559,12311,19.49,2,Active
WELL_019,Delta-S-19,Niger Delta Onshore,8/5/2024,2577,12228,19.52,3,Active
WELL_019,Delta-S-19,Niger Delta Onshore,8/6/2024,2570,12307,19.57,0,Active
WELL_019,Delta-S-19,Niger Delta Onshore,8/7/2024,2584,12305,19.61,1,Active
WELL_019,Delta-S-19,Niger Delta Offshore,8/8/2024,1684,8492,19.66,7,Maintenance
WELL_019,Delta-S-19,Niger Delta Offshore,8/9/2024,2490,12157,19.69,0,Active
WELL_019,Delta-S-19,Niger Delta Offshore,8/10/2024,2512,12153,19.72,1,Active
WELL_019,Delta-S-19,Niger Delta Offshore,8/11/2024,2568,12203,19.74,3,Active
WELL_019,Delta-S-19,Niger Delta Offshore,8/12/2024,2567,12122,19.78,2,Active
WELL_019,Delta-S-19,Niger Delta Offshore,8/13/2024,1740,8327,19.81,4,Maintenance
WELL_019,Delta-S-19,Niger Delta Onshore,8/14/2024,2499,12270,19.83,3,Active
WELL_019,Delta-S-19,Niger Delta Offshore,8/15/2024,2488,12253,19.87,1,Active
WELL_019,Delta-S-19,Niger Delta Onshore,8/16/2024,2487,12123,19.89,3,Active
WELL_019,Delta-S-19,Niger Delta Offshore,8/17/2024,1716,8437,19.9,8,Maintenance
WELL_019,Delta-S-19,Niger Delta Offshore,8/18/2024,2524,12193,19.93,2,Active
WELL_019,Delta-S-19,Niger Delta Offshore,8/19/2024,2562,12188,19.95,0,Active
WELL_019,Delta-S-19,Niger Delta Onshore,8/20/2024,2569,12234,19.99,3,Active
WELL_019,Delta-S-19,Niger Delta Onshore,8/21/2024,1670,8325,20.01,8,Maintenance
WELL_019,Delta-S-19,Niger Delta Offshore,8/22/2024,522,1854,20.06,11,Failed
WELL_019,Delta-S-19,Niger Delta Offshore,8/23/2024,1752,8440,20.08,4,Maintenance
WELL_019,Delta-S-19,Niger Delta Onshore,8/24/2024,1672,8473,20.1,6,Maintenance
WELL_019,Delta-S-19,Niger Delta Onshore,8/25/2024,1740,8321,20.13,4,Maintenance
WELL_019,Delta-S-19,Niger Delta Onshore,8/26/2024,2557,12219,20.14,3,Active
WELL_019,Delta-S-19,Niger Delta Onshore,8/27/2024,2559,12148,20.17,3,Active
WELL_019,Delta-S-19,Niger Delta Offshore,8/28/2024,2555,12136,20.19,2,Active
WELL_019,Delta-S-19,Niger Delta Offshore,8/29/2024,506,1349,20.23,15,Failed
WELL_019,Delta-S-19,Niger Delta Onshore,8/30/2024,786,3043,20.28,18,Failed
WELL_019,Delta-S-19,Niger Delta Offshore,8/31/2024,1737,8390,20.32,9,Maintenance
WELL_019,Delta-S-19,Niger Delta Onshore,9/1/2024,2507,12191,20.36,0,Active
WELL_019,Delta-S-19,Niger Delta Onshore,9/2/2024,2507,12191,20.38,3,Active
WELL_019,Delta-S-19,Niger Delta Offshore,9/3/2024,2562,12154,20.43,1,Active
WELL_019,Delta-S-19,Niger Delta Onshore,9/4/2024,678,1184,20.46,19,Failed
WELL_019,Delta-S-19,Niger Delta Offshore,9/5/2024,2546,12183,20.5,3,Active
WELL_019,Delta-S-19,Niger Delta Onshore,9/6/2024,2516,12131,20.52,0,Active
WELL_019,Delta-S-19,Niger Delta Offshore,9/7/2024,2531,12206,20.55,1,Active
WELL_019,Delta-S-19,Niger Delta Offshore,9/8/2024,2471,12092,20.58,0,Active
WELL_019,Delta-S-19,Niger Delta Offshore,9/9/2024,2538,12213,20.63,2,Active
WELL_019,Delta-S-19,Niger Delta Offshore,9/10/2024,2512,12195,20.65,0,Active
WELL_019,Delta-S-19,Niger Delta Onshore,9/11/2024,1664,8254,20.66,5,Maintenance
WELL_019,Delta-S-19,Niger Delta Onshore,9/12/2024,2528,12076,20.7,1,Active
WELL_019,Delta-S-19,Niger Delta Onshore,9/13/2024,2507,12172,20.72,2,Active
WELL_019,Delta-S-19,Niger Delta Offshore,9/14/2024,1688,8384,20.76,9,Maintenance
WELL_019,Delta-S-19,Niger Delta Onshore,9/15/2024,2501,12101,20.77,1,Active
WELL_019,Delta-S-19,Niger Delta Onshore,9/16/2024,2490,12029,20.79,1,Active
WELL_019,Delta-S-19,Niger Delta Offshore,9/17/2024,2525,12166,20.81,3,Active
WELL_019,Delta-S-19,Niger Delta Offshore,9/18/2024,2499,12049,20.86,2,Active
WELL_019,Delta-S-19,Niger Delta Offshore,9/19/2024,2470,12154,20.88,3,Active
WELL_019,Delta-S-19,Niger Delta Offshore,9/20/2024,2514,12082,20.92,2,Active
WELL_019,Delta-S-19,Niger Delta Offshore,9/21/2024,2458,12017,20.97,2,Active
WELL_019,Delta-S-19,Niger Delta Onshore,9/22/2024,2542,12198,21.01,2,Active
WELL_019,Delta-S-19,Niger Delta Onshore,9/23/2024,2547,12192,21.04,2,Active
WELL_019,Delta-S-19,Niger Delta Onshore,9/24/2024,2464,12058,21.07,1,Active
WELL_019,Delta-S-19,Niger Delta Onshore,9/25/2024,60,266,21.11,22,Failed
WELL_019,Delta-S-19,Niger Delta Offshore,9/26/2024,2530,12074,21.14,1,Active
WELL_019,Delta-S-19,Niger Delta Onshore,9/27/2024,2512,12183,21.18,2,Active
WELL_019,Delta-S-19,Niger Delta Offshore,9/28/2024,2514,12159,21.2,1,Active
WELL_019,Delta-S-19,Niger Delta Offshore,9/29/2024,2535,12147,21.25,3,Active
WELL_019,Delta-S-19,Niger Delta Offshore,9/30/2024,2507,12090,21.26,3,Active
WELL_019,Delta-S-19,Niger Delta Onshore,10/1/2024,1663,8282,21.31,9,Maintenance
WELL_019,Delta-S-19,Niger Delta Onshore,10/2/2024,327,1025,21.33,23,Failed
WELL_019,Delta-S-19,Niger Delta Onshore,10/3/2024,2497,12191,21.38,0,Active
WELL_019,Delta-S-19,Niger Delta Offshore,10/4/2024,2488,12163,21.39,2,Active
WELL_019,Delta-S-19,Niger Delta Onshore,10/5/2024,2493,12125,21.41,2,Active
WELL_019,Delta-S-19,Niger Delta Offshore,10/6/2024,1693,8329,21.43,5,Maintenance
WELL_019,Delta-S-19,Niger Delta Onshore,10/7/2024,2453,12149,21.48,1,Active
WELL_019,Delta-S-19,Niger Delta Onshore,10/8/2024,2448,12091,21.49,0,Active
WELL_019,Delta-S-19,Niger Delta Offshore,10/9/2024,2507,12027,21.5,2,Active
WELL_019,Delta-S-19,Niger Delta Offshore,10/10/2024,2520,12007,21.53,1,Active
WELL_019,Delta-S-19,Niger Delta Offshore,10/11/2024,2525,12114,21.55,1,Active
WELL_019,Delta-S-19,Niger Delta Offshore,10/12/2024,2497,12009,21.56,0,Active
WELL_019,Delta-S-19,Niger Delta Onshore,10/13/2024,2512,12083,21.59,3,Active
WELL_019,Delta-S-19,Niger Delta Onshore,10/14/2024,2495,12151,21.63,3,Active
WELL_019,Delta-S-19,Niger Delta Onshore,10/15/2024,2448,12009,21.65,2,Active
WELL_019,Delta-S-19,Niger Delta Offshore,10/16/2024,2465,11987,21.67,3,Active
WELL_019,Delta-S-19,Niger Delta Offshore,10/17/2024,2473,12125,21.71,2,Active
WELL_019,Delta-S-19,Niger Delta Offshore,10/18/2024,2482,12147,21.74,0,Active
WELL_019,Delta-S-19,Niger Delta Offshore,10/19/2024,2448,12110,21.76,2,Active
WELL_019,Delta-S-19,Niger Delta Onshore,10/20/2024,2479,12017,21.79,1,Active
WELL_019,Delta-S-19,Niger Delta Offshore,10/21/2024,2431,12000,21.82,3,Active
WELL_019,Delta-S-19,Niger Delta Onshore,10/22/2024,416,3044,21.87,19,Failed
WELL_019,Delta-S-19,Niger Delta Offshore,10/23/2024,2475,11975,21.91,2,Active
WELL_019,Delta-S-19,Niger Delta Offshore,10/24/2024,378,1734,21.96,19,Failed
WELL_019,Delta-S-19,Niger Delta Onshore,10/25/2024,2518,11992,21.98,0,Active
WELL_019,Delta-S-19,Niger Delta Onshore,10/26/2024,2446,11963,22,0,Active
WELL_019,Delta-S-19,Niger Delta Onshore,10/27/2024,2477,11988,22.02,2,Active
WELL_019,Delta-S-19,Niger Delta Offshore,10/28/2024,2445,12108,22.04,1,Active
WELL_019,Delta-S-19,Niger Delta Offshore,10/29/2024,1646,8225,22.08,9,Maintenance
WELL_019,Delta-S-19,Niger Delta Onshore,10/30/2024,2500,12055,22.11,0,Active
WELL_019,Delta-S-19,Niger Delta Onshore,10/31/2024,2424,12091,22.16,2,Active
WELL_019,Delta-S-19,Niger Delta Offshore,11/1/2024,2491,12024,22.2,3,Active
WELL_019,Delta-S-19,Niger Delta Onshore,11/2/2024,2472,12111,22.25,1,Active
WELL_019,Delta-S-19,Niger Delta Offshore,11/3/2024,2448,11985,22.26,1,Active
WELL_019,Delta-S-19,Niger Delta Onshore,11/4/2024,2492,12082,22.28,0,Active
WELL_019,Delta-S-19,Niger Delta Offshore,11/5/2024,2454,11931,22.3,1,Active
WELL_019,Delta-S-19,Niger Delta Onshore,11/6/2024,2475,12014,22.32,0,Active
WELL_019,Delta-S-19,Niger Delta Onshore,11/7/2024,1634,8280,22.33,5,Maintenance
WELL_019,Delta-S-19,Niger Delta Onshore,11/8/2024,1630,8195,22.35,9,Maintenance
WELL_019,Delta-S-19,Niger Delta Onshore,11/9/2024,2420,12082,22.39,2,Active
WELL_019,Delta-S-19,Niger Delta Offshore,11/10/2024,2417,12088,22.43,0,Active
WELL_019,Delta-S-19,Niger Delta Onshore,11/11/2024,2490,12079,22.47,1,Active
WELL_019,Delta-S-19,Niger Delta Offshore,11/12/2024,2466,12059,22.51,2,Active
WELL_019,Delta-S-19,Niger Delta Onshore,11/13/2024,2432,12035,22.52,2,Active
WELL_019,Delta-S-19,Niger Delta Onshore,11/14/2024,2421,12060,22.54,1,Active
WELL_019,Delta-S-19,Niger Delta Onshore,11/15/2024,2459,11944,22.55,0,Active
WELL_019,Delta-S-19,Niger Delta Onshore,11/16/2024,2457,12015,22.56,2,Active
WELL_019,Delta-S-19,Niger Delta Offshore,11/17/2024,622,1922,22.61,21,Failed
WELL_019,Delta-S-19,Niger Delta Onshore,11/18/2024,775,2802,22.64,21,Failed
WELL_019,Delta-S-19,Niger Delta Onshore,11/19/2024,1617,8183,22.68,8,Maintenance
WELL_019,Delta-S-19,Niger Delta Offshore,11/20/2024,2499,12052,22.7,2,Active
WELL_019,Delta-S-19,Niger Delta Offshore,11/21/2024,2407,11959,22.73,0,Active
WELL_019,Delta-S-19,Niger Delta Onshore,11/22/2024,2472,11947,22.76,0,Active
WELL_019,Delta-S-19,Niger Delta Offshore,11/23/2024,2400,12059,22.77,2,Active
WELL_019,Delta-S-19,Niger Delta Offshore,11/24/2024,2412,11905,22.8,1,Active
WELL_019,Delta-S-19,Niger Delta Offshore,11/25/2024,2448,11984,22.85,2,Active
WELL_019,Delta-S-19,Niger Delta Onshore,11/26/2024,757,3105,22.87,23,Failed
WELL_019,Delta-S-19,Niger Delta Offshore,11/27/2024,2454,11900,22.91,3,Active
WELL_019,Delta-S-19,Niger Delta Offshore,11/28/2024,2465,11908,22.93,1,Active
WELL_019,Delta-S-19,Niger Delta Offshore,11/29/2024,2483,11965,22.96,0,Active
WELL_019,Delta-S-19,Niger Delta Offshore,11/30/2024,1618,8141,23,6,Maintenance
WELL_019,Delta-S-19,Niger Delta Onshore,12/1/2024,2467,11935,23.01,1,Active
WELL_019,Delta-S-19,Niger Delta Onshore,12/2/2024,2419,12013,23.03,3,Active
WELL_019,Delta-S-19,Niger Delta Offshore,12/3/2024,2438,12064,23.07,3,Active
WELL_019,Delta-S-19,Niger Delta Offshore,12/4/2024,2445,11975,23.1,2,Active
WELL_019,Delta-S-19,Niger Delta Onshore,12/5/2024,1657,8103,23.13,7,Maintenance
WELL_019,Delta-S-19,Niger Delta Onshore,12/6/2024,2447,11981,23.15,2,Active
WELL_019,Delta-S-19,Niger Delta Onshore,12/7/2024,1634,8239,23.17,8,Maintenance
WELL_019,Delta-S-19,Niger Delta Onshore,12/8/2024,2455,11915,23.19,3,Active
WELL_019,Delta-S-19,Niger Delta Onshore,12/9/2024,1672,8208,23.23,6,Maintenance
WELL_019,Delta-S-19,Niger Delta Onshore,12/10/2024,684,605,23.26,19,Failed
WELL_019,Delta-S-19,Niger Delta Offshore,12/11/2024,2428,11873,23.29,1,Active
WELL_019,Delta-S-19,Niger Delta Offshore,12/12/2024,2431,11993,23.33,0,Active
WELL_019,Delta-S-19,Niger Delta Onshore,12/13/2024,327,407,23.37,20,Failed
WELL_019,Delta-S-19,Niger Delta Onshore,12/14/2024,1607,8168,23.4,5,Maintenance
WELL_019,Delta-S-19,Niger Delta Offshore,12/15/2024,2472,11927,23.43,0,Active
WELL_019,Delta-S-19,Niger Delta Offshore,12/16/2024,2447,11956,23.45,2,Active
WELL_019,Delta-S-19,Niger Delta Offshore,12/17/2024,2474,11867,23.46,0,Active
WELL_019,Delta-S-19,Niger Delta Onshore,12/18/2024,2425,11875,23.48,1,Active
WELL_019,Delta-S-19,Niger Delta Offshore,12/19/2024,415,1369,23.53,18,Failed
WELL_019,Delta-S-19,Niger Delta Onshore,12/20/2024,2470,11953,23.56,3,Active
WELL_019,Delta-S-19,Niger Delta Onshore,12/21/2024,1654,8151,23.61,4,Maintenance
WELL_019,Delta-S-19,Niger Delta Onshore,12/22/2024,2446,12029,23.65,2,Active
WELL_019,Delta-S-19,Niger Delta Offshore,12/23/2024,472,8,23.68,15,Failed
WELL_019,Delta-S-19,Niger Delta Offshore,12/24/2024,2412,11894,23.73,0,Active
WELL_019,Delta-S-19,Niger Delta Onshore,12/25/2024,1561,8080,23.76,7,Maintenance
WELL_019,Delta-S-19,Niger Delta Offshore,12/26/2024,354,3305,23.81,18,Failed
WELL_019,Delta-S-19,Niger Delta Onshore,12/27/2024,2415,11991,23.86,1,Active
WELL_019,Delta-S-19,Niger Delta Onshore,12/28/2024,703,2180,23.87,13,Failed
WELL_019,Delta-S-19,Niger Delta Offshore,12/29/2024,2410,11920,23.88,3,Active
WELL_019,Delta-S-19,Niger Delta Onshore,12/30/2024,195,1607,23.92,21,Failed
WELL_019,Delta-S-19,Niger Delta Onshore,12/31/2024,2404,11853,23.94,3,Active
WELL_019,Delta-S-19,Niger Delta Offshore,1/1/2025,1591,8019,23.96,8,Maintenance
WELL_019,Delta-S-19,Niger Delta Offshore,1/2/2025,1647,8208,23.99,7,Maintenance
WELL_019,Delta-S-19,Niger Delta Offshore,1/3/2025,2462,11830,24.01,0,Active
WELL_019,Delta-S-19,Niger Delta Onshore,1/4/2025,1630,8051,24.04,6,Maintenance
WELL_019,Delta-S-19,Niger Delta Onshore,1/5/2025,1552,8041,24.08,4,Maintenance
WELL_019,Delta-S-19,Niger Delta Onshore,1/6/2025,2414,11822,24.12,1,Active
WELL_019,Delta-S-19,Niger Delta Onshore,1/7/2025,2429,11940,24.15,2,Active
WELL_019,Delta-S-19,Niger Delta Onshore,1/8/2025,2428,11998,24.17,2,Active
WELL_019,Delta-S-19,Niger Delta Offshore,1/9/2025,2380,11975,24.19,2,Active
WELL_019,Delta-S-19,Niger Delta Offshore,1/10/2025,2386,11948,24.21,1,Active
WELL_019,Delta-S-19,Niger Delta Offshore,1/11/2025,2447,11899,24.23,2,Active
WELL_019,Delta-S-19,Niger Delta Onshore,1/12/2025,2456,11791,24.27,1,Active
WELL_019,Delta-S-19,Niger Delta Onshore,1/13/2025,2441,11960,24.3,3,Active
WELL_019,Delta-S-19,Niger Delta Onshore,1/14/2025,386,2816,24.32,16,Failed
WELL_019,Delta-S-19,Niger Delta Onshore,1/15/2025,2374,11832,24.34,1,Active
WELL_019,Delta-S-19,Niger Delta Onshore,1/16/2025,2367,11925,24.38,1,Active
WELL_019,Delta-S-19,Niger Delta Onshore,1/17/2025,1622,8073,24.4,8,Maintenance
WELL_019,Delta-S-19,Niger Delta Offshore,1/18/2025,2444,11918,24.42,2,Active
WELL_019,Delta-S-19,Niger Delta Onshore,1/19/2025,2369,11919,24.45,2,Active
WELL_019,Delta-S-19,Niger Delta Onshore,1/20/2025,2375,11937,24.49,3,Active
WELL_019,Delta-S-19,Niger Delta Offshore,1/21/2025,2363,11808,24.5,2,Active
WELL_019,Delta-S-19,Niger Delta Onshore,1/22/2025,2451,11883,24.53,3,Active
WELL_019,Delta-S-19,Niger Delta Offshore,1/23/2025,50,1872,24.56,14,Failed
WELL_019,Delta-S-19,Niger Delta Offshore,1/24/2025,2374,11964,24.58,2,Active
WELL_019,Delta-S-19,Niger Delta Offshore,1/25/2025,2411,11805,24.61,1,Active
WELL_019,Delta-S-19,Niger Delta Offshore,1/26/2025,1571,8053,24.65,6,Maintenance
WELL_019,Delta-S-19,Niger Delta Onshore,1/27/2025,2411,11885,24.66,2,Active
WELL_019,Delta-S-19,Niger Delta Offshore,1/28/2025,22,2809,24.71,11,Failed
WELL_019,Delta-S-19,Niger Delta Onshore,1/29/2025,2404,11904,24.72,1,Active
WELL_019,Delta-S-19,Niger Delta Onshore,1/30/2025,2436,11914,24.76,1,Active
WELL_019,Delta-S-19,Niger Delta Offshore,1/31/2025,736,488,24.8,14,Failed
WELL_019,Delta-S-19,Niger Delta Onshore,2/1/2025,2442,11832,24.83,2,Active
WELL_019,Delta-S-19,Niger Delta Offshore,2/2/2025,2395,11752,24.86,3,Active
WELL_019,Delta-S-19,Niger Delta Onshore,2/3/2025,2399,11759,24.89,1,Active
WELL_019,Delta-S-19,Niger Delta Offshore,2/4/2025,2364,11756,24.9,1,Active
WELL_019,Delta-S-19,Niger Delta Onshore,2/5/2025,2343,11820,24.92,3,Active
WELL_019,Delta-S-19,Niger Delta Offshore,2/6/2025,2377,11832,24.96,1,Active
WELL_019,Delta-S-19,Niger Delta Offshore,2/7/2025,2364,11740,25,2,Active
WELL_019,Delta-S-19,Niger Delta Offshore,2/8/2025,2346,11866,25.04,3,Active
WELL_019,Delta-S-19,Niger Delta Onshore,2/9/2025,101,1612,25.06,23,Failed
WELL_019,Delta-S-19,Niger Delta Offshore,2/10/2025,2434,11813,25.07,0,Active
WELL_019,Delta-S-19,Niger Delta Onshore,2/11/2025,2376,11770,25.09,2,Active
WELL_019,Delta-S-19,Niger Delta Onshore,2/12/2025,2374,11780,25.1,0,Active
WELL_019,Delta-S-19,Niger Delta Offshore,2/13/2025,2399,11864,25.13,0,Active
WELL_019,Delta-S-19,Niger Delta Offshore,2/14/2025,2334,11902,25.18,2,Active
WELL_019,Delta-S-19,Niger Delta Offshore,2/15/2025,2414,11886,25.23,1,Active
WELL_019,Delta-S-19,Niger Delta Onshore,2/16/2025,1528,7936,25.25,7,Maintenance
WELL_019,Delta-S-19,Niger Delta Offshore,2/17/2025,2336,11828,25.26,3,Active
WELL_019,Delta-S-19,Niger Delta Onshore,2/18/2025,1517,8053,25.29,9,Maintenance
WELL_019,Delta-S-19,Niger Delta Offshore,2/19/2025,2376,11828,25.32,2,Active
WELL_019,Delta-S-19,Niger Delta Onshore,2/20/2025,2333,11776,25.34,1,Active
WELL_019,Delta-S-19,Niger Delta Onshore,2/21/2025,2336,11861,25.38,3,Active
WELL_019,Delta-S-19,Niger Delta Onshore,2/22/2025,2337,11855,25.4,3,Active
WELL_019,Delta-S-19,Niger Delta Offshore,2/23/2025,2354,11710,25.41,3,Active
WELL_019,Delta-S-19,Niger Delta Onshore,2/24/2025,231,3653,25.44,22,Failed
WELL_019,Delta-S-19,Niger Delta Offshore,2/25/2025,2354,11857,25.46,1,Active
WELL_019,Delta-S-19,Niger Delta Offshore,2/26/2025,2398,11778,25.5,3,Active
WELL_019,Delta-S-19,Niger Delta Onshore,2/27/2025,1581,8090,25.52,9,Maintenance
WELL_019,Delta-S-19,Niger Delta Offshore,2/28/2025,2374,11705,25.56,1,Active
WELL_019,Delta-S-19,Niger Delta Offshore,3/1/2025,1520,8029,25.59,5,Maintenance
WELL_019,Delta-S-19,Niger Delta Offshore,3/2/2025,2401,11840,25.63,1,Active
WELL_019,Delta-S-19,Niger Delta Onshore,3/3/2025,2320,11860,25.67,2,Active
WELL_019,Delta-S-19,Niger Delta Onshore,3/4/2025,1506,7939,25.69,9,Maintenance
WELL_019,Delta-S-19,Niger Delta Offshore,3/5/2025,2328,11883,25.73,1,Active
WELL_019,Delta-S-19,Niger Delta Onshore,3/6/2025,2358,11725,25.76,1,Active
WELL_019,Delta-S-19,Niger Delta Onshore,3/7/2025,261,1779,25.79,10,Failed
WELL_019,Delta-S-19,Niger Delta Onshore,3/8/2025,1568,8033,25.84,9,Maintenance
WELL_019,Delta-S-19,Niger Delta Offshore,3/9/2025,527,3130,25.87,18,Failed
WELL_019,Delta-S-19,Niger Delta Offshore,3/10/2025,2350,11719,25.89,1,Active
WELL_019,Delta-S-19,Niger Delta Offshore,3/11/2025,316,3203,25.92,20,Failed
WELL_019,Delta-S-19,Niger Delta Offshore,3/12/2025,1575,7984,25.96,7,Maintenance
WELL_019,Delta-S-19,Niger Delta Onshore,3/13/2025,2379,11701,25.99,2,Active
WELL_019,Delta-S-19,Niger Delta Onshore,3/14/2025,2340,11785,26.02,1,Active
WELL_019,Delta-S-19,Niger Delta Offshore,3/15/2025,1583,7992,26.05,6,Maintenance
WELL_019,Delta-S-19,Niger Delta Offshore,3/16/2025,2359,11846,26.08,3,Active
WELL_019,Delta-S-19,Niger Delta Onshore,3/17/2025,2323,11805,26.12,3,Active
WELL_019,Delta-S-19,Niger Delta Offshore,3/18/2025,2364,11669,26.17,3,Active
WELL_019,Delta-S-19,Niger Delta Offshore,3/19/2025,2322,11857,26.22,2,Active
WELL_019,Delta-S-19,Niger Delta Onshore,3/20/2025,1516,7912,26.26,5,Maintenance
WELL_019,Delta-S-19,Niger Delta Onshore,3/21/2025,2359,11697,26.28,1,Active
WELL_019,Delta-S-19,Niger Delta Onshore,3/22/2025,2305,11745,26.3,1,Active
WELL_019,Delta-S-19,Niger Delta Offshore,3/23/2025,2367,11764,26.31,2,Active
WELL_019,Delta-S-19,Niger Delta Onshore,3/24/2025,2318,11787,26.35,0,Active
WELL_019,Delta-S-19,Niger Delta Onshore,3/25/2025,2380,11753,26.38,1,Active
WELL_019,Delta-S-19,Niger Delta Onshore,3/26/2025,1503,7986,26.41,6,Maintenance
WELL_019,Delta-S-19,Niger Delta Offshore,3/27/2025,738,3119,26.45,17,Failed
WELL_019,Delta-S-19,Niger Delta Onshore,3/28/2025,1556,7858,26.5,9,Maintenance
WELL_019,Delta-S-19,Niger Delta Onshore,3/29/2025,2347,11727,26.53,2,Active
WELL_019,Delta-S-19,Niger Delta Offshore,3/30/2025,2347,11657,26.58,0,Active
WELL_019,Delta-S-19,Niger Delta Offshore,3/31/2025,2312,11812,26.62,3,Active
WELL_019,Delta-S-19,Niger Delta Offshore,4/1/2025,2328,11732,26.67,2,Active
WELL_019,Delta-S-19,Niger Delta Offshore,4/2/2025,2395,11782,26.7,0,Active
WELL_019,Delta-S-19,Niger Delta Onshore,4/3/2025,46,821,26.72,13,Failed
WELL_019,Delta-S-19,Niger Delta Offshore,4/4/2025,2342,11720,26.76,3,Active
WELL_019,Delta-S-19,Niger Delta Offshore,4/5/2025,2351,11681,26.78,1,Active
WELL_019,Delta-S-19,Niger Delta Offshore,4/6/2025,19,2824,26.79,23,Failed
WELL_019,Delta-S-19,Niger Delta Offshore,4/7/2025,2371,11676,26.82,1,Active
WELL_019,Delta-S-19,Niger Delta Onshore,4/8/2025,2364,11704,26.84,2,Active
WELL_019,Delta-S-19,Niger Delta Onshore,4/9/2025,355,3714,26.87,15,Failed
WELL_019,Delta-S-19,Niger Delta Onshore,4/10/2025,1502,7925,26.9,8,Maintenance
WELL_019,Delta-S-19,Niger Delta Onshore,4/11/2025,1520,7879,26.92,9,Maintenance
WELL_019,Delta-S-19,Niger Delta Onshore,4/12/2025,2334,11778,26.94,3,Active
WELL_019,Delta-S-19,Niger Delta Onshore,4/13/2025,2357,11640,26.98,3,Active
WELL_019,Delta-S-19,Niger Delta Onshore,4/14/2025,2342,11617,26.99,3,Active
WELL_019,Delta-S-19,Niger Delta Offshore,4/15/2025,2357,11653,27.01,3,Active
WELL_019,Delta-S-19,Niger Delta Offshore,4/16/2025,2371,11721,27.05,3,Active
WELL_019,Delta-S-19,Niger Delta Offshore,4/17/2025,2349,11645,27.08,0,Active
WELL_019,Delta-S-19,Niger Delta Onshore,4/18/2025,546,3310,27.09,23,Failed
WELL_019,Delta-S-19,Niger Delta Onshore,4/19/2025,2303,11630,27.13,0,Active
WELL_019,Delta-S-19,Niger Delta Onshore,4/20/2025,1541,7925,27.17,4,Maintenance
WELL_019,Delta-S-19,Niger Delta Offshore,4/21/2025,2365,11620,27.19,0,Active
WELL_019,Delta-S-19,Niger Delta Onshore,4/22/2025,1555,7813,27.21,8,Maintenance
WELL_019,Delta-S-19,Niger Delta Onshore,4/23/2025,2323,11648,27.26,3,Active
WELL_019,Delta-S-19,Niger Delta Offshore,4/24/2025,2310,11764,27.27,1,Active
WELL_019,Delta-S-19,Niger Delta Offshore,4/25/2025,2329,11703,27.31,1,Active
WELL_019,Delta-S-19,Niger Delta Offshore,4/26/2025,2289,11646,27.36,3,Active
WELL_019,Delta-S-19,Niger Delta Offshore,4/27/2025,2307,11608,27.38,1,Active
WELL_019,Delta-S-19,Niger Delta Onshore,4/28/2025,2316,11739,27.39,2,Active
WELL_019,Delta-S-19,Niger Delta Onshore,4/29/2025,2312,11686,27.41,2,Active
WELL_019,Delta-S-19,Niger Delta Offshore,4/30/2025,2276,11650,27.46,0,Active
WELL_019,Delta-S-19,Niger Delta Onshore,5/1/2025,2346,11714,27.48,2,Active
WELL_019,Delta-S-19,Niger Delta Offshore,5/2/2025,2345,11607,27.5,2,Active
WELL_019,Delta-S-19,Niger Delta Onshore,5/3/2025,2348,11709,27.54,0,Active
WELL_019,Delta-S-19,Niger Delta Offshore,5/4/2025,2368,11717,27.57,2,Active
WELL_019,Delta-S-19,Niger Delta Offshore,5/5/2025,2274,11686,27.6,1,Active
WELL_019,Delta-S-19,Niger Delta Offshore,5/6/2025,2303,11617,27.65,2,Active
WELL_019,Delta-S-19,Niger Delta Onshore,5/7/2025,657,2240,27.67,11,Failed
WELL_019,Delta-S-19,Niger Delta Offshore,5/8/2025,2277,11670,27.7,2,Active
WELL_019,Delta-S-19,Niger Delta Offshore,5/9/2025,2281,11622,27.71,2,Active
WELL_019,Delta-S-19,Niger Delta Offshore,5/10/2025,788,2340,27.76,11,Failed
WELL_019,Delta-S-19,Niger Delta Onshore,5/11/2025,1538,7842,27.79,8,Maintenance
WELL_019,Delta-S-19,Niger Delta Onshore,5/12/2025,2287,11632,27.83,0,Active
WELL_019,Delta-S-19,Niger Delta Onshore,5/13/2025,2303,11678,27.84,1,Active
WELL_019,Delta-S-19,Niger Delta Onshore,5/14/2025,2335,11570,27.88,3,Active
WELL_020,Delta-T-20,Niger Delta Onshore,1/1/2024,1722,9511,11.02,3,Active
WELL_020,Delta-T-20,Niger Delta Offshore,1/2/2024,1730,9567,11.04,1,Active
WELL_020,Delta-T-20,Niger Delta Onshore,1/3/2024,233,1462,11.06,22,Failed
WELL_020,Delta-T-20,Niger Delta Offshore,1/4/2024,1719,9598,11.09,1,Active
WELL_020,Delta-T-20,Niger Delta Offshore,1/5/2024,1771,9683,11.13,2,Active
WELL_020,Delta-T-20,Niger Delta Offshore,1/6/2024,1738,9491,11.15,1,Active
WELL_020,Delta-T-20,Niger Delta Onshore,1/7/2024,1737,9627,11.17,1,Active
WELL_020,Delta-T-20,Niger Delta Onshore,1/8/2024,1798,9667,11.2,0,Active
WELL_020,Delta-T-20,Niger Delta Offshore,1/9/2024,1809,9662,11.23,2,Active
WELL_020,Delta-T-20,Niger Delta Onshore,1/10/2024,1724,9530,11.27,3,Active
WELL_020,Delta-T-20,Niger Delta Onshore,1/11/2024,1776,9659,11.31,3,Active
WELL_020,Delta-T-20,Niger Delta Onshore,1/12/2024,1717,9595,11.36,1,Active
WELL_020,Delta-T-20,Niger Delta Offshore,1/13/2024,1779,9538,11.38,0,Active
WELL_020,Delta-T-20,Niger Delta Offshore,1/14/2024,1808,9651,11.4,3,Active
WELL_020,Delta-T-20,Niger Delta Onshore,1/15/2024,1727,9648,11.41,3,Active
WELL_020,Delta-T-20,Niger Delta Onshore,1/16/2024,1735,9598,11.43,3,Active
WELL_020,Delta-T-20,Niger Delta Onshore,1/17/2024,1726,9629,11.44,0,Active
WELL_020,Delta-T-20,Niger Delta Offshore,1/18/2024,1797,9558,11.46,1,Active
WELL_020,Delta-T-20,Niger Delta Offshore,1/19/2024,1725,9620,11.48,2,Active
WELL_020,Delta-T-20,Niger Delta Offshore,1/20/2024,1769,9489,11.5,3,Active
WELL_020,Delta-T-20,Niger Delta Offshore,1/21/2024,1777,9632,11.55,3,Active
WELL_020,Delta-T-20,Niger Delta Onshore,1/22/2024,1786,9455,11.59,0,Active
WELL_020,Delta-T-20,Niger Delta Onshore,1/23/2024,1726,9647,11.63,3,Active
WELL_020,Delta-T-20,Niger Delta Onshore,1/24/2024,1796,9620,11.67,3,Active
WELL_020,Delta-T-20,Niger Delta Offshore,1/25/2024,1720,9595,11.69,3,Active
WELL_020,Delta-T-20,Niger Delta Onshore,1/26/2024,530,1136,11.71,21,Failed
WELL_020,Delta-T-20,Niger Delta Offshore,1/27/2024,1230,6626,11.74,9,Maintenance
WELL_020,Delta-T-20,Niger Delta Offshore,1/28/2024,1722,9585,11.76,0,Active
WELL_020,Delta-T-20,Niger Delta Onshore,1/29/2024,1751,9481,11.8,2,Active
WELL_020,Delta-T-20,Niger Delta Offshore,1/30/2024,226,2161,11.81,16,Failed
WELL_020,Delta-T-20,Niger Delta Onshore,1/31/2024,1736,9600,11.86,1,Active
WELL_020,Delta-T-20,Niger Delta Onshore,2/1/2024,56,2385,11.88,13,Failed
WELL_020,Delta-T-20,Niger Delta Onshore,2/2/2024,1766,9538,11.91,1,Active
WELL_020,Delta-T-20,Niger Delta Onshore,2/3/2024,1741,9537,11.94,2,Active
WELL_020,Delta-T-20,Niger Delta Offshore,2/4/2024,1719,9472,11.95,2,Active
WELL_020,Delta-T-20,Niger Delta Onshore,2/5/2024,1786,9455,11.99,3,Active
WELL_020,Delta-T-20,Niger Delta Onshore,2/6/2024,1225,6613,12.03,9,Maintenance
WELL_020,Delta-T-20,Niger Delta Offshore,2/7/2024,1767,9445,12.08,1,Active
WELL_020,Delta-T-20,Niger Delta Onshore,2/8/2024,1732,9504,12.1,3,Active
WELL_020,Delta-T-20,Niger Delta Onshore,2/9/2024,1197,6660,12.13,9,Maintenance
WELL_020,Delta-T-20,Niger Delta Offshore,2/10/2024,1785,9593,12.16,3,Active
WELL_020,Delta-T-20,Niger Delta Offshore,2/11/2024,1763,9452,12.2,0,Active
WELL_020,Delta-T-20,Niger Delta Onshore,2/12/2024,1775,9557,12.22,0,Active
WELL_020,Delta-T-20,Niger Delta Onshore,2/13/2024,1760,9413,12.24,2,Active
WELL_020,Delta-T-20,Niger Delta Offshore,2/14/2024,175,321,12.27,18,Failed
WELL_020,Delta-T-20,Niger Delta Offshore,2/15/2024,1718,9548,12.29,1,Active
WELL_020,Delta-T-20,Niger Delta Offshore,2/16/2024,1725,9559,12.32,0,Active
WELL_020,Delta-T-20,Niger Delta Offshore,2/17/2024,472,2785,12.36,14,Failed
WELL_020,Delta-T-20,Niger Delta Onshore,2/18/2024,1770,9542,12.41,0,Active
WELL_020,Delta-T-20,Niger Delta Offshore,2/19/2024,1740,9439,12.42,0,Active
WELL_020,Delta-T-20,Niger Delta Onshore,2/20/2024,1733,9531,12.47,0,Active
WELL_020,Delta-T-20,Niger Delta Offshore,2/21/2024,1765,9568,12.49,2,Active
WELL_020,Delta-T-20,Niger Delta Offshore,2/22/2024,1715,9460,12.53,1,Active
WELL_020,Delta-T-20,Niger Delta Onshore,2/23/2024,1705,9511,12.57,0,Active
WELL_020,Delta-T-20,Niger Delta Offshore,2/24/2024,262,2139,12.6,13,Failed
WELL_020,Delta-T-20,Niger Delta Onshore,2/25/2024,1773,9425,12.63,1,Active
WELL_020,Delta-T-20,Niger Delta Onshore,2/26/2024,1159,6639,12.66,9,Maintenance
WELL_020,Delta-T-20,Niger Delta Offshore,2/27/2024,1762,9559,12.68,3,Active
WELL_020,Delta-T-20,Niger Delta Onshore,2/28/2024,205,1339,12.71,23,Failed
WELL_020,Delta-T-20,Niger Delta Onshore,2/29/2024,201,1014,12.73,22,Failed
WELL_020,Delta-T-20,Niger Delta Onshore,3/1/2024,1724,9548,12.77,0,Active
WELL_020,Delta-T-20,Niger Delta Offshore,3/2/2024,1745,9477,12.79,0,Active
WELL_020,Delta-T-20,Niger Delta Offshore,3/3/2024,1691,9466,12.81,2,Active
WELL_020,Delta-T-20,Niger Delta Offshore,3/4/2024,1744,9392,12.85,0,Active
WELL_020,Delta-T-20,Niger Delta Offshore,3/5/2024,1712,9374,12.87,0,Active
WELL_020,Delta-T-20,Niger Delta Offshore,3/6/2024,1716,9533,12.9,3,Active
WELL_020,Delta-T-20,Niger Delta Offshore,3/7/2024,1752,9493,12.92,3,Active
WELL_020,Delta-T-20,Niger Delta Offshore,3/8/2024,1152,6570,12.95,4,Maintenance
WELL_020,Delta-T-20,Niger Delta Onshore,3/9/2024,1713,9525,12.98,1,Active
WELL_020,Delta-T-20,Niger Delta Onshore,3/10/2024,57,2111,12.99,14,Failed
WELL_020,Delta-T-20,Niger Delta Offshore,3/11/2024,1673,9421,13.04,0,Active
WELL_020,Delta-T-20,Niger Delta Onshore,3/12/2024,1750,9545,13.05,2,Active
WELL_020,Delta-T-20,Niger Delta Onshore,3/13/2024,1755,9477,13.07,3,Active
WELL_020,Delta-T-20,Niger Delta Offshore,3/14/2024,1709,9448,13.11,3,Active
WELL_020,Delta-T-20,Niger Delta Onshore,3/15/2024,334,2553,13.13,18,Failed
WELL_020,Delta-T-20,Niger Delta Offshore,3/16/2024,1706,9425,13.16,3,Active
WELL_020,Delta-T-20,Niger Delta Onshore,3/17/2024,1660,9540,13.18,0,Active
WELL_020,Delta-T-20,Niger Delta Offshore,3/18/2024,1712,9342,13.19,1,Active
WELL_020,Delta-T-20,Niger Delta Onshore,3/19/2024,1711,9425,13.21,2,Active
WELL_020,Delta-T-20,Niger Delta Offshore,3/20/2024,1133,6527,13.24,4,Maintenance
WELL_020,Delta-T-20,Niger Delta Offshore,3/21/2024,1679,9407,13.26,2,Active
WELL_020,Delta-T-20,Niger Delta Onshore,3/22/2024,1154,6604,13.3,8,Maintenance
WELL_020,Delta-T-20,Niger Delta Offshore,3/23/2024,1205,6523,13.32,5,Maintenance
WELL_020,Delta-T-20,Niger Delta Offshore,3/24/2024,1701,9394,13.33,0,Active
WELL_020,Delta-T-20,Niger Delta Onshore,3/25/2024,1739,9448,13.37,3,Active
WELL_020,Delta-T-20,Niger Delta Offshore,3/26/2024,344,1420,13.41,17,Failed
WELL_020,Delta-T-20,Niger Delta Offshore,3/27/2024,427,2070,13.45,22,Failed
WELL_020,Delta-T-20,Niger Delta Onshore,3/28/2024,1168,6583,13.49,5,Maintenance
WELL_020,Delta-T-20,Niger Delta Onshore,3/29/2024,1717,9508,13.52,0,Active
WELL_020,Delta-T-20,Niger Delta Onshore,3/30/2024,1703,9429,13.57,0,Active
WELL_020,Delta-T-20,Niger Delta Offshore,3/31/2024,508,1413,13.59,11,Failed
WELL_020,Delta-T-20,Niger Delta Onshore,4/1/2024,1660,9353,13.64,1,Active
WELL_020,Delta-T-20,Niger Delta Onshore,4/2/2024,1705,9375,13.66,2,Active
WELL_020,Delta-T-20,Niger Delta Onshore,4/3/2024,1694,9348,13.69,3,Active
WELL_020,Delta-T-20,Niger Delta Offshore,4/4/2024,1170,6501,13.72,6,Maintenance
WELL_020,Delta-T-20,Niger Delta Offshore,4/5/2024,1145,6577,13.73,6,Maintenance
WELL_020,Delta-T-20,Niger Delta Offshore,4/6/2024,1675,9412,13.75,1,Active
WELL_020,Delta-T-20,Niger Delta Offshore,4/7/2024,1687,9373,13.78,2,Active
WELL_020,Delta-T-20,Niger Delta Offshore,4/8/2024,1666,9340,13.8,2,Active
WELL_020,Delta-T-20,Niger Delta Onshore,4/9/2024,1653,9301,13.83,0,Active
WELL_020,Delta-T-20,Niger Delta Onshore,4/10/2024,1666,9411,13.85,0,Active
WELL_020,Delta-T-20,Niger Delta Onshore,4/11/2024,1695,9365,13.88,3,Active
WELL_020,Delta-T-20,Niger Delta Offshore,4/12/2024,1653,9470,13.91,1,Active
WELL_020,Delta-T-20,Niger Delta Offshore,4/13/2024,1690,9461,13.95,0,Active
WELL_020,Delta-T-20,Niger Delta Onshore,4/14/2024,1673,9330,13.97,1,Active
WELL_020,Delta-T-20,Niger Delta Offshore,4/15/2024,409,1770,13.98,14,Failed
WELL_020,Delta-T-20,Niger Delta Offshore,4/16/2024,1723,9437,14.01,3,Active
WELL_020,Delta-T-20,Niger Delta Offshore,4/17/2024,1716,9440,14.03,1,Active
WELL_020,Delta-T-20,Niger Delta Offshore,4/18/2024,1703,9396,14.06,3,Active
WELL_020,Delta-T-20,Niger Delta Offshore,4/19/2024,1635,9329,14.08,0,Active
WELL_020,Delta-T-20,Niger Delta Onshore,4/20/2024,509,1176,14.09,10,Failed
WELL_020,Delta-T-20,Niger Delta Offshore,4/21/2024,1116,6491,14.11,9,Maintenance
WELL_020,Delta-T-20,Niger Delta Onshore,4/22/2024,1150,6424,14.14,7,Maintenance
WELL_020,Delta-T-20,Niger Delta Offshore,4/23/2024,218,1205,14.17,17,Failed
WELL_020,Delta-T-20,Niger Delta Onshore,4/24/2024,1640,9428,14.19,1,Active
WELL_020,Delta-T-20,Niger Delta Onshore,4/25/2024,1672,9452,14.21,1,Active
WELL_020,Delta-T-20,Niger Delta Offshore,4/26/2024,1674,9374,14.25,1,Active
WELL_020,Delta-T-20,Niger Delta Offshore,4/27/2024,1686,9263,14.3,2,Active
WELL_020,Delta-T-20,Niger Delta Onshore,4/28/2024,1700,9426,14.32,1,Active
WELL_020,Delta-T-20,Niger Delta Offshore,4/29/2024,1704,9437,14.35,3,Active
WELL_020,Delta-T-20,Niger Delta Offshore,4/30/2024,1668,9415,14.38,0,Active
WELL_020,Delta-T-20,Niger Delta Onshore,5/1/2024,1685,9322,14.4,1,Active
WELL_020,Delta-T-20,Niger Delta Onshore,5/2/2024,1642,9287,14.44,0,Active
WELL_020,Delta-T-20,Niger Delta Onshore,5/3/2024,5,1959,14.47,23,Failed
WELL_020,Delta-T-20,Niger Delta Onshore,5/4/2024,1656,9382,14.49,3,Active
WELL_020,Delta-T-20,Niger Delta Onshore,5/5/2024,1632,9337,14.53,3,Active
WELL_020,Delta-T-20,Niger Delta Offshore,5/6/2024,1178,6424,14.56,8,Maintenance
WELL_020,Delta-T-20,Niger Delta Onshore,5/7/2024,1673,9401,14.6,2,Active
WELL_020,Delta-T-20,Niger Delta Offshore,5/8/2024,1701,9346,14.62,2,Active
WELL_020,Delta-T-20,Niger Delta Offshore,5/9/2024,1635,9418,14.64,0,Active
WELL_020,Delta-T-20,Niger Delta Onshore,5/10/2024,1685,9251,14.66,1,Active
WELL_020,Delta-T-20,Niger Delta Onshore,5/11/2024,1622,9359,14.71,0,Active
WELL_020,Delta-T-20,Niger Delta Onshore,5/12/2024,1165,6375,14.73,7,Maintenance
WELL_020,Delta-T-20,Niger Delta Offshore,5/13/2024,1614,9405,14.78,1,Active
WELL_020,Delta-T-20,Niger Delta Offshore,5/14/2024,1659,9379,14.8,0,Active
WELL_020,Delta-T-20,Niger Delta Offshore,5/15/2024,1615,9226,14.82,1,Active
WELL_020,Delta-T-20,Niger Delta Offshore,5/16/2024,1631,9415,14.83,0,Active
WELL_020,Delta-T-20,Niger Delta Offshore,5/17/2024,1697,9395,14.88,0,Active
WELL_020,Delta-T-20,Niger Delta Onshore,5/18/2024,1676,9276,14.9,2,Active
WELL_020,Delta-T-20,Niger Delta Offshore,5/19/2024,1103,6368,14.92,8,Maintenance
WELL_020,Delta-T-20,Niger Delta Onshore,5/20/2024,1144,6518,14.97,6,Maintenance
WELL_020,Delta-T-20,Niger Delta Offshore,5/21/2024,123,628,14.99,19,Failed
WELL_020,Delta-T-20,Niger Delta Onshore,5/22/2024,1100,6523,15.01,9,Maintenance
WELL_020,Delta-T-20,Niger Delta Onshore,5/23/2024,337,1434,15.04,13,Failed
WELL_020,Delta-T-20,Niger Delta Onshore,5/24/2024,1632,9329,15.07,3,Active
WELL_020,Delta-T-20,Niger Delta Offshore,5/25/2024,1690,9229,15.08,2,Active
WELL_020,Delta-T-20,Niger Delta Offshore,5/26/2024,1607,9292,15.12,1,Active
WELL_020,Delta-T-20,Niger Delta Offshore,5/27/2024,1650,9312,15.14,1,Active
WELL_020,Delta-T-20,Niger Delta Offshore,5/28/2024,1617,9395,15.17,2,Active
WELL_020,Delta-T-20,Niger Delta Onshore,5/29/2024,1688,9344,15.18,3,Active
WELL_020,Delta-T-20,Niger Delta Offshore,5/30/2024,1676,9212,15.23,3,Active
WELL_020,Delta-T-20,Niger Delta Onshore,5/31/2024,504,386,15.24,16,Failed
WELL_020,Delta-T-20,Niger Delta Offshore,6/1/2024,1600,9348,15.26,2,Active
WELL_020,Delta-T-20,Niger Delta Offshore,6/2/2024,1661,9279,15.28,3,Active
WELL_020,Delta-T-20,Niger Delta Onshore,6/3/2024,1624,9303,15.3,0,Active
WELL_020,Delta-T-20,Niger Delta Onshore,6/4/2024,1147,6396,15.35,5,Maintenance
WELL_020,Delta-T-20,Niger Delta Onshore,6/5/2024,1655,9308,15.39,3,Active
WELL_020,Delta-T-20,Niger Delta Onshore,6/6/2024,1066,6485,15.41,6,Maintenance
WELL_020,Delta-T-20,Niger Delta Offshore,6/7/2024,1656,9367,15.44,2,Active
WELL_020,Delta-T-20,Niger Delta Offshore,6/8/2024,1666,9279,15.47,0,Active
WELL_020,Delta-T-20,Niger Delta Offshore,6/9/2024,1664,9306,15.49,2,Active
WELL_020,Delta-T-20,Niger Delta Onshore,6/10/2024,1625,9308,15.53,0,Active
WELL_020,Delta-T-20,Niger Delta Onshore,6/11/2024,1593,9302,15.54,3,Active
WELL_020,Delta-T-20,Niger Delta Offshore,6/12/2024,1676,9357,15.57,2,Active
WELL_020,Delta-T-20,Niger Delta Onshore,6/13/2024,1589,9217,15.62,3,Active
WELL_020,Delta-T-20,Niger Delta Onshore,6/14/2024,1601,9287,15.64,3,Active
WELL_020,Delta-T-20,Niger Delta Offshore,6/15/2024,1073,6297,15.69,9,Maintenance
WELL_020,Delta-T-20,Niger Delta Offshore,6/16/2024,1616,9265,15.72,2,Active
WELL_020,Delta-T-20,Niger Delta Onshore,6/17/2024,1667,9251,15.76,3,Active
WELL_020,Delta-T-20,Niger Delta Onshore,6/18/2024,1647,9255,15.79,2,Active
WELL_020,Delta-T-20,Niger Delta Onshore,6/19/2024,1590,9341,15.83,0,Active
WELL_020,Delta-T-20,Niger Delta Offshore,6/20/2024,1632,9302,15.86,3,Active
WELL_020,Delta-T-20,Niger Delta Offshore,6/21/2024,173,878,15.9,21,Failed
WELL_020,Delta-T-20,Niger Delta Onshore,6/22/2024,1644,9329,15.93,0,Active
WELL_020,Delta-T-20,Niger Delta Offshore,6/23/2024,1594,9260,15.98,0,Active
WELL_020,Delta-T-20,Niger Delta Onshore,6/24/2024,1137,6289,16.03,6,Maintenance
WELL_020,Delta-T-20,Niger Delta Offshore,6/25/2024,1622,9274,16.05,3,Active
WELL_020,Delta-T-20,Niger Delta Onshore,6/26/2024,1628,9302,16.1,0,Active
WELL_020,Delta-T-20,Niger Delta Offshore,6/27/2024,1605,9288,16.13,1,Active
WELL_020,Delta-T-20,Niger Delta Offshore,6/28/2024,1601,9260,16.14,2,Active
WELL_020,Delta-T-20,Niger Delta Offshore,6/29/2024,1614,9304,16.16,0,Active
WELL_020,Delta-T-20,Niger Delta Onshore,6/30/2024,1610,9137,16.18,1,Active
WELL_020,Delta-T-20,Niger Delta Offshore,7/1/2024,1632,9253,16.23,3,Active
WELL_020,Delta-T-20,Niger Delta Offshore,7/2/2024,1653,9241,16.24,3,Active
WELL_020,Delta-T-20,Niger Delta Onshore,7/3/2024,229,617,16.28,17,Failed
WELL_020,Delta-T-20,Niger Delta Offshore,7/4/2024,401,1511,16.31,14,Failed
WELL_020,Delta-T-20,Niger Delta Offshore,7/5/2024,1116,6319,16.35,7,Maintenance
WELL_020,Delta-T-20,Niger Delta Onshore,7/6/2024,1593,9278,16.4,1,Active
WELL_020,Delta-T-20,Niger Delta Onshore,7/7/2024,1579,9170,16.41,3,Active
WELL_020,Delta-T-20,Niger Delta Onshore,7/8/2024,1060,6414,16.43,6,Maintenance
WELL_020,Delta-T-20,Niger Delta Offshore,7/9/2024,1581,9130,16.47,1,Active
WELL_020,Delta-T-20,Niger Delta Offshore,7/10/2024,1579,9194,16.52,2,Active
WELL_020,Delta-T-20,Niger Delta Onshore,7/11/2024,1099,6259,16.54,8,Maintenance
WELL_020,Delta-T-20,Niger Delta Offshore,7/12/2024,1042,6280,16.57,5,Maintenance
WELL_020,Delta-T-20,Niger Delta Onshore,7/13/2024,1070,6312,16.61,9,Maintenance
WELL_020,Delta-T-20,Niger Delta Onshore,7/14/2024,1574,9129,16.62,2,Active
WELL_020,Delta-T-20,Niger Delta Offshore,7/15/2024,1661,9300,16.65,3,Active
WELL_020,Delta-T-20,Niger Delta Offshore,7/16/2024,1625,9109,16.67,3,Active
WELL_020,Delta-T-20,Niger Delta Onshore,7/17/2024,1660,9252,16.69,3,Active
WELL_020,Delta-T-20,Niger Delta Offshore,7/18/2024,1074,6227,16.71,6,Maintenance
WELL_020,Delta-T-20,Niger Delta Offshore,7/19/2024,1618,9231,16.73,3,Active
WELL_020,Delta-T-20,Niger Delta Onshore,7/20/2024,515,2465,16.76,13,Failed
WELL_020,Delta-T-20,Niger Delta Onshore,7/21/2024,1632,9167,16.78,3,Active
WELL_020,Delta-T-20,Niger Delta Offshore,7/22/2024,1620,9211,16.81,1,Active
WELL_020,Delta-T-20,Niger Delta Onshore,7/23/2024,252,1511,16.82,18,Failed
WELL_020,Delta-T-20,Niger Delta Onshore,7/24/2024,1108,6313,16.87,9,Maintenance
WELL_020,Delta-T-20,Niger Delta Onshore,7/25/2024,1599,9179,16.89,1,Active
WELL_020,Delta-T-20,Niger Delta Onshore,7/26/2024,1041,6384,16.9,9,Maintenance
WELL_020,Delta-T-20,Niger Delta Offshore,7/27/2024,1554,9194,16.93,2,Active
WELL_020,Delta-T-20,Niger Delta Offshore,7/28/2024,1558,9175,16.98,1,Active
WELL_020,Delta-T-20,Niger Delta Offshore,7/29/2024,1554,9097,17.02,0,Active
WELL_020,Delta-T-20,Niger Delta Onshore,7/30/2024,1607,9211,17.06,0,Active
WELL_020,Delta-T-20,Niger Delta Offshore,7/31/2024,1636,9082,17.1,3,Active
WELL_020,Delta-T-20,Niger Delta Onshore,8/1/2024,1644,9131,17.11,1,Active
WELL_020,Delta-T-20,Niger Delta Onshore,8/2/2024,1630,9200,17.12,2,Active
WELL_020,Delta-T-20,Niger Delta Offshore,8/3/2024,1552,9141,17.14,0,Active
WELL_020,Delta-T-20,Niger Delta Offshore,8/4/2024,361,2459,17.17,17,Failed
WELL_020,Delta-T-20,Niger Delta Offshore,8/5/2024,1620,9104,17.19,3,Active
WELL_020,Delta-T-20,Niger Delta Onshore,8/6/2024,1088,6376,17.23,6,Maintenance
WELL_020,Delta-T-20,Niger Delta Onshore,8/7/2024,1051,6294,17.25,9,Maintenance
WELL_020,Delta-T-20,Niger Delta Offshore,8/8/2024,423,2066,17.26,20,Failed
WELL_020,Delta-T-20,Niger Delta Offshore,8/9/2024,1036,6237,17.3,9,Maintenance
WELL_020,Delta-T-20,Niger Delta Offshore,8/10/2024,1627,9055,17.33,1,Active
WELL_020,Delta-T-20,Niger Delta Onshore,8/11/2024,1583,9142,17.35,3,Active
WELL_020,Delta-T-20,Niger Delta Onshore,8/12/2024,1567,9084,17.38,3,Active
WELL_020,Delta-T-20,Niger Delta Offshore,8/13/2024,1548,9179,17.4,1,Active
WELL_020,Delta-T-20,Niger Delta Offshore,8/14/2024,1591,9113,17.44,2,Active
WELL_020,Delta-T-20,Niger Delta Offshore,8/15/2024,1545,9161,17.45,1,Active
WELL_020,Delta-T-20,Niger Delta Onshore,8/16/2024,1575,9079,17.5,0,Active
WELL_020,Delta-T-20,Niger Delta Offshore,8/17/2024,1565,9132,17.52,3,Active
WELL_020,Delta-T-20,Niger Delta Offshore,8/18/2024,1067,6186,17.57,7,Maintenance
WELL_020,Delta-T-20,Niger Delta Onshore,8/19/2024,1597,9208,17.61,2,Active
WELL_020,Delta-T-20,Niger Delta Offshore,8/20/2024,445,1229,17.63,14,Failed
WELL_020,Delta-T-20,Niger Delta Offshore,8/21/2024,1616,9138,17.67,1,Active
WELL_020,Delta-T-20,Niger Delta Offshore,8/22/2024,1628,9117,17.7,0,Active
WELL_020,Delta-T-20,Niger Delta Offshore,8/23/2024,1593,9064,17.75,3,Active
WELL_020,Delta-T-20,Niger Delta Onshore,8/24/2024,1534,9194,17.76,2,Active
WELL_020,Delta-T-20,Niger Delta Onshore,8/25/2024,1578,9218,17.8,1,Active
WELL_020,Delta-T-20,Niger Delta Offshore,8/26/2024,1000,6294,17.81,4,Maintenance
WELL_020,Delta-T-20,Niger Delta Onshore,8/27/2024,1585,9052,17.86,3,Active
WELL_020,Delta-T-20,Niger Delta Onshore,8/28/2024,1611,9207,17.89,0,Active
WELL_020,Delta-T-20,Niger Delta Onshore,8/29/2024,1622,9154,17.94,2,Active
WELL_020,Delta-T-20,Niger Delta Offshore,8/30/2024,1539,9189,17.97,2,Active
WELL_020,Delta-T-20,Niger Delta Offshore,8/31/2024,1604,9101,18.01,0,Active
WELL_020,Delta-T-20,Niger Delta Offshore,9/1/2024,1545,9109,18.05,2,Active
WELL_020,Delta-T-20,Niger Delta Offshore,9/2/2024,1552,9188,18.09,3,Active
WELL_020,Delta-T-20,Niger Delta Onshore,9/3/2024,1551,9024,18.13,1,Active
WELL_020,Delta-T-20,Niger Delta Onshore,9/4/2024,1600,9195,18.15,1,Active
WELL_020,Delta-T-20,Niger Delta Offshore,9/5/2024,1057,6148,18.19,4,Maintenance
WELL_020,Delta-T-20,Niger Delta Offshore,9/6/2024,1564,9120,18.22,0,Active
WELL_020,Delta-T-20,Niger Delta Offshore,9/7/2024,51,352,18.25,21,Failed
WELL_020,Delta-T-20,Niger Delta Onshore,9/8/2024,1612,9058,18.27,1,Active
WELL_020,Delta-T-20,Niger Delta Onshore,9/9/2024,1568,9176,18.32,3,Active
WELL_020,Delta-T-20,Niger Delta Onshore,9/10/2024,1528,9020,18.35,3,Active
WELL_020,Delta-T-20,Niger Delta Offshore,9/11/2024,1595,9002,18.4,3,Active
WELL_020,Delta-T-20,Niger Delta Offshore,9/12/2024,1011,6217,18.42,7,Maintenance
WELL_020,Delta-T-20,Niger Delta Onshore,9/13/2024,1051,6188,18.45,5,Maintenance
WELL_020,Delta-T-20,Niger Delta Offshore,9/14/2024,1572,9111,18.49,1,Active
WELL_020,Delta-T-20,Niger Delta Offshore,9/15/2024,166,2190,18.52,21,Failed
WELL_020,Delta-T-20,Niger Delta Onshore,9/16/2024,500,1361,18.53,14,Failed
WELL_020,Delta-T-20,Niger Delta Onshore,9/17/2024,1566,9088,18.56,2,Active
WELL_020,Delta-T-20,Niger Delta Offshore,9/18/2024,1604,8979,18.6,2,Active
WELL_020,Delta-T-20,Niger Delta Offshore,9/19/2024,1567,9169,18.64,1,Active
WELL_020,Delta-T-20,Niger Delta Offshore,9/20/2024,1568,9148,18.68,1,Active
WELL_020,Delta-T-20,Niger Delta Offshore,9/21/2024,977,6174,18.71,7,Maintenance
WELL_020,Delta-T-20,Niger Delta Offshore,9/22/2024,984,6226,18.76,6,Maintenance
WELL_020,Delta-T-20,Niger Delta Offshore,9/23/2024,1525,9076,18.8,0,Active
WELL_020,Delta-T-20,Niger Delta Offshore,9/24/2024,1533,9019,18.85,3,Active
WELL_020,Delta-T-20,Niger Delta Onshore,9/25/2024,1048,6124,18.89,4,Maintenance
WELL_020,Delta-T-20,Niger Delta Offshore,9/26/2024,325,1276,18.92,18,Failed
WELL_020,Delta-T-20,Niger Delta Offshore,9/27/2024,1539,9060,18.96,1,Active
WELL_020,Delta-T-20,Niger Delta Onshore,9/28/2024,1064,6267,18.98,9,Maintenance
WELL_020,Delta-T-20,Niger Delta Onshore,9/29/2024,1601,9054,19.02,2,Active
WELL_020,Delta-T-20,Niger Delta Onshore,9/30/2024,1595,9114,19.03,0,Active
WELL_020,Delta-T-20,Niger Delta Onshore,10/1/2024,1573,9139,19.07,1,Active
WELL_020,Delta-T-20,Niger Delta Offshore,10/2/2024,1518,9039,19.08,3,Active
WELL_020,Delta-T-20,Niger Delta Offshore,10/3/2024,1502,9121,19.11,3,Active
WELL_020,Delta-T-20,Niger Delta Offshore,10/4/2024,1536,8998,19.13,2,Active
WELL_020,Delta-T-20,Niger Delta Offshore,10/5/2024,1581,9080,19.16,3,Active
WELL_020,Delta-T-20,Niger Delta Onshore,10/6/2024,1583,9081,19.2,2,Active
WELL_020,Delta-T-20,Niger Delta Offshore,10/7/2024,276,1379,19.23,10,Failed
WELL_020,Delta-T-20,Niger Delta Onshore,10/8/2024,1538,9056,19.28,3,Active
WELL_020,Delta-T-20,Niger Delta Offshore,10/9/2024,1529,9101,19.32,2,Active
WELL_020,Delta-T-20,Niger Delta Onshore,10/10/2024,1544,8955,19.34,0,Active
WELL_020,Delta-T-20,Niger Delta Offshore,10/11/2024,1584,8989,19.38,3,Active
WELL_020,Delta-T-20,Niger Delta Offshore,10/12/2024,1573,8939,19.41,3,Active
WELL_020,Delta-T-20,Niger Delta Onshore,10/13/2024,1563,9027,19.44,1,Active
WELL_020,Delta-T-20,Niger Delta Onshore,10/14/2024,426,2163,19.47,22,Failed
WELL_020,Delta-T-20,Niger Delta Offshore,10/15/2024,1583,8988,19.5,3,Active
WELL_020,Delta-T-20,Niger Delta Offshore,10/16/2024,961,6213,19.52,5,Maintenance
WELL_020,Delta-T-20,Niger Delta Onshore,10/17/2024,1508,9003,19.57,3,Active
WELL_020,Delta-T-20,Niger Delta Onshore,10/18/2024,1575,9022,19.61,0,Active
WELL_020,Delta-T-20,Niger Delta Onshore,10/19/2024,510,934,19.65,16,Failed
WELL_020,Delta-T-20,Niger Delta Offshore,10/20/2024,503,2133,19.68,18,Failed
WELL_020,Delta-T-20,Niger Delta Onshore,10/21/2024,1576,9070,19.72,1,Active
WELL_020,Delta-T-20,Niger Delta Offshore,10/22/2024,1583,8913,19.75,3,Active
WELL_020,Delta-T-20,Niger Delta Offshore,10/23/2024,1577,9053,19.77,2,Active
WELL_020,Delta-T-20,Niger Delta Onshore,10/24/2024,1550,8953,19.79,1,Active
WELL_020,Delta-T-20,Niger Delta Onshore,10/25/2024,1580,9017,19.83,1,Active
WELL_020,Delta-T-20,Niger Delta Onshore,10/26/2024,1026,6040,19.85,4,Maintenance
WELL_020,Delta-T-20,Niger Delta Offshore,10/27/2024,1519,8916,19.88,1,Active
WELL_020,Delta-T-20,Niger Delta Offshore,10/28/2024,1578,8903,19.91,0,Active
WELL_020,Delta-T-20,Niger Delta Onshore,10/29/2024,323,1289,19.96,10,Failed
WELL_020,Delta-T-20,Niger Delta Onshore,10/30/2024,1521,8965,19.98,1,Active
WELL_020,Delta-T-20,Niger Delta Onshore,10/31/2024,1560,9016,20.01,1,Active
WELL_020,Delta-T-20,Niger Delta Offshore,11/1/2024,1481,9020,20.03,2,Active
WELL_020,Delta-T-20,Niger Delta Onshore,11/2/2024,1570,8922,20.05,3,Active
WELL_020,Delta-T-20,Niger Delta Onshore,11/3/2024,129,1916,20.09,16,Failed
WELL_020,Delta-T-20,Niger Delta Offshore,11/4/2024,1541,8923,20.12,2,Active
WELL_020,Delta-T-20,Niger Delta Offshore,11/5/2024,1549,8966,20.14,1,Active
WELL_020,Delta-T-20,Niger Delta Onshore,11/6/2024,1547,9066,20.18,1,Active
WELL_020,Delta-T-20,Niger Delta Offshore,11/7/2024,1480,8972,20.19,3,Active
WELL_020,Delta-T-20,Niger Delta Offshore,11/8/2024,1476,8962,20.2,2,Active
WELL_020,Delta-T-20,Niger Delta Onshore,11/9/2024,1481,8986,20.23,0,Active
WELL_020,Delta-T-20,Niger Delta Onshore,11/10/2024,1559,8944,20.24,1,Active
WELL_020,Delta-T-20,Niger Delta Onshore,11/11/2024,1521,9005,20.28,0,Active
WELL_020,Delta-T-20,Niger Delta Onshore,11/12/2024,980,6112,20.32,8,Maintenance
WELL_020,Delta-T-20,Niger Delta Onshore,11/13/2024,1489,9019,20.35,0,Active
WELL_020,Delta-T-20,Niger Delta Onshore,11/14/2024,1481,8907,20.37,2,Active
WELL_020,Delta-T-20,Niger Delta Onshore,11/15/2024,1515,8942,20.4,1,Active
WELL_020,Delta-T-20,Niger Delta Onshore,11/16/2024,1525,9018,20.45,1,Active
WELL_020,Delta-T-20,Niger Delta Onshore,11/17/2024,1000,6119,20.5,4,Maintenance
WELL_020,Delta-T-20,Niger Delta Offshore,11/18/2024,1505,8868,20.53,2,Active
WELL_020,Delta-T-20,Niger Delta Offshore,11/19/2024,1550,9046,20.57,2,Active
WELL_020,Delta-T-20,Niger Delta Onshore,11/20/2024,1546,8853,20.61,2,Active
WELL_020,Delta-T-20,Niger Delta Onshore,11/21/2024,1516,8992,20.64,2,Active
WELL_020,Delta-T-20,Niger Delta Offshore,11/22/2024,1513,8939,20.66,3,Active
WELL_020,Delta-T-20,Niger Delta Offshore,11/23/2024,1527,8934,20.71,0,Active
WELL_020,Delta-T-20,Niger Delta Offshore,11/24/2024,1488,8902,20.73,0,Active
WELL_020,Delta-T-20,Niger Delta Onshore,11/25/2024,1542,8969,20.76,1,Active
WELL_020,Delta-T-20,Niger Delta Offshore,11/26/2024,1501,8976,20.77,0,Active
WELL_020,Delta-T-20,Niger Delta Offshore,11/27/2024,1500,8959,20.82,1,Active
WELL_020,Delta-T-20,Niger Delta Onshore,11/28/2024,1546,8892,20.84,3,Active
WELL_020,Delta-T-20,Niger Delta Offshore,11/29/2024,1502,8993,20.87,3,Active
WELL_020,Delta-T-20,Niger Delta Onshore,11/30/2024,1476,8943,20.91,0,Active
WELL_020,Delta-T-20,Niger Delta Offshore,12/1/2024,1520,8863,20.94,0,Active
WELL_020,Delta-T-20,Niger Delta Offshore,12/2/2024,1542,8875,20.95,2,Active
WELL_020,Delta-T-20,Niger Delta Offshore,12/3/2024,1498,8921,20.96,1,Active
WELL_020,Delta-T-20,Niger Delta Offshore,12/4/2024,1540,8895,20.99,3,Active
WELL_020,Delta-T-20,Niger Delta Offshore,12/5/2024,1541,8921,21.03,0,Active
WELL_020,Delta-T-20,Niger Delta Onshore,12/6/2024,1527,8841,21.06,1,Active
WELL_020,Delta-T-20,Niger Delta Onshore,12/7/2024,941,6012,21.11,6,Maintenance
WELL_020,Delta-T-20,Niger Delta Offshore,12/8/2024,131,597,21.15,11,Failed
WELL_020,Delta-T-20,Niger Delta Offshore,12/9/2024,1477,8883,21.19,0,Active
WELL_020,Delta-T-20,Niger Delta Offshore,12/10/2024,939,5961,21.23,6,Maintenance
WELL_020,Delta-T-20,Niger Delta Offshore,12/11/2024,500,1264,21.24,20,Failed
WELL_020,Delta-T-20,Niger Delta Onshore,12/12/2024,1499,8822,21.28,1,Active
WELL_020,Delta-T-20,Niger Delta Onshore,12/13/2024,1450,8980,21.32,3,Active
WELL_020,Delta-T-20,Niger Delta Onshore,12/14/2024,427,1217,21.36,23,Failed
WELL_020,Delta-T-20,Niger Delta Offshore,12/15/2024,1538,8875,21.4,0,Active
WELL_020,Delta-T-20,Niger Delta Offshore,12/16/2024,1473,8804,21.43,2,Active
WELL_020,Delta-T-20,Niger Delta Offshore,12/17/2024,473,2801,21.45,12,Failed
WELL_020,Delta-T-20,Niger Delta Onshore,12/18/2024,1469,8879,21.49,2,Active
WELL_020,Delta-T-20,Niger Delta Offshore,12/19/2024,1448,8842,21.51,3,Active
WELL_020,Delta-T-20,Niger Delta Offshore,12/20/2024,168,2155,21.52,17,Failed
WELL_020,Delta-T-20,Niger Delta Offshore,12/21/2024,523,271,21.53,21,Failed
WELL_020,Delta-T-20,Niger Delta Offshore,12/22/2024,1437,8814,21.56,1,Active
WELL_020,Delta-T-20,Niger Delta Onshore,12/23/2024,968,5917,21.58,8,Maintenance
WELL_020,Delta-T-20,Niger Delta Offshore,12/24/2024,1474,8845,21.6,1,Active
WELL_020,Delta-T-20,Niger Delta Onshore,12/25/2024,1436,8808,21.62,0,Active
WELL_020,Delta-T-20,Niger Delta Onshore,12/26/2024,1526,8930,21.64,1,Active
WELL_020,Delta-T-20,Niger Delta Offshore,12/27/2024,1486,8939,21.69,0,Active
WELL_020,Delta-T-20,Niger Delta Onshore,12/28/2024,978,5941,21.74,9,Maintenance
WELL_020,Delta-T-20,Niger Delta Onshore,12/29/2024,1430,8802,21.76,0,Active
WELL_020,Delta-T-20,Niger Delta Onshore,12/30/2024,1499,8940,21.79,2,Active
WELL_020,Delta-T-20,Niger Delta Onshore,12/31/2024,1496,8844,21.82,2,Active
WELL_020,Delta-T-20,Niger Delta Offshore,1/1/2025,1465,8837,21.86,1,Active
WELL_020,Delta-T-20,Niger Delta Onshore,1/2/2025,938,5914,21.88,5,Maintenance
WELL_020,Delta-T-20,Niger Delta Offshore,1/3/2025,1459,8927,21.92,3,Active
WELL_020,Delta-T-20,Niger Delta Onshore,1/4/2025,1486,8895,21.96,3,Active
WELL_020,Delta-T-20,Niger Delta Onshore,1/5/2025,1495,8878,21.98,0,Active
WELL_020,Delta-T-20,Niger Delta Onshore,1/6/2025,1495,8822,22.02,0,Active
WELL_020,Delta-T-20,Niger Delta Offshore,1/7/2025,1431,8767,22.06,1,Active
WELL_020,Delta-T-20,Niger Delta Offshore,1/8/2025,933,6051,22.1,5,Maintenance
WELL_020,Delta-T-20,Niger Delta Onshore,1/9/2025,1431,8782,22.13,2,Active
WELL_020,Delta-T-20,Niger Delta Onshore,1/10/2025,1459,8767,22.17,1,Active
WELL_020,Delta-T-20,Niger Delta Offshore,1/11/2025,897,6035,22.18,5,Maintenance
WELL_020,Delta-T-20,Niger Delta Offshore,1/12/2025,1442,8851,22.23,0,Active
WELL_020,Delta-T-20,Niger Delta Onshore,1/13/2025,1483,8751,22.24,0,Active
WELL_020,Delta-T-20,Niger Delta Offshore,1/14/2025,1481,8793,22.28,0,Active
WELL_020,Delta-T-20,Niger Delta Offshore,1/15/2025,1449,8918,22.32,0,Active
WELL_020,Delta-T-20,Niger Delta Onshore,1/16/2025,1486,8913,22.33,1,Active
WELL_020,Delta-T-20,Niger Delta Offshore,1/17/2025,955,5945,22.35,7,Maintenance
WELL_020,Delta-T-20,Niger Delta Offshore,1/18/2025,916,5925,22.37,4,Maintenance
WELL_020,Delta-T-20,Niger Delta Offshore,1/19/2025,908,5884,22.42,9,Maintenance
WELL_020,Delta-T-20,Niger Delta Onshore,1/20/2025,1413,8805,22.44,0,Active
WELL_020,Delta-T-20,Niger Delta Onshore,1/21/2025,1458,8745,22.48,1,Active
WELL_020,Delta-T-20,Niger Delta Offshore,1/22/2025,1452,8874,22.51,2,Active
WELL_020,Delta-T-20,Niger Delta Onshore,1/23/2025,182,2811,22.55,17,Failed
WELL_020,Delta-T-20,Niger Delta Offshore,1/24/2025,1486,8855,22.57,1,Active
WELL_020,Delta-T-20,Niger Delta Onshore,1/25/2025,1425,8845,22.58,1,Active
WELL_020,Delta-T-20,Niger Delta Onshore,1/26/2025,1415,8804,22.6,1,Active
WELL_020,Delta-T-20,Niger Delta Onshore,1/27/2025,1409,8860,22.64,2,Active
WELL_020,Delta-T-20,Niger Delta Onshore,1/28/2025,1406,8796,22.66,1,Active
WELL_020,Delta-T-20,Niger Delta Onshore,1/29/2025,1468,8901,22.69,0,Active
WELL_020,Delta-T-20,Niger Delta Offshore,1/30/2025,1444,8812,22.71,2,Active
WELL_020,Delta-T-20,Niger Delta Offshore,1/31/2025,1405,8757,22.73,2,Active
WELL_020,Delta-T-20,Niger Delta Onshore,2/1/2025,1409,8810,22.74,1,Active
WELL_020,Delta-T-20,Niger Delta Offshore,2/2/2025,1419,8883,22.78,3,Active
WELL_020,Delta-T-20,Niger Delta Onshore,2/3/2025,1418,8801,22.83,2,Active
WELL_020,Delta-T-20,Niger Delta Offshore,2/4/2025,1429,8718,22.87,2,Active
WELL_020,Delta-T-20,Niger Delta Offshore,2/5/2025,1446,8788,22.9,1,Active
WELL_020,Delta-T-20,Niger Delta Offshore,2/6/2025,929,5987,22.94,9,Maintenance
WELL_020,Delta-T-20,Niger Delta Onshore,2/7/2025,165,1024,22.95,22,Failed
WELL_020,Delta-T-20,Niger Delta Onshore,2/8/2025,1481,8868,22.98,1,Active
WELL_020,Delta-T-20,Niger Delta Offshore,2/9/2025,1446,8742,22.99,2,Active
WELL_020,Delta-T-20,Niger Delta Onshore,2/10/2025,1446,8711,23,1,Active
WELL_020,Delta-T-20,Niger Delta Offshore,2/11/2025,1413,8879,23.03,1,Active
WELL_020,Delta-T-20,Niger Delta Onshore,2/12/2025,1488,8821,23.07,2,Active
WELL_020,Delta-T-20,Niger Delta Onshore,2/13/2025,1413,8779,23.11,0,Active
WELL_020,Delta-T-20,Niger Delta Onshore,2/14/2025,1414,8729,23.12,0,Active
WELL_020,Delta-T-20,Niger Delta Offshore,2/15/2025,1484,8829,23.15,3,Active
WELL_020,Delta-T-20,Niger Delta Offshore,2/16/2025,1399,8760,23.16,2,Active
WELL_020,Delta-T-20,Niger Delta Offshore,2/17/2025,1468,8741,23.18,3,Active
WELL_020,Delta-T-20,Niger Delta Offshore,2/18/2025,401,611,23.21,15,Failed
WELL_020,Delta-T-20,Niger Delta Onshore,2/19/2025,916,5900,23.25,5,Maintenance
WELL_020,Delta-T-20,Niger Delta Offshore,2/20/2025,1469,8700,23.28,1,Active
WELL_020,Delta-T-20,Niger Delta Onshore,2/21/2025,1462,8793,23.31,1,Active
WELL_020,Delta-T-20,Niger Delta Onshore,2/22/2025,1417,8847,23.36,3,Active
WELL_020,Delta-T-20,Niger Delta Offshore,2/23/2025,1460,8825,23.4,0,Active
WELL_020,Delta-T-20,Niger Delta Offshore,2/24/2025,1449,8757,23.42,1,Active
WELL_020,Delta-T-20,Niger Delta Onshore,2/25/2025,1435,8820,23.44,2,Active
WELL_020,Delta-T-20,Niger Delta Onshore,2/26/2025,1448,8751,23.48,3,Active
WELL_020,Delta-T-20,Niger Delta Offshore,2/27/2025,921,5894,23.51,7,Maintenance
WELL_020,Delta-T-20,Niger Delta Onshore,2/28/2025,1436,8785,23.56,3,Active
WELL_020,Delta-T-20,Niger Delta Onshore,3/1/2025,1383,8834,23.59,3,Active
WELL_020,Delta-T-20,Niger Delta Onshore,3/2/2025,1416,8829,23.62,0,Active
WELL_020,Delta-T-20,Niger Delta Onshore,3/3/2025,1382,8643,23.67,1,Active
WELL_020,Delta-T-20,Niger Delta Offshore,3/4/2025,1457,8763,23.71,0,Active
WELL_020,Delta-T-20,Niger Delta Onshore,3/5/2025,241,2729,23.76,12,Failed
WELL_020,Delta-T-20,Niger Delta Offshore,3/6/2025,1388,8783,23.79,3,Active
WELL_020,Delta-T-20,Niger Delta Offshore,3/7/2025,1381,8770,23.83,0,Active
WELL_020,Delta-T-20,Niger Delta Offshore,3/8/2025,1383,8790,23.84,1,Active
WELL_020,Delta-T-20,Niger Delta Onshore,3/9/2025,1450,8644,23.88,1,Active
WELL_020,Delta-T-20,Niger Delta Onshore,3/10/2025,1391,8648,23.9,2,Active
WELL_020,Delta-T-20,Niger Delta Onshore,3/11/2025,1415,8787,23.91,0,Active
WELL_020,Delta-T-20,Niger Delta Offshore,3/12/2025,1387,8803,23.93,1,Active
WELL_020,Delta-T-20,Niger Delta Offshore,3/13/2025,1376,8659,23.98,3,Active
WELL_020,Delta-T-20,Niger Delta Onshore,3/14/2025,1432,8739,23.99,3,Active
WELL_020,Delta-T-20,Niger Delta Offshore,3/15/2025,1401,8703,24.02,1,Active
WELL_020,Delta-T-20,Niger Delta Offshore,3/16/2025,1369,8800,24.04,2,Active
WELL_020,Delta-T-20,Niger Delta Offshore,3/17/2025,1449,8740,24.08,2,Active
WELL_020,Delta-T-20,Niger Delta Offshore,3/18/2025,1429,8692,24.11,1,Active
WELL_020,Delta-T-20,Niger Delta Onshore,3/19/2025,66,626,24.15,11,Failed
WELL_020,Delta-T-20,Niger Delta Offshore,3/20/2025,898,5886,24.17,9,Maintenance
WELL_020,Delta-T-20,Niger Delta Onshore,3/21/2025,1433,8755,24.19,3,Active
WELL_020,Delta-T-20,Niger Delta Onshore,3/22/2025,915,5923,24.21,9,Maintenance
WELL_020,Delta-T-20,Niger Delta Onshore,3/23/2025,1438,8675,24.25,2,Active
WELL_020,Delta-T-20,Niger Delta Onshore,3/24/2025,1437,8744,24.29,0,Active
WELL_020,Delta-T-20,Niger Delta Onshore,3/25/2025,1398,8745,24.31,1,Active
WELL_020,Delta-T-20,Niger Delta Onshore,3/26/2025,1403,8789,24.34,0,Active
WELL_020,Delta-T-20,Niger Delta Offshore,3/27/2025,1386,8596,24.37,2,Active
WELL_020,Delta-T-20,Niger Delta Offshore,3/28/2025,1446,8751,24.39,0,Active
WELL_020,Delta-T-20,Niger Delta Offshore,3/29/2025,67,224,24.4,14,Failed
WELL_020,Delta-T-20,Niger Delta Offshore,3/30/2025,1415,8728,24.44,1,Active
WELL_020,Delta-T-20,Niger Delta Onshore,3/31/2025,1430,8591,24.48,0,Active
WELL_020,Delta-T-20,Niger Delta Offshore,4/1/2025,1428,8696,24.52,1,Active
WELL_020,Delta-T-20,Niger Delta Onshore,4/2/2025,1386,8625,24.56,1,Active
WELL_020,Delta-T-20,Niger Delta Offshore,4/3/2025,1381,8662,24.61,2,Active
WELL_020,Delta-T-20,Niger Delta Offshore,4/4/2025,1391,8728,24.64,2,Active
WELL_020,Delta-T-20,Niger Delta Offshore,4/5/2025,900,5885,24.68,5,Maintenance
WELL_020,Delta-T-20,Niger Delta Offshore,4/6/2025,43,1185,24.69,19,Failed
WELL_020,Delta-T-20,Niger Delta Onshore,4/7/2025,915,5713,24.74,4,Maintenance
WELL_020,Delta-T-20,Niger Delta Offshore,4/8/2025,1443,8713,24.78,3,Active
WELL_020,Delta-T-20,Niger Delta Offshore,4/9/2025,1379,8748,24.81,0,Active
WELL_020,Delta-T-20,Niger Delta Offshore,4/10/2025,868,5782,24.85,9,Maintenance
WELL_020,Delta-T-20,Niger Delta Onshore,4/11/2025,832,5884,24.88,8,Maintenance
WELL_020,Delta-T-20,Niger Delta Offshore,4/12/2025,68,2340,24.93,18,Failed
WELL_020,Delta-T-20,Niger Delta Onshore,4/13/2025,1441,8649,24.94,0,Active
WELL_020,Delta-T-20,Niger Delta Offshore,4/14/2025,840,5818,24.97,6,Maintenance
WELL_020,Delta-T-20,Niger Delta Offshore,4/15/2025,1436,8590,25.02,3,Active
WELL_020,Delta-T-20,Niger Delta Offshore,4/16/2025,375,2703,25.06,13,Failed
WELL_020,Delta-T-20,Niger Delta Onshore,4/17/2025,1384,8648,25.08,3,Active
WELL_020,Delta-T-20,Niger Delta Offshore,4/18/2025,1359,8561,25.11,1,Active
WELL_020,Delta-T-20,Niger Delta Onshore,4/19/2025,1419,8608,25.13,1,Active
WELL_020,Delta-T-20,Niger Delta Onshore,4/20/2025,1364,8651,25.18,2,Active
WELL_020,Delta-T-20,Niger Delta Onshore,4/21/2025,1381,8659,25.2,0,Active
WELL_020,Delta-T-20,Niger Delta Onshore,4/22/2025,811,5802,25.23,6,Maintenance
WELL_020,Delta-T-20,Niger Delta Onshore,4/23/2025,1345,8709,25.27,1,Active
WELL_020,Delta-T-20,Niger Delta Offshore,4/24/2025,1344,8656,25.32,1,Active
WELL_020,Delta-T-20,Niger Delta Offshore,4/25/2025,1367,8557,25.34,0,Active
WELL_020,Delta-T-20,Niger Delta Onshore,4/26/2025,1411,8594,25.37,0,Active
WELL_020,Delta-T-20,Niger Delta Offshore,4/27/2025,1390,8652,25.38,1,Active
WELL_020,Delta-T-20,Niger Delta Offshore,4/28/2025,1421,8658,25.42,3,Active
WELL_020,Delta-T-20,Niger Delta Onshore,4/29/2025,817,5688,25.45,7,Maintenance
WELL_020,Delta-T-20,Niger Delta Offshore,4/30/2025,1345,8658,25.48,2,Active
WELL_020,Delta-T-20,Niger Delta Offshore,5/1/2025,1360,8713,25.51,3,Active
WELL_020,Delta-T-20,Niger Delta Onshore,5/2/2025,889,5678,25.54,4,Maintenance
WELL_020,Delta-T-20,Niger Delta Offshore,5/3/2025,1360,8661,25.58,0,Active
WELL_020,Delta-T-20,Niger Delta Offshore,5/4/2025,358,1299,25.6,19,Failed
WELL_020,Delta-T-20,Niger Delta Offshore,5/5/2025,525,617,25.64,21,Failed
WELL_020,Delta-T-20,Niger Delta Onshore,5/6/2025,1,1279,25.66,23,Failed
WELL_020,Delta-T-20,Niger Delta Offshore,5/7/2025,1392,8534,25.67,0,Active
WELL_020,Delta-T-20,Niger Delta Onshore,5/8/2025,1390,8552,25.7,0,Active
WELL_020,Delta-T-20,Niger Delta Onshore,5/9/2025,1330,8528,25.74,3,Active
WELL_020,Delta-T-20,Niger Delta Offshore,5/10/2025,1405,8566,25.76,2,Active
WELL_020,Delta-T-20,Niger Delta Onshore,5/11/2025,888,5692,25.77,8,Maintenance
WELL_020,Delta-T-20,Niger Delta Offshore,5/12/2025,803,5807,25.8,4,Maintenance
WELL_020,Delta-T-20,Niger Delta Onshore,5/13/2025,1350,8626,25.83,1,Active
WELL_020,Delta-T-20,Niger Delta Onshore,5/14/2025,371,1505,25.85,14,Failed
